-- phpMyAdmin SQL Dump
-- version 5.0.1
-- https://www.phpmyadmin.net/
--
-- Host: 127.0.0.1
-- Generation Time: Sep 29, 2021 at 04:27 PM
-- Server version: 10.4.11-MariaDB
-- PHP Version: 7.4.3

SET SQL_MODE = "NO_AUTO_VALUE_ON_ZERO";
SET AUTOCOMMIT = 0;
START TRANSACTION;
SET time_zone = "+00:00";


/*!40101 SET @OLD_CHARACTER_SET_CLIENT=@@CHARACTER_SET_CLIENT */;
/*!40101 SET @OLD_CHARACTER_SET_RESULTS=@@CHARACTER_SET_RESULTS */;
/*!40101 SET @OLD_COLLATION_CONNECTION=@@COLLATION_CONNECTION */;
/*!40101 SET NAMES utf8mb4 */;

--
-- Database: `alphaware`
--
CREATE DATABASE IF NOT EXISTS `alphaware` DEFAULT CHARACTER SET utf8mb4 COLLATE utf8mb4_general_ci;
USE `alphaware`;

-- --------------------------------------------------------

--
-- Table structure for table `admin`
--

CREATE TABLE `admin` (
  `adminid` int(11) NOT NULL,
  `username` varchar(20) NOT NULL,
  `password` varchar(20) NOT NULL
) ENGINE=InnoDB DEFAULT CHARSET=latin1;

--
-- Dumping data for table `admin`
--

INSERT INTO `admin` (`adminid`, `username`, `password`) VALUES
(1, 'admin', 'admin');

-- --------------------------------------------------------

--
-- Table structure for table `contact`
--

CREATE TABLE `contact` (
  `contact_id` int(11) NOT NULL,
  `email` varchar(50) NOT NULL,
  `message` varchar(1000) NOT NULL
) ENGINE=InnoDB DEFAULT CHARSET=latin1;

-- --------------------------------------------------------

--
-- Table structure for table `customer`
--

CREATE TABLE `customer` (
  `customerid` int(11) NOT NULL,
  `firstname` varchar(50) NOT NULL,
  `mi` varchar(1) NOT NULL,
  `lastname` varchar(50) NOT NULL,
  `address` varchar(100) NOT NULL,
  `country` varchar(50) NOT NULL,
  `zipcode` varchar(20) NOT NULL,
  `mobile` varchar(20) NOT NULL,
  `telephone` varchar(20) NOT NULL,
  `email` varchar(50) NOT NULL,
  `password` varchar(50) NOT NULL
) ENGINE=InnoDB DEFAULT CHARSET=latin1;

--
-- Dumping data for table `customer`
--

INSERT INTO `customer` (`customerid`, `firstname`, `mi`, `lastname`, `address`, `country`, `zipcode`, `mobile`, `telephone`, `email`, `password`) VALUES
(1, 'Adewale', 'S', 'Opeyemi', '5,Okesalu street', 'eeeee', '9090', '08148385009', '12222', 'test@gmail.com', 'test');

-- --------------------------------------------------------

--
-- Table structure for table `product`
--

CREATE TABLE `product` (
  `product_id` int(11) NOT NULL,
  `product_name` varchar(50) NOT NULL,
  `product_price` varchar(50) NOT NULL,
  `product_size` varchar(50) NOT NULL,
  `product_image` varchar(500) NOT NULL,
  `brand` varchar(100) NOT NULL,
  `category` varchar(50) NOT NULL
) ENGINE=InnoDB DEFAULT CHARSET=latin1;

--
-- Dumping data for table `product`
--

INSERT INTO `product` (`product_id`, `product_name`, `product_price`, `product_size`, `product_image`, `brand`, `category`) VALUES
(3, 'Nike Air Max Neon', '12000', '7', '1141103372nike15.jpg', 'Nike', 'basketball'),
(4, 'Nike Air Max Green', '12000', '8', '832975975nike5.jpg', 'Nike', 'basketball'),
(6, 'Adidas Gent', '13000', '9', '13634363832010-Adidas-Men-Basketball-Shoes-2.jpg', 'Adidas', 'basketball'),
(7, 'Adidas 599 LRG', '15000', '8', '872686791Adidas Basketball Shoes 599_LRG.jpg', 'Adidas', 'basketball'),
(8, 'Lebron 11 Siver', '18000', '8', '124030907nike13.jpg', 'Nike', 'basketball'),
(9, 'Adidas Adizero Black', '18000', '10', '14237873113-adidas-Rose-Dominate-Adizero-shoes.jpg', 'Adidas', 'basketball'),
(10, 'Adidas Adizero Blue', '18000', '10', '1024158586Adidas_Rose_Shoes_009.jpg', 'Adidas', 'basketball'),
(11, 'Lebron 11 Red', '18000', '9', '567507982nike10.jpg', 'Nike', 'basketball'),
(13, 'Nike Hypervenom', '10000', '12', '1312216564nike-hypervenoms-customize-fg-2015-outlet-neymar-colors-soccer-shoes-professional.jpg', 'Nike', 'football'),
(14, 'Nike C Lou Generation', '12000', '11', '533123642013_Discount_Nike_C_Luo_9_Generation_Online_Blue_Green.jpg', 'Nike', 'football'),
(15, 'Nike Mercurial Vapor 7 Superfly II FG Lightning', '12000', '12', '1157463277Nike-Mercurial-Vapor-7-Superfly-III-FG-Lightning-Soccer-Shoes-Fluorescent-Yellow-Black.jpg', 'Nike', 'football'),
(16, 'Nike Magista Obra', '12000', '9', '335092704Cheap-Nike-Magista-Obra-.jpg', 'Nike', 'football'),
(17, 'Adidas Chaussures', '12000', '8', '697721412chaussures001.jpg', 'Adidas', 'football'),
(19, 'Nike Flyknit Lunar Green Blue', '8000', '9', '745184160Nike_Nike_Flyknit_Lunar_2_Mens_Fluorescent_Green_Blue_Running_Shoes_2015_Outlet.jpg', 'Nike', 'Running'),
(20, 'Nike Flyknit Lunar Sea Blue', '8000', '10', '1239262802Nike_Nike_Flyknit_Lunar_2_Mens_Sky_Blue_Sea_Blue_Running_Shoes_2015_Cheap.jpg', 'Nike', 'Running'),
(21, 'Nike Flyknit Green', '8000', '12', '470680173flyknit.jpg', 'Nike', 'Running'),
(26, 'Nike Hypervenom Phantom', '15000', '8', '15416832542014-Nike-Hypervenom-Phantom-FG-Red-Fluorescent-Yellow.jpg', 'Nike', 'football'),
(28, 'Adidas Adizero Red', '18000', '9', '153564340adidas-all-star-basketball-shoes-adizero-shadow.jpg', 'Adidas', 'basketball'),
(29, 'Adidas Gents', '10000', '9', '14124685402-Adidas-gents-shoes-collection-2015-01.jpg', 'Adidas', 'Running'),
(30, 'Nike Flyknit Gray & Pink', '8000', '11', '948731815nw1.jpg', 'Nike', 'Running'),
(31, 'Reebok Zigtech Shake', '10000', '10', '245113227reebok-zigtech-shake-running-shoes-offer-lemonstore-1405-13-lemonstore@1.jpg', 'Reebok', 'Running'),
(157, 'Reebok Blast', '10000', '9', '547866585reebok-blast-profile.jpg', 'Reebok', 'feature'),
(21561, 'Lebron 11 ', '15000', '10', '1125171488heat-lebron-11-17.jpg', 'Nike', 'feature'),
(51292, 'Adidas Adizero F50', '10000', '10', '1272267959adizero-F50-FG.jpg', 'Adidas', 'feature'),
(358159, 'Flyknit 360', '8000', '8', '40329068flyknit.jpg', 'Nike', 'feature'),
(431860, 'Nike Hypervenom Neymar Jr.', '12000', '9', '852236910hypervenom.png', 'Nike', 'feature'),
(961461, 'Adidas Bounce Titan', '9000', '9', '367527167Rabatt_Prezzo_Ridotto_Adidas_Bounce_Titan_Herren_White_Schwarz_Running_Sho_Online.jpg', 'Adidas', 'feature');

-- --------------------------------------------------------

--
-- Table structure for table `stock`
--

CREATE TABLE `stock` (
  `stock_id` int(11) NOT NULL,
  `product_id` int(11) NOT NULL,
  `qty` int(11) NOT NULL
) ENGINE=MyISAM DEFAULT CHARSET=latin1;

--
-- Dumping data for table `stock`
--

INSERT INTO `stock` (`stock_id`, `product_id`, `qty`) VALUES
(1, 71339, 20),
(2, 82631, 30),
(3, 3, 20),
(4, 4, 20),
(5, 6, 20),
(6, 7, 20),
(7, 8, 20),
(8, 9, 20),
(9, 10, 19),
(10, 11, 23),
(11, 13, 20),
(12, 14, 20),
(13, 15, 20),
(14, 16, 20),
(15, 17, 20),
(16, 19, 20),
(17, 20, 20),
(18, 21, 20),
(19, 26, 13),
(20, 28, 20),
(21, 29, 18),
(22, 30, 20),
(23, 31, 20),
(26, 431860, 40),
(27, 21561, 30),
(28, 358159, 30),
(29, 157, 25),
(30, 51292, 20),
(31, 961461, 10);

-- --------------------------------------------------------

--
-- Table structure for table `transaction`
--

CREATE TABLE `transaction` (
  `transaction_id` int(11) NOT NULL,
  `customerid` int(11) NOT NULL,
  `amount` int(11) NOT NULL,
  `order_stat` varchar(100) NOT NULL,
  `order_date` varchar(50) NOT NULL
) ENGINE=InnoDB DEFAULT CHARSET=latin1;

--
-- Dumping data for table `transaction`
--

INSERT INTO `transaction` (`transaction_id`, `customerid`, `amount`, `order_stat`, `order_date`) VALUES
(28, 1, 20000, 'ON HOLD', 'Jul 16, 2021'),
(44029, 0, 24000, 'ON HOLD', 'Jul 16, 2021');

-- --------------------------------------------------------

--
-- Table structure for table `transaction_detail`
--

CREATE TABLE `transaction_detail` (
  `transacton_detail_id` int(11) NOT NULL,
  `product_id` int(11) NOT NULL,
  `order_qty` int(11) NOT NULL,
  `transaction_id` int(11) NOT NULL
) ENGINE=MyISAM DEFAULT CHARSET=latin1;

--
-- Dumping data for table `transaction_detail`
--

INSERT INTO `transaction_detail` (`transacton_detail_id`, `product_id`, `order_qty`, `transaction_id`) VALUES
(1, 358159, 1, 28),
(2, 431860, 1, 28),
(3, 431860, 2, 44029);

--
-- Indexes for dumped tables
--

--
-- Indexes for table `admin`
--
ALTER TABLE `admin`
  ADD PRIMARY KEY (`adminid`);

--
-- Indexes for table `contact`
--
ALTER TABLE `contact`
  ADD PRIMARY KEY (`contact_id`);

--
-- Indexes for table `customer`
--
ALTER TABLE `customer`
  ADD PRIMARY KEY (`customerid`);

--
-- Indexes for table `product`
--
ALTER TABLE `product`
  ADD PRIMARY KEY (`product_id`);

--
-- Indexes for table `stock`
--
ALTER TABLE `stock`
  ADD PRIMARY KEY (`stock_id`);

--
-- Indexes for table `transaction`
--
ALTER TABLE `transaction`
  ADD PRIMARY KEY (`transaction_id`);

--
-- Indexes for table `transaction_detail`
--
ALTER TABLE `transaction_detail`
  ADD PRIMARY KEY (`transacton_detail_id`);

--
-- AUTO_INCREMENT for dumped tables
--

--
-- AUTO_INCREMENT for table `admin`
--
ALTER TABLE `admin`
  MODIFY `adminid` int(11) NOT NULL AUTO_INCREMENT, AUTO_INCREMENT=2;

--
-- AUTO_INCREMENT for table `contact`
--
ALTER TABLE `contact`
  MODIFY `contact_id` int(11) NOT NULL AUTO_INCREMENT;

--
-- AUTO_INCREMENT for table `customer`
--
ALTER TABLE `customer`
  MODIFY `customerid` int(11) NOT NULL AUTO_INCREMENT, AUTO_INCREMENT=2;

--
-- AUTO_INCREMENT for table `stock`
--
ALTER TABLE `stock`
  MODIFY `stock_id` int(11) NOT NULL AUTO_INCREMENT, AUTO_INCREMENT=32;

--
-- AUTO_INCREMENT for table `transaction_detail`
--
ALTER TABLE `transaction_detail`
  MODIFY `transacton_detail_id` int(11) NOT NULL AUTO_INCREMENT, AUTO_INCREMENT=4;
--
-- Database: `amaclone`
--
CREATE DATABASE IF NOT EXISTS `amaclone` DEFAULT CHARACTER SET latin1 COLLATE latin1_swedish_ci;
USE `amaclone`;
--
-- Database: `artisan`
--
CREATE DATABASE IF NOT EXISTS `artisan` DEFAULT CHARACTER SET utf8mb4 COLLATE utf8mb4_general_ci;
USE `artisan`;

-- --------------------------------------------------------

--
-- Table structure for table `artisans`
--

CREATE TABLE `artisans` (
  `artisan_id` int(11) NOT NULL,
  `sub_category_id` int(11) NOT NULL,
  `fullname` varchar(170) NOT NULL,
  `email` varchar(100) NOT NULL,
  `image` varchar(100) NOT NULL,
  `password` text NOT NULL,
  `date_added` timestamp NULL DEFAULT current_timestamp(),
  `description` varchar(300) NOT NULL,
  `views` int(11) NOT NULL DEFAULT 0
) ENGINE=InnoDB DEFAULT CHARSET=utf8mb4;

--
-- Dumping data for table `artisans`
--

INSERT INTO `artisans` (`artisan_id`, `sub_category_id`, `fullname`, `email`, `image`, `password`, `date_added`, `description`, `views`) VALUES
(1, 1, 'Degbe Romuald', 'romualdadjimagbe2018@gmail.com', '12.jpeg', 'Romuald2018', '2020-11-29 00:42:26', 'Lorem ipsum dolor sit amet, consectetur adipiscing elit, sed do eiusmod tempor incididunt ut labore et dolore magna aliqua.', 10),
(2, 4, 'Adekunle Ajasin', 'adekunle@gmail.com', '12.jpg', 'Adekunle', '2020-11-29 00:42:26', 'Lorem ipsum dolor sit amet, consectetur adipiscing elit, sed do eiusmod tempor incididunt ut labore et dolore magna aliqua.', 89),
(3, 3, 'Degbe Romuald', 'romualdadjimagbe2018@gmail.com', '12.jpg', 'Romuald2018', '2020-11-29 00:42:26', 'Lorem ipsum dolor sit amet, consectetur adipiscing elit, sed do eiusmod tempor incididunt ut labore et dolore magna aliqua.', 0),
(4, 2, 'Adekunle Ajasin', 'adekunle@gmail.com', '12.jpg', 'Adekunle', '2020-11-29 00:42:26', 'Lorem ipsum dolor sit amet, consectetur adipiscing elit, sed do eiusmod tempor incididunt ut labore et dolore magna aliqua.', 0),
(5, 1, 'Degbe Finlad', 'romualdadjimagbe2018@gmail.com', '12.jpg', 'Romuald2018', '2020-11-29 00:42:26', 'Lorem ipsum dolor sit amet, consectetur adipiscing elit, sed do eiusmod tempor incididunt ut labore et dolore magna aliqua.', 0),
(6, 2, 'Fatai Ajasin', 'adekunle@gmail.com', '12.jpg', 'da21bbca54d339a4991fc6c6db075eb7', '2020-11-29 00:42:26', 'Lorem ipsum dolor sit amet, consectetur adipiscing elit, sed do eiusmod tempor incididunt ut labore et dolore magna aliqua.', 0),
(8, 1, 'gfgf', 'gg@d.com', '1213-779e3d50-88f3-47fc-bf26-39fbd314f45f.jpg', '04842b179746c164bf20091604744a3e', '2020-12-20 14:18:29', 'gg@d.com', 0),
(9, 1, 'uigru', 'ygyff@ygryg', '4211-Screenshot_2020-05-12-13-47-29.png', '04842b179746c164bf20091604744a3e', '2020-12-20 14:20:21', 'I love coding I love coding I love coding I love coding I love coding I love coding I love coding I love coding I love coding I love coding I love coding I love coding I love coding I love coding I love coding I love coding I love coding I love coding I love coding I love coding I love coding I love', 1),
(10, 3, 'ggg ttetet', 'degbe@gmail.com', '6431-Romuald.jpg', '278c935603a045c73c38f8c73cf1905d', '2020-12-20 07:15:39', '4,delel  balogun street,', 0),
(11, 3, 'Degbe Romuald Adjimagbe', 'romualdadjimagbe2019@gmail.com', '6491-computer.jpeg', 'b89c565ae79dbd4093621fe48bae4958', '2020-12-20 07:20:07', 'system analyst for frontend developer dddd', 0),
(12, 1, 'ADE ADE', 'ADE@ADE.COM', '2533-fOQHqc.jpg', '8418cad2dcc02c5131a160caf4d8a229', '2020-12-20 09:57:27', 'BUILDING MATERIALS bbbnb', 0),
(13, 3, 'consistent', 'consistent@gmail.com', '4177-Romuald.jpg', '3a6713def83456004810e4a90139fb2e', '2021-01-02 07:51:27', 'we solve software problem of any kind\r\n', 0),
(14, 4, 'peter', 'peter12@gmail.com', '7405-theincubatortech.PNG', '51dc30ddc473d43a6011e9ebba6ca770', '2021-03-23 08:23:52', 'mechanical engineering', 0);

-- --------------------------------------------------------

--
-- Table structure for table `business`
--

CREATE TABLE `business` (
  `business_id` int(11) NOT NULL,
  `artisan_id` varchar(170) NOT NULL,
  `sub_category_id` varchar(170) NOT NULL
) ENGINE=InnoDB DEFAULT CHARSET=utf8mb4;

-- --------------------------------------------------------

--
-- Table structure for table `business_details`
--

CREATE TABLE `business_details` (
  `b_id` int(11) NOT NULL,
  `artisan_id` int(11) NOT NULL,
  `business_name` varchar(200) NOT NULL,
  `location` varchar(200) NOT NULL,
  `opening_time` varchar(120) NOT NULL,
  `closing_time` varchar(120) NOT NULL,
  `basic_price_range` varchar(200) NOT NULL,
  `business_desc` text NOT NULL,
  `business_overview` text NOT NULL,
  `phone` varchar(120) NOT NULL
) ENGINE=InnoDB DEFAULT CHARSET=utf8mb4;

--
-- Dumping data for table `business_details`
--

INSERT INTO `business_details` (`b_id`, `artisan_id`, `business_name`, `location`, `opening_time`, `closing_time`, `basic_price_range`, `business_desc`, `business_overview`, `phone`) VALUES
(1, 1, 'Ayoola Tunde Investment', '23, Ayoola Close', '8 am', '8 pm', '12000 to 24000', 'We are the king of Lorem ipsum dolor sit amet, consectetur adipisicing elit, sed do eiusmod\r\n									tempor incididunt ut labore et dolore magna aliqua. Ut enim ad minim veniam,\r\n									quis nostrud exercitation ullamco laboris nisi ut aliquip ex ea commodo\r\n									consequat. Duis aute irure dolor in reprehenderit in voluptate velit esse\r\n									cillum dolore eu fugiat nulla pariatur. Excepteur sint occaecat cupidatat non\r\n									proident, sunt in culpa qui officia deserunt mollit anim id est laborum.', 'Lorem is not just about Lorem. Lorem is ipsum dolor sit amet, consectetur adipisicing elit, sed do eiusmod\r\n									tempor incididunt ut labore et dolore magna aliqua. Ut enim ad minim veniam,\r\n									quis nostrud exercitation ullamco laboris nisi ut aliquip ex ea commodo\r\n									consequat. Duis aute irure dolor in reprehenderit in voluptate velit esse\r\n									cillum dolore eu fugiat nulla pariatur. Excepteur sint occaecat cupidatat non\r\n									proident, sunt in culpa qui officia deserunt mollit anim id est laborum.', '09087675463'),
(3, 9, 'WakaWaka', 'No 17, Lagos Street, Abeokuta State, Igogid', '08:00', '20:00', '7000 to 70000000', 'Wetin be your own', 'Just testing', '07069619949'),
(4, 10, 'RomualdTech', 'pahayi', '15:33', '03:03', '2000 to 55000', 'we do good work', 'we offering bonus this days', 'software developer'),
(5, 12, 'ADE ADE ENTERPRISES', 'SANGO,OTA.', '08:00', '20:00', '100 TO 1000000', 'WE SELL BUIDING MATERIALS', 'MATERIALS LIKE,SHOVELS.', 'BUILDING MATERIAL'),
(6, 13, 'consistent', 'lekki', '05:55', '19:00', '2000 to 27000', 'we are system analyst', 'software analyst', 'analyst'),
(7, 14, 'peter mechanical engineering', 'library road,orita,Ilaro', '08:00', '22:00', '2000 to 55000', 'we build the mechanical funtionality of a startup', 'we optimize mechanism of a startup', 'mechanical engineering'),
(8, 3, 'ATUPA', 'LEKKI', '8AM', '9pm', '30,000', 'rjffjff\r\nffnffn', 'kkkkkkk\r\nkkkkkkkk', '09088776655'),
(9, 3, 'ATUPA', 'LEKKI', '8AM', '9pm', '30,000', 'rjffjff\r\nffnffn', 'kkkkkkk\r\nkkkkkkkk', '09088776655');

-- --------------------------------------------------------

--
-- Table structure for table `business_gallery`
--

CREATE TABLE `business_gallery` (
  `gallery_id` varchar(150) NOT NULL,
  `business_id` varchar(150) NOT NULL,
  `gallery` varchar(150) NOT NULL
) ENGINE=InnoDB DEFAULT CHARSET=utf8mb4;

-- --------------------------------------------------------

--
-- Table structure for table `category`
--

CREATE TABLE `category` (
  `category_id` int(11) NOT NULL,
  `category` varchar(150) NOT NULL
) ENGINE=InnoDB DEFAULT CHARSET=utf8mb4;

--
-- Dumping data for table `category`
--

INSERT INTO `category` (`category_id`, `category`) VALUES
(1, 'Construction'),
(2, 'Beauty'),
(3, 'Software'),
(4, 'Engineering');

-- --------------------------------------------------------

--
-- Table structure for table `sub_category`
--

CREATE TABLE `sub_category` (
  `sub_id` int(11) NOT NULL,
  `category_id` varchar(150) NOT NULL,
  `sub_category` varchar(150) NOT NULL
) ENGINE=InnoDB DEFAULT CHARSET=utf8mb4;

--
-- Dumping data for table `sub_category`
--

INSERT INTO `sub_category` (`sub_id`, `category_id`, `sub_category`) VALUES
(1, '1', 'Bricklayer'),
(2, '2', 'Manicure and Pedicure'),
(3, '3', 'Frontend Developer'),
(4, '4', 'Electrical Electronics');

-- --------------------------------------------------------

--
-- Table structure for table `users`
--

CREATE TABLE `users` (
  `user_id` int(11) NOT NULL,
  `fullname` varchar(170) NOT NULL,
  `email` varchar(170) NOT NULL,
  `password` text NOT NULL
) ENGINE=InnoDB DEFAULT CHARSET=utf8mb4;

--
-- Dumping data for table `users`
--

INSERT INTO `users` (`user_id`, `fullname`, `email`, `password`) VALUES
(1, 'Bayowa', 'admin@ggf', 'e3afed0047b08059d0fada10f400c1e5'),
(2, 'Faleti Kabiru', 'admin@ismail.com', 'e3afed0047b08059d0fada10f400c1e5'),
(3, 'Fayewon Ismail', 'ismo@me.com', 'bbcd01f7880ecab12b0e640470489980'),
(4, 'hdhgfd', 'admin@jjj', 'e3afed0047b08059d0fada10f400c1e5'),
(5, 'gghhhj jjjkkk', 'admin@hgh', 'e3afed0047b08059d0fada10f400c1e5'),
(6, 'Degbe Romuald', 'admin@hdgfhfh', 'e3afed0047b08059d0fada10f400c1e5'),
(7, 'Degbe Romuald', 'romualdadjimagbe2018@gmail.com', '0f0fb9d5505652a38c2c9f0228e98319'),
(8, 'fff bbb', 'fff@bbb', '77963b7a931377ad4ab5ad6a9cd718aa'),
(9, 'hdggsdh', 'adminfff@gdfd', 'e3afed0047b08059d0fada10f400c1e5'),
(10, 'hayub', 'admin@jklll.com', '907c2623771dcb216be6b1391ba51353'),
(11, 'Degbe Romuald', 'degbe@gmail.com', 'b2ca678b4c936f905fb82f2733f5297f'),
(12, 'Yomi Fash Lanso', 'fash@gmail.com', 'a3c35011ada50f82a94f26c5a6edfa3f'),
(13, 'hhhggg', '09999999', 'b806a8cc8fcfb01ab9de31f593c2409c'),
(14, 'Kabiru Ayinde', 'kabiru@gmail.com', '6a03e1a9937912f63c3a233af1440951'),
(15, 'Are Samuel', 'Are@Samuel', '4015e9ce43edfb0668ddaa973ebc7e87'),
(16, 'WWW', 'WWW@GMAIL.COM', '91a9bcf1a2353197505d7e505a4432f1'),
(17, 'aabb', 'aabb@gmail.com', '5e394281dfac81c1e7dddcaf4d35d1f6'),
(18, 'wale', 'wale@gmail.com', '12a9c8f6d7991e6e5039cb209086b4e0'),
(19, 'philip', 'philip@gmail.com', '827ccb0eea8a706c4c34a16891f84e7b');

--
-- Indexes for dumped tables
--

--
-- Indexes for table `artisans`
--
ALTER TABLE `artisans`
  ADD PRIMARY KEY (`artisan_id`);

--
-- Indexes for table `business`
--
ALTER TABLE `business`
  ADD PRIMARY KEY (`business_id`);

--
-- Indexes for table `business_details`
--
ALTER TABLE `business_details`
  ADD PRIMARY KEY (`b_id`);

--
-- Indexes for table `category`
--
ALTER TABLE `category`
  ADD PRIMARY KEY (`category_id`);

--
-- Indexes for table `sub_category`
--
ALTER TABLE `sub_category`
  ADD PRIMARY KEY (`sub_id`);

--
-- Indexes for table `users`
--
ALTER TABLE `users`
  ADD PRIMARY KEY (`user_id`);

--
-- AUTO_INCREMENT for dumped tables
--

--
-- AUTO_INCREMENT for table `artisans`
--
ALTER TABLE `artisans`
  MODIFY `artisan_id` int(11) NOT NULL AUTO_INCREMENT, AUTO_INCREMENT=15;

--
-- AUTO_INCREMENT for table `business`
--
ALTER TABLE `business`
  MODIFY `business_id` int(11) NOT NULL AUTO_INCREMENT;

--
-- AUTO_INCREMENT for table `business_details`
--
ALTER TABLE `business_details`
  MODIFY `b_id` int(11) NOT NULL AUTO_INCREMENT, AUTO_INCREMENT=10;

--
-- AUTO_INCREMENT for table `category`
--
ALTER TABLE `category`
  MODIFY `category_id` int(11) NOT NULL AUTO_INCREMENT, AUTO_INCREMENT=5;

--
-- AUTO_INCREMENT for table `sub_category`
--
ALTER TABLE `sub_category`
  MODIFY `sub_id` int(11) NOT NULL AUTO_INCREMENT, AUTO_INCREMENT=7;

--
-- AUTO_INCREMENT for table `users`
--
ALTER TABLE `users`
  MODIFY `user_id` int(11) NOT NULL AUTO_INCREMENT, AUTO_INCREMENT=20;
--
-- Database: `blog`
--
CREATE DATABASE IF NOT EXISTS `blog` DEFAULT CHARACTER SET utf8mb4 COLLATE utf8mb4_general_ci;
USE `blog`;

-- --------------------------------------------------------

--
-- Table structure for table `posts`
--

CREATE TABLE `posts` (
  `id` int(100) NOT NULL,
  `post_title` varchar(255) NOT NULL,
  `content` varchar(255) NOT NULL
) ENGINE=InnoDB DEFAULT CHARSET=utf8mb4;

--
-- Dumping data for table `posts`
--

INSERT INTO `posts` (`id`, `post_title`, `content`) VALUES
(2, 'Romuald', 'Lorem ipsum dolor sit amet consectetur adipisicing elit. Error totam, obcaecati pariatur perferendis doloremque ratione\r\n repudiandae laborum ex eveniet illo ipsam repellendus autem iste quo est dolorem? Temporibus, nulla molestiae.'),
(3, 'Richard', 'fhfhf\r\ndjdfnhf\r\nfnf\r\ndfhfkfb\r\nfjhddndk\r\n'),
(4, 'Adebimpe', 'she is highly spiritual in all her endeavours and i pray she should be my wife'),
(5, 'Jonas Schedtman', 'software designer, developer and Teacher.'),
(6, 'Romualdtech Software', '                                \r\n         We build,develop,edit,create,manage and engineered softwares                       '),
(7, 'Romualdtech Software', '                                \r\n                      dididodufofpds          '),
(8, 'Romuald Software Company', 'currently we are working on live project\r\n'),
(9, 'Romualdtech Software', '                                \r\n                               gofof\r\nkfjgdkf\r\nmflkkfkff\r\n\r\n '),
(10, 'fhfgfjfh', 'dfjfldjd\r\n                                \r\n                                '),
(11, 'jhsbfkewj', '                                \r\n                                o;hiljknfnem,fnWA'),
(12, 'Atupa Laundry', 'We wash and iron cloth  and deliver at your convience time\r\n'),
(14, 'Eniola Micheal Ayodeji', '                                \r\n                           Gas Man'),
(15, 'kdkdkdddkdd', 'dldkd\r\ndd\r\ndmd\r\ndmd\r\ndd\r\n');

--
-- Indexes for dumped tables
--

--
-- Indexes for table `posts`
--
ALTER TABLE `posts`
  ADD PRIMARY KEY (`id`);

--
-- AUTO_INCREMENT for dumped tables
--

--
-- AUTO_INCREMENT for table `posts`
--
ALTER TABLE `posts`
  MODIFY `id` int(100) NOT NULL AUTO_INCREMENT, AUTO_INCREMENT=16;
--
-- Database: `bookstore`
--
CREATE DATABASE IF NOT EXISTS `bookstore` DEFAULT CHARACTER SET utf8mb4 COLLATE utf8mb4_general_ci;
USE `bookstore`;

-- --------------------------------------------------------

--
-- Table structure for table `books`
--

CREATE TABLE `books` (
  `id` int(11) NOT NULL,
  `book_name` varchar(25) NOT NULL,
  `book_publisher` varchar(20) DEFAULT NULL,
  `book_price` float DEFAULT NULL
) ENGINE=InnoDB DEFAULT CHARSET=utf8mb4;

--
-- Dumping data for table `books`
--

INSERT INTO `books` (`id`, `book_name`, `book_publisher`, `book_price`) VALUES
(1, 'Dating and Waiting', 'Myles Munroe', 50.5),
(2, 'Marita Relationship', 'Royallovetalk', 50.5),
(3, 'understanding vision', 'bishop david Oyedepo', 600),
(4, 'rediscovering the kingdom', 'myles', 40.66),
(5, 'rediscovering the kingdom', 'myles', 40.6678),
(6, 'rediscovering the kingdom', 'myles munroe', 40.6678);

--
-- Indexes for dumped tables
--

--
-- Indexes for table `books`
--
ALTER TABLE `books`
  ADD PRIMARY KEY (`id`);

--
-- AUTO_INCREMENT for dumped tables
--

--
-- AUTO_INCREMENT for table `books`
--
ALTER TABLE `books`
  MODIFY `id` int(11) NOT NULL AUTO_INCREMENT, AUTO_INCREMENT=7;
--
-- Database: `book_store`
--
CREATE DATABASE IF NOT EXISTS `book_store` DEFAULT CHARACTER SET utf8mb4 COLLATE utf8mb4_general_ci;
USE `book_store`;
--
-- Database: `ccmsdb`
--
CREATE DATABASE IF NOT EXISTS `ccmsdb` DEFAULT CHARACTER SET utf8mb4 COLLATE utf8mb4_general_ci;
USE `ccmsdb`;

-- --------------------------------------------------------

--
-- Table structure for table `tbladmin`
--

CREATE TABLE `tbladmin` (
  `ID` int(10) NOT NULL,
  `AdminName` varchar(120) DEFAULT NULL,
  `UserName` varchar(120) DEFAULT NULL,
  `MobileNumber` bigint(10) NOT NULL,
  `Email` varchar(200) NOT NULL,
  `Password` varchar(120) DEFAULT NULL,
  `AdminRegdate` timestamp NULL DEFAULT current_timestamp()
) ENGINE=InnoDB DEFAULT CHARSET=latin1;

--
-- Dumping data for table `tbladmin`
--

INSERT INTO `tbladmin` (`ID`, `AdminName`, `UserName`, `MobileNumber`, `Email`, `Password`, `AdminRegdate`) VALUES
(1, 'Admin', 'admin', 8979555556, 'admin@gmail.com', 'f925916e2754e5e03f75dd58a5733251', '2019-08-01 08:53:46');

-- --------------------------------------------------------

--
-- Table structure for table `tblcomputers`
--

CREATE TABLE `tblcomputers` (
  `ID` int(10) NOT NULL,
  `ComputerName` varchar(120) DEFAULT NULL,
  `ComputerLocation` varchar(120) DEFAULT NULL,
  `IPAdd` varchar(120) DEFAULT NULL,
  `EntryDate` timestamp NULL DEFAULT current_timestamp()
) ENGINE=InnoDB DEFAULT CHARSET=latin1;

--
-- Dumping data for table `tblcomputers`
--

INSERT INTO `tblcomputers` (`ID`, `ComputerName`, `ComputerLocation`, `IPAdd`, `EntryDate`) VALUES
(1, 'Acer', 'Cabin101', '127.0.0.1', '2019-08-01 09:25:58'),
(2, 'ASUS', 'Cabin102', '127.0.0.2', '2019-08-01 09:26:37'),
(3, 'DELL', 'Cabin103', '127.0.0.2', '2019-08-01 09:27:04'),
(4, 'DELL', 'Cabin104', '127.0.0.3', '2019-08-01 09:30:40'),
(5, 'Asus Gaming Laptop', 'Cabin 10', '127.0.0.01', '2019-08-03 07:54:52');

-- --------------------------------------------------------

--
-- Table structure for table `tblusers`
--

CREATE TABLE `tblusers` (
  `ID` int(10) NOT NULL,
  `EntryID` varchar(20) DEFAULT NULL,
  `UserName` varchar(120) DEFAULT NULL,
  `UserAddress` varchar(200) DEFAULT NULL,
  `MobileNumber` bigint(10) DEFAULT NULL,
  `Email` varchar(200) DEFAULT NULL,
  `ComputerName` varchar(120) DEFAULT NULL,
  `IDProof` varchar(120) DEFAULT NULL,
  `InTime` timestamp NULL DEFAULT current_timestamp(),
  `OutTime` timestamp NULL DEFAULT NULL ON UPDATE current_timestamp(),
  `Fees` varchar(120) DEFAULT NULL,
  `Remark` varchar(120) DEFAULT NULL,
  `Status` varchar(20) NOT NULL,
  `UpdationDate` timestamp NULL DEFAULT NULL ON UPDATE current_timestamp()
) ENGINE=InnoDB DEFAULT CHARSET=latin1;

--
-- Dumping data for table `tblusers`
--

INSERT INTO `tblusers` (`ID`, `EntryID`, `UserName`, `UserAddress`, `MobileNumber`, `Email`, `ComputerName`, `IDProof`, `InTime`, `OutTime`, `Fees`, `Remark`, `Status`, `UpdationDate`) VALUES
(1, '398365517', 'Pushkar Mishra', 'B-120,Govindpuram, Ghaziabad', 4646464646, 'abc@gmail.com', 'Dell', 'EG5866655', '2019-07-31 18:30:00', '2019-08-03 07:58:17', '20', 'Ok', 'Out', '2019-08-03 07:58:17'),
(2, '285255862', 'Shanu Dev', 'g-110,govindpuram ghaziabad', 6546464646, 'shanu@gmail.com', 'ASUS', 'FG9777977', '2019-08-01 18:30:00', '2019-08-03 07:58:20', NULL, NULL, '', '2019-08-03 07:58:20'),
(3, '305642534', 'Khushi Chaursia', '456 falt', 7575757575, 'k@gmail.com', 'Acer', 'et686876878', '2019-08-03 05:44:06', '2019-08-03 05:44:42', '80', 'Ok', 'Out', '2019-08-03 05:44:42'),
(4, '634737642', 'Test user', 'New Delhi India', 1234567890, 'test@test.com', 'Asus Gaming Laptop', '184716461', '2019-08-03 07:55:41', '2019-08-03 07:56:30', '30', 'Check out', 'Out', '2019-08-03 07:56:30');

--
-- Indexes for dumped tables
--

--
-- Indexes for table `tbladmin`
--
ALTER TABLE `tbladmin`
  ADD PRIMARY KEY (`ID`);

--
-- Indexes for table `tblcomputers`
--
ALTER TABLE `tblcomputers`
  ADD PRIMARY KEY (`ID`);

--
-- Indexes for table `tblusers`
--
ALTER TABLE `tblusers`
  ADD PRIMARY KEY (`ID`);

--
-- AUTO_INCREMENT for dumped tables
--

--
-- AUTO_INCREMENT for table `tbladmin`
--
ALTER TABLE `tbladmin`
  MODIFY `ID` int(10) NOT NULL AUTO_INCREMENT, AUTO_INCREMENT=2;

--
-- AUTO_INCREMENT for table `tblcomputers`
--
ALTER TABLE `tblcomputers`
  MODIFY `ID` int(10) NOT NULL AUTO_INCREMENT, AUTO_INCREMENT=6;

--
-- AUTO_INCREMENT for table `tblusers`
--
ALTER TABLE `tblusers`
  MODIFY `ID` int(10) NOT NULL AUTO_INCREMENT, AUTO_INCREMENT=5;
--
-- Database: `change_password`
--
CREATE DATABASE IF NOT EXISTS `change_password` DEFAULT CHARACTER SET utf8mb4 COLLATE utf8mb4_general_ci;
USE `change_password`;

-- --------------------------------------------------------

--
-- Table structure for table `users`
--

CREATE TABLE `users` (
  `id` int(11) NOT NULL,
  `username` varchar(40) NOT NULL,
  `psw` varchar(40) NOT NULL
) ENGINE=InnoDB DEFAULT CHARSET=latin1;

--
-- Dumping data for table `users`
--

INSERT INTO `users` (`id`, `username`, `psw`) VALUES
(1, 'Jimdel', 'test02'),
(2, 'tolunuru@gmail.com', 'nuru'),
(3, 'tolunuru@gmail.com', 'nuru'),
(4, 'rally@gmail.com', 'rally');

--
-- Indexes for dumped tables
--

--
-- Indexes for table `users`
--
ALTER TABLE `users`
  ADD PRIMARY KEY (`id`);

--
-- AUTO_INCREMENT for dumped tables
--

--
-- AUTO_INCREMENT for table `users`
--
ALTER TABLE `users`
  MODIFY `id` int(11) NOT NULL AUTO_INCREMENT, AUTO_INCREMENT=9;
--
-- Database: `change_passwordd`
--
CREATE DATABASE IF NOT EXISTS `change_passwordd` DEFAULT CHARACTER SET utf8mb4 COLLATE utf8mb4_general_ci;
USE `change_passwordd`;

-- --------------------------------------------------------

--
-- Table structure for table `users`
--

CREATE TABLE `users` (
  `id` int(11) NOT NULL,
  `name` varchar(20) NOT NULL,
  `password` varchar(20) NOT NULL
) ENGINE=InnoDB DEFAULT CHARSET=latin1;

--
-- Dumping data for table `users`
--

INSERT INTO `users` (`id`, `name`, `password`) VALUES
(1, 'source codester', 'source');

--
-- Indexes for dumped tables
--

--
-- Indexes for table `users`
--
ALTER TABLE `users`
  ADD PRIMARY KEY (`id`);

--
-- AUTO_INCREMENT for dumped tables
--

--
-- AUTO_INCREMENT for table `users`
--
ALTER TABLE `users`
  MODIFY `id` int(11) NOT NULL AUTO_INCREMENT, AUTO_INCREMENT=2;
--
-- Database: `change_psw`
--
CREATE DATABASE IF NOT EXISTS `change_psw` DEFAULT CHARACTER SET utf8mb4 COLLATE utf8mb4_general_ci;
USE `change_psw`;

-- --------------------------------------------------------

--
-- Table structure for table `users`
--

CREATE TABLE `users` (
  `id` int(11) NOT NULL,
  `name` varchar(20) NOT NULL,
  `password` varchar(20) NOT NULL
) ENGINE=InnoDB DEFAULT CHARSET=latin1;

--
-- Dumping data for table `users`
--

INSERT INTO `users` (`id`, `name`, `password`) VALUES
(1, 'Jimdel', 'test02');

--
-- Indexes for dumped tables
--

--
-- Indexes for table `users`
--
ALTER TABLE `users`
  ADD PRIMARY KEY (`id`);

--
-- AUTO_INCREMENT for dumped tables
--

--
-- AUTO_INCREMENT for table `users`
--
ALTER TABLE `users`
  MODIFY `id` int(11) NOT NULL AUTO_INCREMENT, AUTO_INCREMENT=2;
--
-- Database: `chngpswdb`
--
CREATE DATABASE IF NOT EXISTS `chngpswdb` DEFAULT CHARACTER SET utf8mb4 COLLATE utf8mb4_general_ci;
USE `chngpswdb`;

-- --------------------------------------------------------

--
-- Table structure for table `userinfo`
--

CREATE TABLE `userinfo` (
  `id` int(11) NOT NULL,
  `email` varchar(255) NOT NULL,
  `password` varchar(250) NOT NULL,
  `updation_date` timestamp NOT NULL DEFAULT current_timestamp()
) ENGINE=InnoDB DEFAULT CHARSET=latin1;

--
-- Dumping data for table `userinfo`
--

INSERT INTO `userinfo` (`id`, `email`, `password`, `updation_date`) VALUES
(0, '', '', '0000-00-00 00:00:00'),
(0, 'Romuald01@gmail.com', 'temi01', '2021-08-31 23:00:00'),
(0, 'abc@gmail.com', 'abc', '2021-09-04 23:00:00');

--
-- Indexes for dumped tables
--

--
-- Indexes for table `userinfo`
--
ALTER TABLE `userinfo`
  ADD PRIMARY KEY (`updation_date`);
--
-- Database: `collect`
--
CREATE DATABASE IF NOT EXISTS `collect` DEFAULT CHARACTER SET utf8mb4 COLLATE utf8mb4_general_ci;
USE `collect`;

-- --------------------------------------------------------

--
-- Table structure for table `form`
--

CREATE TABLE `form` (
  `surname` text DEFAULT NULL,
  `othername` text DEFAULT NULL,
  `sex` text DEFAULT NULL,
  `email` varchar(200) DEFAULT NULL,
  `password` varchar(180) DEFAULT NULL,
  `submit` text DEFAULT NULL
) ENGINE=InnoDB DEFAULT CHARSET=utf8mb4;

-- --------------------------------------------------------

--
-- Table structure for table `student_datas`
--

CREATE TABLE `student_datas` (
  `student_id` varchar(150) DEFAULT NULL
) ENGINE=InnoDB DEFAULT CHARSET=utf8mb4;
--
-- Database: `crm`
--
CREATE DATABASE IF NOT EXISTS `crm` DEFAULT CHARACTER SET utf8mb4 COLLATE utf8mb4_general_ci;
USE `crm`;

-- --------------------------------------------------------

--
-- Table structure for table `admin`
--

CREATE TABLE `admin` (
  `id` int(11) NOT NULL,
  `name` varchar(255) NOT NULL DEFAULT '',
  `password` varchar(255) NOT NULL DEFAULT ''
) ENGINE=MyISAM DEFAULT CHARSET=latin1;

--
-- Dumping data for table `admin`
--

INSERT INTO `admin` (`id`, `name`, `password`) VALUES
(1, 'admin', 'admin');

-- --------------------------------------------------------

--
-- Table structure for table `prequest`
--

CREATE TABLE `prequest` (
  `id` int(11) NOT NULL,
  `name` varchar(255) DEFAULT NULL,
  `email` varchar(255) DEFAULT NULL,
  `contactno` varchar(11) DEFAULT NULL,
  `company` varchar(255) DEFAULT NULL,
  `wdd` varchar(255) DEFAULT NULL,
  `cms` varchar(255) DEFAULT NULL,
  `seo` varchar(255) DEFAULT NULL,
  `smo` varchar(255) DEFAULT NULL,
  `swd` varchar(255) DEFAULT NULL,
  `dwd` varchar(255) DEFAULT NULL,
  `fwd` varchar(255) DEFAULT NULL,
  `dr` varchar(255) DEFAULT NULL,
  `whs` varchar(255) DEFAULT NULL,
  `wm` varchar(255) DEFAULT NULL,
  `ed` varchar(255) DEFAULT NULL,
  `wta` varchar(255) DEFAULT NULL,
  `opi` varchar(255) DEFAULT NULL,
  `ld` varchar(255) DEFAULT NULL,
  `da` varchar(255) DEFAULT NULL,
  `osc` varchar(255) DEFAULT NULL,
  `nd` varchar(255) DEFAULT NULL,
  `others` varchar(255) DEFAULT NULL,
  `query` longtext DEFAULT NULL,
  `posting_date` date DEFAULT NULL,
  `remark` longtext DEFAULT NULL,
  `status` int(11) DEFAULT NULL
) ENGINE=InnoDB DEFAULT CHARSET=latin1;

--
-- Dumping data for table `prequest`
--

INSERT INTO `prequest` (`id`, `name`, `email`, `contactno`, `company`, `wdd`, `cms`, `seo`, `smo`, `swd`, `dwd`, `fwd`, `dr`, `whs`, `wm`, `ed`, `wta`, `opi`, `ld`, `da`, `osc`, `nd`, `others`, `query`, `posting_date`, `remark`, `status`) VALUES
(1, 'Anuj Kumar', 'phpgurukulteam@gmail.com', '1234567890', 'Test', 'Website Design & Development', '', '', '', '', 'Dynamic Website Design', '', '', 'Web Hosting Services', '', 'Ecommerce Development', 'Walk Through Animation', '', '', '', '', '', '', 'This is for testing', '2021-04-22', 'This is for test', NULL),
(2, 'Romuald', 'romualdadjimagbe2018@gmail.com', '0903836203', 'Romualtech', 'Website Design & Development', '', 'SEO (Search Engine Optimization)', '', '', '', '', '', '', '', '', '', '', '', '', '', '', '', 'i can develop website', '2021-07-20', NULL, NULL);

-- --------------------------------------------------------

--
-- Table structure for table `ticket`
--

CREATE TABLE `ticket` (
  `id` int(11) NOT NULL,
  `ticket_id` varchar(11) DEFAULT NULL,
  `email_id` varchar(300) DEFAULT NULL,
  `subject` varchar(300) DEFAULT NULL,
  `task_type` varchar(300) DEFAULT NULL,
  `prioprity` varchar(300) DEFAULT NULL,
  `ticket` longtext DEFAULT NULL,
  `attachment` varchar(300) DEFAULT NULL,
  `status` varchar(300) DEFAULT NULL,
  `admin_remark` longtext DEFAULT NULL,
  `posting_date` date DEFAULT NULL,
  `admin_remark_date` timestamp NULL DEFAULT current_timestamp() ON UPDATE current_timestamp()
) ENGINE=InnoDB DEFAULT CHARSET=latin1;

--
-- Dumping data for table `ticket`
--

INSERT INTO `ticket` (`id`, `ticket_id`, `email_id`, `subject`, `task_type`, `prioprity`, `ticket`, `attachment`, `status`, `admin_remark`, `posting_date`, `admin_remark_date`) VALUES
(12, '5', 'phpgurukulteam@gmail.com', 'Test Ticket', 'billing', 'important', 'This ticket for testing purpose.', '', 'closed', 'Ticket resolved.  Solution provided', '2021-04-22', '2021-04-21 18:30:00'),
(13, '6', 'romualdadjimagbe2018@gmail.com', 'Software development', 'billing', 'important', 'i want to develop a cool website and mobile apps that will make your school system to be more efficient', NULL, 'Open', NULL, '2021-07-20', '2021-07-20 15:01:51');

-- --------------------------------------------------------

--
-- Table structure for table `user`
--

CREATE TABLE `user` (
  `id` int(11) NOT NULL,
  `name` varchar(255) DEFAULT NULL,
  `email` varchar(255) DEFAULT NULL,
  `alt_email` varchar(255) DEFAULT NULL,
  `password` varchar(255) DEFAULT NULL,
  `mobile` varchar(255) DEFAULT NULL,
  `gender` varchar(255) DEFAULT NULL,
  `address` varchar(500) DEFAULT NULL,
  `status` int(11) DEFAULT NULL,
  `posting_date` timestamp NULL DEFAULT current_timestamp()
) ENGINE=MyISAM DEFAULT CHARSET=latin1;

--
-- Dumping data for table `user`
--

INSERT INTO `user` (`id`, `name`, `email`, `alt_email`, `password`, `mobile`, `gender`, `address`, `status`, `posting_date`) VALUES
(1, 'Anuj Kumar', 'phpgurukulteam@gmail.com', 'test123@asgggfag.com', 'Demo@123', '1234567890', 'm', 'New Delhi India 110001', NULL, '2021-04-22 12:25:19'),
(2, 'Romuald', 'romualdadjimagbe2018@gmail.com', NULL, 'Romuald', '0903836203', 'm', NULL, NULL, '2021-07-20 14:57:24');

-- --------------------------------------------------------

--
-- Table structure for table `usercheck`
--

CREATE TABLE `usercheck` (
  `id` int(11) NOT NULL,
  `logindate` varchar(255) DEFAULT '',
  `logintime` varchar(255) DEFAULT '',
  `user_id` int(11) DEFAULT NULL,
  `username` varchar(255) DEFAULT NULL,
  `email` varchar(255) DEFAULT '',
  `ip` varbinary(16) DEFAULT NULL,
  `mac` varbinary(16) DEFAULT NULL,
  `city` varchar(255) DEFAULT NULL,
  `country` varchar(255) DEFAULT NULL
) ENGINE=MyISAM DEFAULT CHARSET=latin1;

--
-- Dumping data for table `usercheck`
--

INSERT INTO `usercheck` (`id`, `logindate`, `logintime`, `user_id`, `username`, `email`, `ip`, `mac`, `city`, `country`) VALUES
(1, '2021/04/22', '05:59:18pm', 1, 'Anuj Kumar', 'phpgurukulteam@gmail.com', 0x3a3a31, 0x31322d46342d38442d31322d39392d39, '', ''),
(2, '2021/04/22', '10:00:15pm', 1, 'Anuj Kumar', 'phpgurukulteam@gmail.com', 0x3a3a31, 0x31322d46342d38442d31322d39392d39, '', ''),
(3, '2021/07/20', '08:28:06pm', 2, 'Romuald', 'romualdadjimagbe2018@gmail.com', 0x3a3a31, 0x44342d43392d45462d45392d45302d33, '', '');

--
-- Indexes for dumped tables
--

--
-- Indexes for table `admin`
--
ALTER TABLE `admin`
  ADD PRIMARY KEY (`id`);

--
-- Indexes for table `prequest`
--
ALTER TABLE `prequest`
  ADD PRIMARY KEY (`id`);

--
-- Indexes for table `ticket`
--
ALTER TABLE `ticket`
  ADD PRIMARY KEY (`id`);

--
-- Indexes for table `user`
--
ALTER TABLE `user`
  ADD PRIMARY KEY (`id`);

--
-- Indexes for table `usercheck`
--
ALTER TABLE `usercheck`
  ADD PRIMARY KEY (`id`);

--
-- AUTO_INCREMENT for dumped tables
--

--
-- AUTO_INCREMENT for table `admin`
--
ALTER TABLE `admin`
  MODIFY `id` int(11) NOT NULL AUTO_INCREMENT, AUTO_INCREMENT=2;

--
-- AUTO_INCREMENT for table `prequest`
--
ALTER TABLE `prequest`
  MODIFY `id` int(11) NOT NULL AUTO_INCREMENT, AUTO_INCREMENT=3;

--
-- AUTO_INCREMENT for table `ticket`
--
ALTER TABLE `ticket`
  MODIFY `id` int(11) NOT NULL AUTO_INCREMENT, AUTO_INCREMENT=14;

--
-- AUTO_INCREMENT for table `user`
--
ALTER TABLE `user`
  MODIFY `id` int(11) NOT NULL AUTO_INCREMENT, AUTO_INCREMENT=3;

--
-- AUTO_INCREMENT for table `usercheck`
--
ALTER TABLE `usercheck`
  MODIFY `id` int(11) NOT NULL AUTO_INCREMENT, AUTO_INCREMENT=4;
--
-- Database: `data_collect`
--
CREATE DATABASE IF NOT EXISTS `data_collect` DEFAULT CHARACTER SET utf8mb4 COLLATE utf8mb4_general_ci;
USE `data_collect`;

-- --------------------------------------------------------

--
-- Table structure for table `student_data`
--

CREATE TABLE `student_data` (
  `student_id` int(11) NOT NULL,
  `name` varchar(150) NOT NULL,
  `email` varchar(100) NOT NULL,
  `password` varchar(150) NOT NULL
) ENGINE=InnoDB DEFAULT CHARSET=utf8mb4;

--
-- Dumping data for table `student_data`
--

INSERT INTO `student_data` (`student_id`, `name`, `email`, `password`) VALUES
(1, 'Adebiyi Adewale', 'Adebiyi@Adewalegmail.com', 'adebiyi');

--
-- Indexes for dumped tables
--

--
-- Indexes for table `student_data`
--
ALTER TABLE `student_data`
  ADD PRIMARY KEY (`student_id`);

--
-- AUTO_INCREMENT for dumped tables
--

--
-- AUTO_INCREMENT for table `student_data`
--
ALTER TABLE `student_data`
  MODIFY `student_id` int(11) NOT NULL AUTO_INCREMENT, AUTO_INCREMENT=2;
--
-- Database: `db`
--
CREATE DATABASE IF NOT EXISTS `db` DEFAULT CHARACTER SET utf8mb4 COLLATE utf8mb4_general_ci;
USE `db`;

-- --------------------------------------------------------

--
-- Table structure for table `brands`
--

CREATE TABLE `brands` (
  `brand_id` int(100) NOT NULL,
  `brand_title` text NOT NULL
) ENGINE=InnoDB DEFAULT CHARSET=latin1;

--
-- Dumping data for table `brands`
--

INSERT INTO `brands` (`brand_id`, `brand_title`) VALUES
(1, 'HP'),
(2, 'Samsung'),
(3, 'Apple'),
(4, 'Sony'),
(5, 'LG'),
(6, 'Biba'),
(7, 'Flying Machine'),
(8, 'Nike'),
(9, 'Adidas'),
(10, 'Kidzee'),
(11, 'Ikea'),
(12, 'Philips');

-- --------------------------------------------------------

--
-- Table structure for table `cart`
--

CREATE TABLE `cart` (
  `id` int(10) NOT NULL,
  `p_id` int(10) NOT NULL,
  `ip_add` varchar(250) NOT NULL,
  `user_id` int(10) NOT NULL,
  `product_title` varchar(100) NOT NULL,
  `product_image` varchar(300) NOT NULL,
  `qty` int(100) NOT NULL,
  `price` int(100) NOT NULL,
  `total_amount` int(100) NOT NULL
) ENGINE=InnoDB DEFAULT CHARSET=latin1;

--
-- Dumping data for table `cart`
--

INSERT INTO `cart` (`id`, `p_id`, `ip_add`, `user_id`, `product_title`, `product_image`, `qty`, `price`, `total_amount`) VALUES
(79, 11, '0.0.0.0', 2, 'Baby Shirt', 'babyshirt.JPG', 1, 500, 500),
(80, 2, '0.0.0.0', 2, 'iPhone 5s', 'iphonemobile.JPG', 1, 25000, 25000);

-- --------------------------------------------------------

--
-- Table structure for table `categories`
--

CREATE TABLE `categories` (
  `cat_id` int(11) NOT NULL,
  `cat_title` text NOT NULL
) ENGINE=InnoDB DEFAULT CHARSET=latin1;

--
-- Dumping data for table `categories`
--

INSERT INTO `categories` (`cat_id`, `cat_title`) VALUES
(1, 'Electronics'),
(2, 'Ladies Wear'),
(3, 'Mens Wear'),
(4, 'Kids Wear'),
(5, 'Home Appliances'),
(6, 'Sports');

-- --------------------------------------------------------

--
-- Table structure for table `customer_order`
--

CREATE TABLE `customer_order` (
  `id` int(100) NOT NULL,
  `uid` int(100) NOT NULL,
  `pid` int(100) NOT NULL,
  `p_name` varchar(255) NOT NULL,
  `p_price` int(100) NOT NULL,
  `p_qty` int(100) NOT NULL,
  `p_status` varchar(100) NOT NULL,
  `tr_id` varchar(100) NOT NULL
) ENGINE=InnoDB DEFAULT CHARSET=latin1;

--
-- Dumping data for table `customer_order`
--

INSERT INTO `customer_order` (`id`, `uid`, `pid`, `p_name`, `p_price`, `p_qty`, `p_status`, `tr_id`) VALUES
(30, 2, 6, 'LG Aqua 2', 15000, 1, 'CONFIRMED', '15179'),
(31, 2, 15, 'Football Shoes', 2500, 1, 'CONFIRMED', '15179'),
(32, 2, 16, 'Football', 600, 1, 'CONFIRMED', '15179');

-- --------------------------------------------------------

--
-- Table structure for table `products`
--

CREATE TABLE `products` (
  `product_id` int(100) NOT NULL,
  `product_cat` varchar(100) NOT NULL,
  `product_brand` varchar(100) NOT NULL,
  `product_title` varchar(50) NOT NULL,
  `product_price` int(100) NOT NULL,
  `product_desc` text NOT NULL,
  `product_image` text NOT NULL,
  `product_keywords` text NOT NULL
) ENGINE=InnoDB DEFAULT CHARSET=latin1;

--
-- Dumping data for table `products`
--

INSERT INTO `products` (`product_id`, `product_cat`, `product_brand`, `product_title`, `product_price`, `product_desc`, `product_image`, `product_keywords`) VALUES
(1, '1', '2', 'Samsung Duos 2', 5000, 'Samsung Duos 2 mobile phone', 'samsungduos.JPG', 'samsung mobile electronics'),
(2, '1', '3', 'iPhone 5s', 25000, 'iPhone mobile ', 'iphonemobile.JPG', 'apple iphone mobile electronics'),
(3, '1', '3', 'iPad', 30000, 'iPad tablet for use', 'iPad.jpg', 'apple ipad tablet'),
(4, '1', '2', 'Samsung Tab', 10000, 'samsung tablet for home use', 'samsungtab.JPG', 'samsung tablet electronics'),
(5, '1', '4', 'Sony Vaio Laptop', 25000, 'Vaio Laptop', 'vaio.JPG', 'sony laptop vaio'),
(6, '1', '5', 'LG Aqua 2', 15000, 'LG aqua mobile phone all featured', 'lgaqua.JPG', 'lg mobile phone aqua'),
(7, '2', '6', 'Draped Lehenga', 1500, 'Matching Lehenga', 'lehenga.JPG', 'lehenga biba'),
(8, '2', '6', 'SIlk Saree', 1000, 'Pure Silk Saree', 'saree.JPG', 'biba saree'),
(9, '3', '7', 'T-Shirt', 700, 'T-Shirt for summer', 'tshirt.JPG', 'flying machine tshirt'),
(10, '3', '7', 'FM Jeans', 1800, 'Jeans for the ones who do', 'jeans.JPG', 'flying machine jeans'),
(11, '4', '10', 'Baby Shirt', 500, 'Shirt for the babies', 'babyshirt.JPG', 'kids shirt kidzee'),
(12, '4', '10', 'Kids Jeans', 800, 'Jeans for kids', 'kidsjeans.JPG', 'kids jeans kidzee'),
(13, '5', '11', 'Computer Table', 2000, 'Table for computer', 'computertable.JPG', 'computer table ikea '),
(14, '5', '12', 'Trimmer', 1500, 'Trimmer by Philips', 'philipstrimmer.JPG', 'philips trimmer'),
(15, '6', '8', 'Football Shoes', 2500, 'Shoes to play football by Nike', 'nikeshoes.JPG', 'nike shoes football'),
(16, '6', '9', 'Football', 600, 'Football by Adidas', 'adidasfootball.JPG', 'football adidas');

-- --------------------------------------------------------

--
-- Table structure for table `received_payment`
--

CREATE TABLE `received_payment` (
  `id` int(100) NOT NULL,
  `uid` int(100) NOT NULL,
  `amt` int(100) NOT NULL,
  `tr_id` int(100) NOT NULL
) ENGINE=InnoDB DEFAULT CHARSET=latin1;

-- --------------------------------------------------------

--
-- Table structure for table `user_info`
--

CREATE TABLE `user_info` (
  `user_id` int(10) NOT NULL,
  `first_name` varchar(50) NOT NULL,
  `last_name` varchar(50) NOT NULL,
  `email` varchar(300) NOT NULL,
  `password` varchar(100) NOT NULL,
  `mobile` varchar(10) NOT NULL,
  `address1` varchar(300) NOT NULL,
  `address2` varchar(300) NOT NULL
) ENGINE=InnoDB DEFAULT CHARSET=latin1;

--
-- Dumping data for table `user_info`
--

INSERT INTO `user_info` (`user_id`, `first_name`, `last_name`, `email`, `password`, `mobile`, `address1`, `address2`) VALUES
(1, 'Satyam', 'Raj', 'satyammast@gmail.com', '3814d460c26c2dbab2d80294d2cc9882', '8235639917', 'Prem Electronics Block Road Ratu', 'Prem Electronics Block Road Ratu'),
(2, 'Abhijeet', 'Kumar', 'abhinav@krotos.com', '6cebe3b43c4495fdf87fcaa43b485236', '7631649503', 'West Lohanipur, Kadamkuan, MNS Lane', 'Patna'),
(3, 'Krotos', 'Kumar', 'kroto@star.com', 'e3daab6a6b16a140aaf0f1df98d3be24', '7631649503', 'West Lohanipur, Kadamkuan, MNS Lane', 'Patna'),
(4, 'Pranav', 'Prem', 'pranav.prem@gmail.com', '929847725b8d48b47ecba736b0d04520', '8235639917', 'Prem Electronics Block Road Ratu', 'sdsd'),
(5, 'Shubham', 'Raj', 'shubham@gmail.com', '5568fda880263b9be0b72104354fa3dc', '8235639917', 'Prem Electronics Block Road Ratu', 'bangalore');

--
-- Indexes for dumped tables
--

--
-- Indexes for table `brands`
--
ALTER TABLE `brands`
  ADD PRIMARY KEY (`brand_id`);

--
-- Indexes for table `cart`
--
ALTER TABLE `cart`
  ADD PRIMARY KEY (`id`);

--
-- Indexes for table `categories`
--
ALTER TABLE `categories`
  ADD PRIMARY KEY (`cat_id`);

--
-- Indexes for table `customer_order`
--
ALTER TABLE `customer_order`
  ADD PRIMARY KEY (`id`);

--
-- Indexes for table `products`
--
ALTER TABLE `products`
  ADD PRIMARY KEY (`product_id`);

--
-- Indexes for table `received_payment`
--
ALTER TABLE `received_payment`
  ADD PRIMARY KEY (`id`);

--
-- Indexes for table `user_info`
--
ALTER TABLE `user_info`
  ADD PRIMARY KEY (`user_id`);

--
-- AUTO_INCREMENT for dumped tables
--

--
-- AUTO_INCREMENT for table `brands`
--
ALTER TABLE `brands`
  MODIFY `brand_id` int(100) NOT NULL AUTO_INCREMENT, AUTO_INCREMENT=13;

--
-- AUTO_INCREMENT for table `cart`
--
ALTER TABLE `cart`
  MODIFY `id` int(10) NOT NULL AUTO_INCREMENT, AUTO_INCREMENT=87;

--
-- AUTO_INCREMENT for table `categories`
--
ALTER TABLE `categories`
  MODIFY `cat_id` int(11) NOT NULL AUTO_INCREMENT, AUTO_INCREMENT=7;

--
-- AUTO_INCREMENT for table `customer_order`
--
ALTER TABLE `customer_order`
  MODIFY `id` int(100) NOT NULL AUTO_INCREMENT, AUTO_INCREMENT=33;

--
-- AUTO_INCREMENT for table `products`
--
ALTER TABLE `products`
  MODIFY `product_id` int(100) NOT NULL AUTO_INCREMENT, AUTO_INCREMENT=17;

--
-- AUTO_INCREMENT for table `received_payment`
--
ALTER TABLE `received_payment`
  MODIFY `id` int(100) NOT NULL AUTO_INCREMENT;

--
-- AUTO_INCREMENT for table `user_info`
--
ALTER TABLE `user_info`
  MODIFY `user_id` int(10) NOT NULL AUTO_INCREMENT, AUTO_INCREMENT=6;
--
-- Database: `db_jobportal`
--
CREATE DATABASE IF NOT EXISTS `db_jobportal` DEFAULT CHARACTER SET utf8mb4 COLLATE utf8mb4_general_ci;
USE `db_jobportal`;

-- --------------------------------------------------------

--
-- Table structure for table `tblapplicants`
--

CREATE TABLE `tblapplicants` (
  `APPLICANTID` int(11) NOT NULL,
  `FNAME` varchar(90) NOT NULL,
  `LNAME` varchar(90) NOT NULL,
  `MNAME` varchar(90) NOT NULL,
  `ADDRESS` varchar(255) NOT NULL,
  `SEX` varchar(11) NOT NULL,
  `CIVILSTATUS` varchar(30) NOT NULL,
  `BIRTHDATE` date NOT NULL,
  `BIRTHPLACE` varchar(255) NOT NULL,
  `AGE` int(2) NOT NULL,
  `USERNAME` varchar(90) NOT NULL,
  `PASS` varchar(90) NOT NULL,
  `EMAILADDRESS` varchar(90) NOT NULL,
  `CONTACTNO` varchar(90) NOT NULL,
  `DEGREE` text NOT NULL,
  `APPLICANTPHOTO` varchar(255) NOT NULL,
  `NATIONALID` varchar(255) NOT NULL
) ENGINE=InnoDB DEFAULT CHARSET=latin1;

--
-- Dumping data for table `tblapplicants`
--

INSERT INTO `tblapplicants` (`APPLICANTID`, `FNAME`, `LNAME`, `MNAME`, `ADDRESS`, `SEX`, `CIVILSTATUS`, `BIRTHDATE`, `BIRTHPLACE`, `AGE`, `USERNAME`, `PASS`, `EMAILADDRESS`, `CONTACTNO`, `DEGREE`, `APPLICANTPHOTO`, `NATIONALID`) VALUES
(2019016, 'asd', 'asd', 'asd', 'asd', 'Female', 'none', '1980-01-29', 'asd', 39, 'aa', 'e0c9035898dd52fc65c41454cec9c4d2611bfb37', 'a@gmil.com', '12312312', 'asd', 'photos/final.png', ''),
(2019018, 'asdasd', 'asd', 'asd', 'sadas', 'Female', 'Single', '1992-01-12', 'sad', 27, 'ss', 'c1c93f88d273660be5358cd4ee2df2c2f3f0e8e7', 'a@gmil.com', 'sad', 'sad', '', ''),
(2019020, 'sad', 'sad', 'sad', 'asdsad', 'Female', 'Single', '1992-10-14', 'asdsad', 27, 'ddd', '9c969ddf454079e3d439973bbab63ea6233e4087', 'a@gmil.com', '123123', 'sadsadsad', 'photos/077db70b-ab84-46c4-bbaa-a5dd6b7332a4_200x200.png', '');

-- --------------------------------------------------------

--
-- Table structure for table `tblattachmentfile`
--

CREATE TABLE `tblattachmentfile` (
  `FILEID` int(11) NOT NULL,
  `JOBID` int(11) NOT NULL,
  `FILE_NAME` varchar(90) NOT NULL,
  `FILE_LOCATION` varchar(255) NOT NULL,
  `USERATTACHMENTID` int(11) NOT NULL
) ENGINE=InnoDB DEFAULT CHARSET=latin1;

--
-- Dumping data for table `tblattachmentfile`
--

INSERT INTO `tblattachmentfile` (`FILEID`, `JOBID`, `FILE_NAME`, `FILE_LOCATION`, `USERATTACHMENTID`) VALUES
(201900001, 2, 'Resume', 'photos/24122019073209Filtering a Group of Data VB.Net and SQL Server 2019.docx', 2019020),
(2147483647, 2, 'Resume', 'photos/24122019072801Filtering a Group of Data VB.Net and SQL Server 2019.docx', 2019019);

-- --------------------------------------------------------

--
-- Table structure for table `tblautonumbers`
--

CREATE TABLE `tblautonumbers` (
  `AUTOID` int(11) NOT NULL,
  `AUTOSTART` varchar(30) NOT NULL,
  `AUTOEND` int(11) NOT NULL,
  `AUTOINC` int(11) NOT NULL,
  `AUTOKEY` varchar(30) NOT NULL
) ENGINE=InnoDB DEFAULT CHARSET=latin1;

--
-- Dumping data for table `tblautonumbers`
--

INSERT INTO `tblautonumbers` (`AUTOID`, `AUTOSTART`, `AUTOEND`, `AUTOINC`, `AUTOKEY`) VALUES
(1, '02983', 8, 1, 'userid'),
(2, '000', 79, 1, 'employeeid'),
(3, '0', 21, 1, 'APPLICANT'),
(4, '0000', 2, 1, 'FILEID');

-- --------------------------------------------------------

--
-- Table structure for table `tblcategory`
--

CREATE TABLE `tblcategory` (
  `CATEGORYID` int(11) NOT NULL,
  `CATEGORY` varchar(90) NOT NULL
) ENGINE=InnoDB DEFAULT CHARSET=latin1;

--
-- Dumping data for table `tblcategory`
--

INSERT INTO `tblcategory` (`CATEGORYID`, `CATEGORY`) VALUES
(10, 'Technology'),
(11, 'Managerial'),
(12, 'Engineer'),
(13, 'IT'),
(14, 'Civil Engineer'),
(15, 'HR'),
(23, 'Sales'),
(24, 'Banking'),
(25, 'Finance'),
(26, 'BPO'),
(27, 'Degital Marketing'),
(28, 'Shipping');

-- --------------------------------------------------------

--
-- Table structure for table `tblcompany`
--

CREATE TABLE `tblcompany` (
  `COMPANYID` int(11) NOT NULL,
  `COMPANYNAME` varchar(90) NOT NULL,
  `COMPANYADDRESS` varchar(90) NOT NULL,
  `COMPANYCONTACTNO` varchar(30) NOT NULL,
  `COMPANYSTATUS` varchar(90) NOT NULL,
  `COMPANYMISSION` text NOT NULL
) ENGINE=InnoDB DEFAULT CHARSET=latin1;

--
-- Dumping data for table `tblcompany`
--

INSERT INTO `tblcompany` (`COMPANYID`, `COMPANYNAME`, `COMPANYADDRESS`, `COMPANYCONTACTNO`, `COMPANYSTATUS`, `COMPANYMISSION`) VALUES
(2, 'URC', 'Bry Camugao', '023654', '', 'weqwe'),
(3, 'Copreros', 'Mabinay\'s', '035656', '', ''),
(4, 'Quest', 'Kabankalan City', '23165', '', ''),
(6, 'Palacios Company', 'Kabankalan City', '0625656899', '', ''),
(7, 'IT Company', 'Kabankalan City', '04564123', '', '');

-- --------------------------------------------------------

--
-- Table structure for table `tblemployees`
--

CREATE TABLE `tblemployees` (
  `INCID` int(11) NOT NULL,
  `EMPLOYEEID` varchar(30) NOT NULL,
  `FNAME` varchar(50) NOT NULL,
  `LNAME` varchar(50) NOT NULL,
  `MNAME` varchar(50) NOT NULL,
  `ADDRESS` varchar(90) NOT NULL,
  `BIRTHDATE` date NOT NULL,
  `BIRTHPLACE` varchar(90) NOT NULL,
  `AGE` int(11) NOT NULL,
  `SEX` varchar(30) NOT NULL,
  `CIVILSTATUS` varchar(30) NOT NULL,
  `TELNO` varchar(40) NOT NULL,
  `EMP_EMAILADDRESS` varchar(90) NOT NULL,
  `CELLNO` varchar(30) NOT NULL,
  `POSITION` varchar(50) NOT NULL,
  `WORKSTATS` varchar(90) NOT NULL,
  `EMPPHOTO` varchar(255) NOT NULL,
  `EMPUSERNAME` varchar(90) NOT NULL,
  `EMPPASSWORD` varchar(125) NOT NULL,
  `DATEHIRED` date NOT NULL,
  `COMPANYID` int(11) NOT NULL
) ENGINE=InnoDB DEFAULT CHARSET=latin1;

--
-- Dumping data for table `tblemployees`
--

INSERT INTO `tblemployees` (`INCID`, `EMPLOYEEID`, `FNAME`, `LNAME`, `MNAME`, `ADDRESS`, `BIRTHDATE`, `BIRTHPLACE`, `AGE`, `SEX`, `CIVILSTATUS`, `TELNO`, `EMP_EMAILADDRESS`, `CELLNO`, `POSITION`, `WORKSTATS`, `EMPPHOTO`, `EMPUSERNAME`, `EMPPASSWORD`, `DATEHIRED`, `COMPANYID`) VALUES
(76, '2018001', 'Chambe', 'Narciso', 'Captain', 'mabinay', '1992-01-23', 'Mabinay', 26, 'Male', 'Married', '032656', 'chambe@yahoo.com', '', 'Fuel Tender', '', '', '2018001', 'f3593fd40c55c33d1788309d4137e82f5eab0dea', '2018-05-23', 2);

-- --------------------------------------------------------

--
-- Table structure for table `tblfeedback`
--

CREATE TABLE `tblfeedback` (
  `FEEDBACKID` int(11) NOT NULL,
  `APPLICANTID` int(11) NOT NULL,
  `REGISTRATIONID` int(11) NOT NULL,
  `FEEDBACK` text NOT NULL
) ENGINE=InnoDB DEFAULT CHARSET=latin1;

-- --------------------------------------------------------

--
-- Table structure for table `tbljob`
--

CREATE TABLE `tbljob` (
  `JOBID` int(11) NOT NULL,
  `COMPANYID` int(11) NOT NULL,
  `CATEGORY` varchar(90) NOT NULL,
  `OCCUPATIONTITLE` varchar(90) NOT NULL,
  `REQ_NO_EMPLOYEES` int(11) NOT NULL,
  `SALARIES` double NOT NULL,
  `DURATION_EMPLOYEMENT` varchar(90) NOT NULL,
  `QUALIFICATION_WORKEXPERIENCE` text NOT NULL,
  `JOBDESCRIPTION` text NOT NULL,
  `PREFEREDSEX` varchar(30) NOT NULL,
  `SECTOR_VACANCY` text NOT NULL,
  `JOBSTATUS` varchar(90) NOT NULL,
  `DATEPOSTED` datetime NOT NULL
) ENGINE=InnoDB DEFAULT CHARSET=latin1;

--
-- Dumping data for table `tbljob`
--

INSERT INTO `tbljob` (`JOBID`, `COMPANYID`, `CATEGORY`, `OCCUPATIONTITLE`, `REQ_NO_EMPLOYEES`, `SALARIES`, `DURATION_EMPLOYEMENT`, `QUALIFICATION_WORKEXPERIENCE`, `JOBDESCRIPTION`, `PREFEREDSEX`, `SECTOR_VACANCY`, `JOBSTATUS`, `DATEPOSTED`) VALUES
(1, 2, 'Technology', 'ISD', 6, 15000, 'jan 30', 'Two year Experience', 'We are looking for bachelor of science in information technology.\r\nasdasdasd', 'Male/Female', 'yes', '', '2018-05-20 00:00:00'),
(2, 2, 'Technology', 'Accounting', 1, 15000, 'may 20', 'Two years Experience', 'We are looking for bachelor of science in Acountancy', 'Female', 'yes', '', '2018-05-20 02:33:00');

-- --------------------------------------------------------

--
-- Table structure for table `tbljobregistration`
--

CREATE TABLE `tbljobregistration` (
  `REGISTRATIONID` int(11) NOT NULL,
  `COMPANYID` int(11) NOT NULL,
  `JOBID` int(11) NOT NULL,
  `APPLICANTID` int(11) NOT NULL,
  `APPLICANT` varchar(90) NOT NULL,
  `REGISTRATIONDATE` date NOT NULL,
  `REMARKS` varchar(255) NOT NULL DEFAULT 'Pending',
  `FILEID` int(11) NOT NULL,
  `PENDINGAPPLICATION` tinyint(1) NOT NULL DEFAULT 1,
  `HVIEW` tinyint(1) NOT NULL DEFAULT 1,
  `DATETIMEAPPROVED` datetime NOT NULL
) ENGINE=InnoDB DEFAULT CHARSET=latin1;

-- --------------------------------------------------------

--
-- Table structure for table `tblusers`
--

CREATE TABLE `tblusers` (
  `USERID` varchar(30) NOT NULL,
  `FULLNAME` varchar(40) NOT NULL,
  `USERNAME` varchar(90) NOT NULL,
  `PASS` varchar(90) NOT NULL,
  `ROLE` varchar(30) NOT NULL,
  `PICLOCATION` varchar(255) NOT NULL
) ENGINE=InnoDB DEFAULT CHARSET=latin1;

--
-- Dumping data for table `tblusers`
--

INSERT INTO `tblusers` (`USERID`, `FULLNAME`, `USERNAME`, `PASS`, `ROLE`, `PICLOCATION`) VALUES
('00018', 'JANO ', 'admin', 'd033e22ae348aeb5660fc2140aec35850c4da997', 'Administrator', 'photos/077db70b-ab84-46c4-bbaa-a5dd6b7332a4_200x200.png'),
('2018001', 'Chambe Narciso', 'Narciso', 'f3593fd40c55c33d1788309d4137e82f5eab0dea', 'Employee', '');

--
-- Indexes for dumped tables
--

--
-- Indexes for table `tblapplicants`
--
ALTER TABLE `tblapplicants`
  ADD PRIMARY KEY (`APPLICANTID`);

--
-- Indexes for table `tblattachmentfile`
--
ALTER TABLE `tblattachmentfile`
  ADD PRIMARY KEY (`FILEID`);

--
-- Indexes for table `tblautonumbers`
--
ALTER TABLE `tblautonumbers`
  ADD PRIMARY KEY (`AUTOID`);

--
-- Indexes for table `tblcategory`
--
ALTER TABLE `tblcategory`
  ADD PRIMARY KEY (`CATEGORYID`);

--
-- Indexes for table `tblcompany`
--
ALTER TABLE `tblcompany`
  ADD PRIMARY KEY (`COMPANYID`);

--
-- Indexes for table `tblemployees`
--
ALTER TABLE `tblemployees`
  ADD PRIMARY KEY (`INCID`),
  ADD UNIQUE KEY `EMPLOYEEID` (`EMPLOYEEID`);

--
-- Indexes for table `tblfeedback`
--
ALTER TABLE `tblfeedback`
  ADD PRIMARY KEY (`FEEDBACKID`);

--
-- Indexes for table `tbljob`
--
ALTER TABLE `tbljob`
  ADD PRIMARY KEY (`JOBID`);

--
-- Indexes for table `tbljobregistration`
--
ALTER TABLE `tbljobregistration`
  ADD PRIMARY KEY (`REGISTRATIONID`);

--
-- Indexes for table `tblusers`
--
ALTER TABLE `tblusers`
  ADD PRIMARY KEY (`USERID`);

--
-- AUTO_INCREMENT for dumped tables
--

--
-- AUTO_INCREMENT for table `tblapplicants`
--
ALTER TABLE `tblapplicants`
  MODIFY `APPLICANTID` int(11) NOT NULL AUTO_INCREMENT, AUTO_INCREMENT=2019021;

--
-- AUTO_INCREMENT for table `tblattachmentfile`
--
ALTER TABLE `tblattachmentfile`
  MODIFY `FILEID` int(11) NOT NULL AUTO_INCREMENT, AUTO_INCREMENT=2147483648;

--
-- AUTO_INCREMENT for table `tblautonumbers`
--
ALTER TABLE `tblautonumbers`
  MODIFY `AUTOID` int(11) NOT NULL AUTO_INCREMENT, AUTO_INCREMENT=5;

--
-- AUTO_INCREMENT for table `tblcategory`
--
ALTER TABLE `tblcategory`
  MODIFY `CATEGORYID` int(11) NOT NULL AUTO_INCREMENT, AUTO_INCREMENT=29;

--
-- AUTO_INCREMENT for table `tblcompany`
--
ALTER TABLE `tblcompany`
  MODIFY `COMPANYID` int(11) NOT NULL AUTO_INCREMENT, AUTO_INCREMENT=8;

--
-- AUTO_INCREMENT for table `tblemployees`
--
ALTER TABLE `tblemployees`
  MODIFY `INCID` int(11) NOT NULL AUTO_INCREMENT, AUTO_INCREMENT=77;

--
-- AUTO_INCREMENT for table `tblfeedback`
--
ALTER TABLE `tblfeedback`
  MODIFY `FEEDBACKID` int(11) NOT NULL AUTO_INCREMENT;

--
-- AUTO_INCREMENT for table `tbljob`
--
ALTER TABLE `tbljob`
  MODIFY `JOBID` int(11) NOT NULL AUTO_INCREMENT, AUTO_INCREMENT=3;

--
-- AUTO_INCREMENT for table `tbljobregistration`
--
ALTER TABLE `tbljobregistration`
  MODIFY `REGISTRATIONID` int(11) NOT NULL AUTO_INCREMENT, AUTO_INCREMENT=6;
--
-- Database: `detsdb`
--
CREATE DATABASE IF NOT EXISTS `detsdb` DEFAULT CHARACTER SET utf8mb4 COLLATE utf8mb4_general_ci;
USE `detsdb`;

-- --------------------------------------------------------

--
-- Table structure for table `tblexpense`
--

CREATE TABLE `tblexpense` (
  `ID` int(10) NOT NULL,
  `UserId` int(10) NOT NULL,
  `ExpenseDate` date DEFAULT NULL,
  `ExpenseItem` varchar(200) DEFAULT NULL,
  `ExpenseCost` varchar(200) DEFAULT NULL,
  `NoteDate` timestamp NULL DEFAULT current_timestamp()
) ENGINE=InnoDB DEFAULT CHARSET=latin1;

--
-- Dumping data for table `tblexpense`
--

INSERT INTO `tblexpense` (`ID`, `UserId`, `ExpenseDate`, `ExpenseItem`, `ExpenseCost`, `NoteDate`) VALUES
(1, 2, '2019-05-15', 'Milk', '63', NULL),
(2, 2, '2019-05-15', 'Vegitables', '520', '2019-05-15 10:06:19'),
(3, 2, '2019-05-15', 'Household Items', '5200', '2019-05-15 10:07:08'),
(4, 2, '2019-05-14', 'Milk', '83', '2019-05-15 10:07:27'),
(5, 2, '2019-05-14', 'Bed Sheets', '1120', '2019-05-15 10:07:49'),
(6, 2, '2019-05-12', 'Fruits', '890', '2019-05-15 10:08:09'),
(7, 2, '2019-05-10', 'Household Items', '5600', '2019-05-15 10:08:26'),
(8, 2, '2019-04-24', 'Milk', '102', '2019-05-15 10:08:44'),
(9, 2, '2019-05-08', 'Bed Sheets', '890', '2019-05-15 10:08:57'),
(10, 2, '2018-12-19', 'Household Items', '1120', '2019-05-15 10:09:34'),
(11, 2, '2018-12-19', 'Fruits', '560', '2019-05-15 10:09:52'),
(13, 2, '2018-12-20', 'Tour of Manali', '30000', '2019-05-15 10:15:47'),
(14, 2, '2019-05-14', 'Milk', '360', '2019-05-15 10:21:31'),
(15, 3, '2019-05-15', 'Milk', '123', '2019-05-15 10:29:56'),
(16, 3, '2019-05-15', 'Household Items', '360', '2019-05-15 10:30:06'),
(17, 3, '2019-05-15', 'Bed Sheets', '3000', '2019-05-15 10:30:18'),
(18, 3, '2019-05-07', 'Milk', '123', '2019-05-15 10:30:28'),
(19, 3, '2019-05-14', 'Household Items', '3600', '2019-05-15 10:30:38'),
(20, 2, '2019-05-14', 'Electric Board Extension', '300', '2019-05-15 15:11:33'),
(21, 2, '2019-04-11', 'Milk', '123', '2019-05-15 17:50:24'),
(22, 2, '2019-04-10', 'Household Items', '520', '2019-05-15 17:50:37'),
(23, 2, '2019-05-16', 'Household Items', '360', '2019-05-16 07:29:54'),
(25, 8, '2019-05-17', 'Milk', '3600', '2019-05-17 05:35:13'),
(26, 8, '2019-05-16', 'Bed Sheets', '1025', '2019-05-17 05:35:42'),
(27, 1, '2019-05-17', 'Computer Mouse', '500', '2019-05-18 05:19:05'),
(30, 1, '2019-05-18', 'Milk + Bread', '80', '2019-05-18 05:22:01'),
(31, 10, '2019-05-16', 'Computer Mouse', '500', '2019-05-18 05:35:45'),
(32, 10, '2019-05-17', 'Milk+Bread', '80', '2019-05-18 05:36:06'),
(33, 10, '2019-05-18', 'Room Rent', '10000', '2019-05-18 05:36:26');

-- --------------------------------------------------------

--
-- Table structure for table `tbluser`
--

CREATE TABLE `tbluser` (
  `ID` int(10) NOT NULL,
  `FullName` varchar(150) DEFAULT NULL,
  `Email` varchar(200) DEFAULT NULL,
  `MobileNumber` bigint(10) DEFAULT NULL,
  `Password` varchar(200) DEFAULT NULL,
  `RegDate` timestamp NOT NULL DEFAULT current_timestamp()
) ENGINE=InnoDB DEFAULT CHARSET=latin1;

--
-- Dumping data for table `tbluser`
--

INSERT INTO `tbluser` (`ID`, `FullName`, `Email`, `MobileNumber`, `Password`, `RegDate`) VALUES
(1, 'Rajeshwari', 'raj@gmail.com', 5655555655, '202cb962ac59075b964b07152d234b70', '2019-05-15 08:52:27'),
(2, 'Meenakhi', 'meena@gmail.com', 8989898897, '81dc9bdb52d04dc20036dbd8313ed055', '2019-05-15 08:52:27'),
(3, 'Khusbu', 'khusi@gmail.com', 5645798897, '202cb962ac59075b964b07152d234b70', '2019-05-15 08:52:27'),
(4, 'Shantanu Bhardwaj', 'shan@gmail.com', 7895641236, '202cb962ac59075b964b07152d234b70', '2019-05-17 05:13:23'),
(8, 'Test', 'test@gmail.com', 5656556565, '202cb962ac59075b964b07152d234b70', '2019-05-17 05:34:16'),
(9, 'Anuj kumar', 'phpgurukulofficial@gmail.com', 1234567890, 'f925916e2754e5e03f75dd58a5733251', '2019-05-18 05:31:47'),
(10, 'Test User demo', 'testuser@gmail.com', 987654321, 'f925916e2754e5e03f75dd58a5733251', '2019-05-18 05:34:53'),
(11, 'Degbe Romuald Adjimagbe', 'romualdadjimagbe2018@gmail.com', 802835647, '278c935603a045c73c38f8c73cf1905d', '2021-07-23 06:24:49');

--
-- Indexes for dumped tables
--

--
-- Indexes for table `tblexpense`
--
ALTER TABLE `tblexpense`
  ADD PRIMARY KEY (`ID`);

--
-- Indexes for table `tbluser`
--
ALTER TABLE `tbluser`
  ADD PRIMARY KEY (`ID`);

--
-- AUTO_INCREMENT for dumped tables
--

--
-- AUTO_INCREMENT for table `tblexpense`
--
ALTER TABLE `tblexpense`
  MODIFY `ID` int(10) NOT NULL AUTO_INCREMENT, AUTO_INCREMENT=35;

--
-- AUTO_INCREMENT for table `tbluser`
--
ALTER TABLE `tbluser`
  MODIFY `ID` int(10) NOT NULL AUTO_INCREMENT, AUTO_INCREMENT=12;
--
-- Database: `dfsms`
--
CREATE DATABASE IF NOT EXISTS `dfsms` DEFAULT CHARACTER SET utf8mb4 COLLATE utf8mb4_general_ci;
USE `dfsms`;

-- --------------------------------------------------------

--
-- Table structure for table `tbladmin`
--

CREATE TABLE `tbladmin` (
  `ID` int(5) NOT NULL,
  `AdminName` varchar(45) DEFAULT NULL,
  `UserName` char(45) DEFAULT NULL,
  `MobileNumber` bigint(11) DEFAULT NULL,
  `Email` varchar(120) DEFAULT NULL,
  `Password` varchar(120) DEFAULT NULL,
  `AdminRegdate` timestamp NULL DEFAULT current_timestamp(),
  `UpdationDate` timestamp NULL DEFAULT NULL ON UPDATE current_timestamp()
) ENGINE=InnoDB DEFAULT CHARSET=latin1;

--
-- Dumping data for table `tbladmin`
--

INSERT INTO `tbladmin` (`ID`, `AdminName`, `UserName`, `MobileNumber`, `Email`, `Password`, `AdminRegdate`, `UpdationDate`) VALUES
(1, 'Admin', 'admin', 1234567899, 'admin@test.com', 'f925916e2754e5e03f75dd58a5733251', '2019-12-22 18:30:00', '2019-12-25 14:56:18');

-- --------------------------------------------------------

--
-- Table structure for table `tblcategory`
--

CREATE TABLE `tblcategory` (
  `id` int(11) NOT NULL,
  `CategoryName` varchar(200) DEFAULT NULL,
  `CategoryCode` varchar(50) DEFAULT NULL,
  `PostingDate` timestamp NULL DEFAULT current_timestamp()
) ENGINE=InnoDB DEFAULT CHARSET=latin1;

--
-- Dumping data for table `tblcategory`
--

INSERT INTO `tblcategory` (`id`, `CategoryName`, `CategoryCode`, `PostingDate`) VALUES
(1, 'Milk', 'MK01', '2019-12-24 16:27:43'),
(2, 'Butter', 'BT01', '2019-12-24 16:27:59'),
(3, 'Bread', 'BD01', '2019-12-24 16:28:12'),
(4, 'Paneer', 'PN01', '2019-12-24 16:29:18'),
(5, 'Soya', 'SY01', '2019-12-24 16:29:58'),
(7, 'Ghee', 'GH01', '2019-12-25 14:52:08');

-- --------------------------------------------------------

--
-- Table structure for table `tblcompany`
--

CREATE TABLE `tblcompany` (
  `id` int(11) NOT NULL,
  `CompanyName` varchar(150) DEFAULT NULL,
  `PostingDate` timestamp NULL DEFAULT current_timestamp()
) ENGINE=InnoDB DEFAULT CHARSET=latin1;

--
-- Dumping data for table `tblcompany`
--

INSERT INTO `tblcompany` (`id`, `CompanyName`, `PostingDate`) VALUES
(1, 'Amul', '2019-12-25 03:30:51'),
(2, 'Mother Diary', '2019-12-25 03:30:59'),
(3, 'Patanjali', '2019-12-25 03:31:09'),
(4, 'Namaste India', '2019-12-25 03:31:21'),
(10, 'Paras', '2019-12-25 14:52:50');

-- --------------------------------------------------------

--
-- Table structure for table `tblorders`
--

CREATE TABLE `tblorders` (
  `id` int(11) NOT NULL,
  `ProductId` int(11) DEFAULT NULL,
  `Quantity` int(11) DEFAULT NULL,
  `InvoiceNumber` int(11) DEFAULT NULL,
  `CustomerName` varchar(150) DEFAULT NULL,
  `CustomerContactNo` bigint(12) DEFAULT NULL,
  `PaymentMode` varchar(100) DEFAULT NULL,
  `InvoiceGenDate` timestamp NULL DEFAULT current_timestamp()
) ENGINE=InnoDB DEFAULT CHARSET=latin1;

--
-- Dumping data for table `tblorders`
--

INSERT INTO `tblorders` (`id`, `ProductId`, `Quantity`, `InvoiceNumber`, `CustomerName`, `CustomerContactNo`, `PaymentMode`, `InvoiceGenDate`) VALUES
(1, 4, 2, 753947547, 'Anuj', 9354778033, 'cash', '2019-12-25 08:32:47'),
(2, 1, 1, 753947547, 'Anuj', 9354778033, 'cash', '2019-12-25 08:32:47'),
(3, 1, 1, 979148350, 'Sanjeen', 1234567890, 'card', '2019-12-25 11:38:08'),
(4, 4, 1, 979148350, 'Sanjeen', 1234567890, 'card', '2019-12-25 11:38:08'),
(5, 1, 1, 861354457, 'Rahul', 9876543210, 'cash', '2019-12-24 11:43:48'),
(6, 5, 1, 861354457, 'Rahul', 9876543210, 'cash', '2019-12-24 11:43:48'),
(7, 5, 1, 276794782, 'Sarita', 1122334455, 'cash', '2019-12-25 11:48:06'),
(8, 6, 1, 276794782, 'Sarita', 1122334455, 'cash', '2019-12-25 11:48:06'),
(9, 6, 2, 744608164, 'Babu Pandey', 123458962, 'card', '2019-12-25 12:07:50'),
(10, 2, 2, 744608164, 'Babu Pandey', 123458962, 'card', '2019-12-25 12:07:50'),
(11, 7, 1, 139640585, 'John', 45632147892, 'cash', '2019-12-25 14:54:24'),
(12, 5, 1, 139640585, 'John', 45632147892, 'cash', '2019-12-25 14:54:24');

-- --------------------------------------------------------

--
-- Table structure for table `tblproducts`
--

CREATE TABLE `tblproducts` (
  `id` int(11) NOT NULL,
  `CategoryName` varchar(150) DEFAULT NULL,
  `CompanyName` varchar(150) DEFAULT NULL,
  `ProductName` varchar(150) DEFAULT NULL,
  `ProductPrice` decimal(10,0) DEFAULT current_timestamp(),
  `PostingDate` timestamp NOT NULL DEFAULT current_timestamp() ON UPDATE current_timestamp(),
  `UpdationDate` timestamp NULL DEFAULT NULL ON UPDATE current_timestamp()
) ENGINE=InnoDB DEFAULT CHARSET=latin1;

--
-- Dumping data for table `tblproducts`
--

INSERT INTO `tblproducts` (`id`, `CategoryName`, `CompanyName`, `ProductName`, `ProductPrice`, `PostingDate`, `UpdationDate`) VALUES
(1, 'Milk', 'Amul', 'Toned milk 500ml', '22', '2019-12-25 05:22:37', '2019-12-25 05:22:37'),
(2, 'Milk', 'Amul', 'Toned milk 1ltr', '42', '2019-12-25 04:25:20', NULL),
(3, 'Milk', 'Mother Diary', 'Full Cream Milk 500ml', '26', '2019-12-25 06:42:24', '2019-12-25 06:42:24'),
(4, 'Milk', 'Mother Diary', 'Full Cream Milk 1ltr', '50', '2019-12-25 06:42:39', '2019-12-25 06:42:39'),
(5, 'Butter', 'Amul', 'Butter 100mg', '46', '2019-12-25 11:42:56', '2019-12-25 11:42:56'),
(6, 'Bread', 'Patanjali', 'Sandwich Bread', '30', '2019-12-25 11:40:10', NULL),
(7, 'Ghee', 'Paras', 'Ghee 500mg', '350', '2019-12-25 14:53:33', '2019-12-25 14:53:33');

--
-- Indexes for dumped tables
--

--
-- Indexes for table `tbladmin`
--
ALTER TABLE `tbladmin`
  ADD PRIMARY KEY (`ID`);

--
-- Indexes for table `tblcategory`
--
ALTER TABLE `tblcategory`
  ADD PRIMARY KEY (`id`);

--
-- Indexes for table `tblcompany`
--
ALTER TABLE `tblcompany`
  ADD PRIMARY KEY (`id`);

--
-- Indexes for table `tblorders`
--
ALTER TABLE `tblorders`
  ADD PRIMARY KEY (`id`);

--
-- Indexes for table `tblproducts`
--
ALTER TABLE `tblproducts`
  ADD PRIMARY KEY (`id`);

--
-- AUTO_INCREMENT for dumped tables
--

--
-- AUTO_INCREMENT for table `tbladmin`
--
ALTER TABLE `tbladmin`
  MODIFY `ID` int(5) NOT NULL AUTO_INCREMENT, AUTO_INCREMENT=2;

--
-- AUTO_INCREMENT for table `tblcategory`
--
ALTER TABLE `tblcategory`
  MODIFY `id` int(11) NOT NULL AUTO_INCREMENT, AUTO_INCREMENT=8;

--
-- AUTO_INCREMENT for table `tblcompany`
--
ALTER TABLE `tblcompany`
  MODIFY `id` int(11) NOT NULL AUTO_INCREMENT, AUTO_INCREMENT=11;

--
-- AUTO_INCREMENT for table `tblorders`
--
ALTER TABLE `tblorders`
  MODIFY `id` int(11) NOT NULL AUTO_INCREMENT, AUTO_INCREMENT=13;

--
-- AUTO_INCREMENT for table `tblproducts`
--
ALTER TABLE `tblproducts`
  MODIFY `id` int(11) NOT NULL AUTO_INCREMENT, AUTO_INCREMENT=8;
--
-- Database: `employment_leave`
--
CREATE DATABASE IF NOT EXISTS `employment_leave` DEFAULT CHARACTER SET utf8mb4 COLLATE utf8mb4_general_ci;
USE `employment_leave`;
--
-- Database: `erisdb`
--
CREATE DATABASE IF NOT EXISTS `erisdb` DEFAULT CHARACTER SET utf8mb4 COLLATE utf8mb4_general_ci;
USE `erisdb`;

-- --------------------------------------------------------

--
-- Table structure for table `tblapplicants`
--

CREATE TABLE `tblapplicants` (
  `APPLICANTID` int(11) NOT NULL,
  `FNAME` varchar(90) NOT NULL,
  `LNAME` varchar(90) NOT NULL,
  `MNAME` varchar(90) NOT NULL,
  `ADDRESS` varchar(255) NOT NULL,
  `SEX` varchar(11) NOT NULL,
  `CIVILSTATUS` varchar(30) NOT NULL,
  `BIRTHDATE` date NOT NULL,
  `BIRTHPLACE` varchar(255) NOT NULL,
  `AGE` int(2) NOT NULL,
  `USERNAME` varchar(90) NOT NULL,
  `PASS` varchar(90) NOT NULL,
  `EMAILADDRESS` varchar(90) NOT NULL,
  `CONTACTNO` varchar(90) NOT NULL,
  `DEGREE` text NOT NULL,
  `APPLICANTPHOTO` varchar(255) NOT NULL,
  `NATIONALID` varchar(255) NOT NULL
) ENGINE=InnoDB DEFAULT CHARSET=latin1;

--
-- Dumping data for table `tblapplicants`
--

INSERT INTO `tblapplicants` (`APPLICANTID`, `FNAME`, `LNAME`, `MNAME`, `ADDRESS`, `SEX`, `CIVILSTATUS`, `BIRTHDATE`, `BIRTHPLACE`, `AGE`, `USERNAME`, `PASS`, `EMAILADDRESS`, `CONTACTNO`, `DEGREE`, `APPLICANTPHOTO`, `NATIONALID`) VALUES
(2018013, 'Kim', 'Domingo', 'Enoe', 'Kab City', 'Female', 'none', '1991-01-01', 'Kab Citys', 27, 'kim', 'a6312121e15caec74845b7ba5af23330d52d4ac0', 'kim@y.com', '5415456', 'BSAC', 'photos/RobloxScreenShot20180406_203758793.png', ''),
(2018014, 'Jake', 'Zyrus', 'Ilmba', 'Kab City', 'Female', 'none', '1993-01-16', 'Kab City', 25, 'jake', 'c8d99c2f7cd5f432c163abcd422672b9f77550bb', 'jake@y.com', '14655623123123', 'BSIT', '', ''),
(2018015, 'Janry', 'Tan', 'Lim', 'brgy 1 Kab City', 'Female', 'Single', '1992-01-30', 'Kab City', 26, 'janry', '1dd4efc811372cd1efe855981a8863d10ddde1ca', 'jan@gmail.com', '0234234', 'BSIT', '', ''),
(2021016, 'Romuald', 'Degbe', 'Adjimagbe', 'Oluwaseyi street', 'Male', 'Single', '1998-06-19', 'ijesha', 23, 'Romuald01', '08b66abfa900091ac85a1623f89a8b613cd2730b', 'romualdadjimagbe2018@gmail.com', '09088776622', 'OND', '', ''),
(2021017, 'smith', 'joe', 'john', 'marina lagos', 'Male', 'Single', '1996-04-29', 'lagos', 25, 'smith@gmail.com', '2b5c240e6abd88e71ffc225b0459016e4cba9bda', 'smith@gmail.com', '09083656222', 'HND', '', '');

-- --------------------------------------------------------

--
-- Table structure for table `tblattachmentfile`
--

CREATE TABLE `tblattachmentfile` (
  `FILEID` int(11) NOT NULL,
  `JOBID` int(11) NOT NULL,
  `FILE_NAME` varchar(90) NOT NULL,
  `FILE_LOCATION` varchar(255) NOT NULL,
  `USERATTACHMENTID` int(11) NOT NULL
) ENGINE=InnoDB DEFAULT CHARSET=latin1;

--
-- Dumping data for table `tblattachmentfile`
--

INSERT INTO `tblattachmentfile` (`FILEID`, `JOBID`, `FILE_NAME`, `FILE_LOCATION`, `USERATTACHMENTID`) VALUES
(2147483647, 2, 'Resume', 'photos/27052018124027PLATENO FE95483.docx', 2018013);

-- --------------------------------------------------------

--
-- Table structure for table `tblautonumbers`
--

CREATE TABLE `tblautonumbers` (
  `AUTOID` int(11) NOT NULL,
  `AUTOSTART` varchar(30) NOT NULL,
  `AUTOEND` int(11) NOT NULL,
  `AUTOINC` int(11) NOT NULL,
  `AUTOKEY` varchar(30) NOT NULL
) ENGINE=InnoDB DEFAULT CHARSET=latin1;

--
-- Dumping data for table `tblautonumbers`
--

INSERT INTO `tblautonumbers` (`AUTOID`, `AUTOSTART`, `AUTOEND`, `AUTOINC`, `AUTOKEY`) VALUES
(1, '02983', 7, 1, 'userid'),
(2, '000', 78, 1, 'employeeid'),
(3, '0', 18, 1, 'APPLICANT'),
(4, '69125', 42, 1, 'FILEID');

-- --------------------------------------------------------

--
-- Table structure for table `tblcategory`
--

CREATE TABLE `tblcategory` (
  `CATEGORYID` int(11) NOT NULL,
  `CATEGORY` varchar(90) NOT NULL
) ENGINE=InnoDB DEFAULT CHARSET=latin1;

--
-- Dumping data for table `tblcategory`
--

INSERT INTO `tblcategory` (`CATEGORYID`, `CATEGORY`) VALUES
(10, 'Technology'),
(11, 'Managerial'),
(12, 'Engineer'),
(13, 'IT'),
(14, 'Civil Engineer'),
(15, 'HR'),
(23, 'Sales'),
(24, 'Banking'),
(25, 'Finance'),
(26, 'BPO'),
(27, 'Degital Marketing'),
(28, 'Shipping');

-- --------------------------------------------------------

--
-- Table structure for table `tblcompany`
--

CREATE TABLE `tblcompany` (
  `COMPANYID` int(11) NOT NULL,
  `COMPANYNAME` varchar(90) NOT NULL,
  `COMPANYADDRESS` varchar(90) NOT NULL,
  `COMPANYCONTACTNO` varchar(30) NOT NULL,
  `COMPANYSTATUS` varchar(90) NOT NULL,
  `COMPANYMISSION` text NOT NULL
) ENGINE=InnoDB DEFAULT CHARSET=latin1;

--
-- Dumping data for table `tblcompany`
--

INSERT INTO `tblcompany` (`COMPANYID`, `COMPANYNAME`, `COMPANYADDRESS`, `COMPANYCONTACTNO`, `COMPANYSTATUS`, `COMPANYMISSION`) VALUES
(2, 'Andela', 'Ikorodu', '023654', '', 'To develop a suitable and professional applications for these business in these century'),
(3, 'Softwares', 'marina,Lagos', '035656', '', ''),
(4, 'Adobe photoshop', 'Sans francisco, Usa', '23165', '', 'To give quality and attractive designs to people brands and products'),
(6, 'Sterling Bank plc', 'Baby o,sango ota', '0625656899', '', ''),
(7, 'IT Company', 'Ikoyi City', '04564123', '', '');

-- --------------------------------------------------------

--
-- Table structure for table `tblemployees`
--

CREATE TABLE `tblemployees` (
  `INCID` int(11) NOT NULL,
  `EMPLOYEEID` varchar(30) NOT NULL,
  `FNAME` varchar(50) NOT NULL,
  `LNAME` varchar(50) NOT NULL,
  `MNAME` varchar(50) NOT NULL,
  `ADDRESS` varchar(90) NOT NULL,
  `BIRTHDATE` date NOT NULL,
  `BIRTHPLACE` varchar(90) NOT NULL,
  `AGE` int(11) NOT NULL,
  `SEX` varchar(30) NOT NULL,
  `CIVILSTATUS` varchar(30) NOT NULL,
  `TELNO` varchar(40) NOT NULL,
  `EMP_EMAILADDRESS` varchar(90) NOT NULL,
  `CELLNO` varchar(30) NOT NULL,
  `POSITION` varchar(50) NOT NULL,
  `WORKSTATS` varchar(90) NOT NULL,
  `EMPPHOTO` varchar(255) NOT NULL,
  `EMPUSERNAME` varchar(90) NOT NULL,
  `EMPPASSWORD` varchar(125) NOT NULL,
  `DATEHIRED` date NOT NULL,
  `COMPANYID` int(11) NOT NULL
) ENGINE=InnoDB DEFAULT CHARSET=latin1;

--
-- Dumping data for table `tblemployees`
--

INSERT INTO `tblemployees` (`INCID`, `EMPLOYEEID`, `FNAME`, `LNAME`, `MNAME`, `ADDRESS`, `BIRTHDATE`, `BIRTHPLACE`, `AGE`, `SEX`, `CIVILSTATUS`, `TELNO`, `EMP_EMAILADDRESS`, `CELLNO`, `POSITION`, `WORKSTATS`, `EMPPHOTO`, `EMPUSERNAME`, `EMPPASSWORD`, `DATEHIRED`, `COMPANYID`) VALUES
(76, '2018001', 'Chambe', 'Narciso', 'Captain', 'mabinay', '1992-01-23', 'Mabinay', 26, 'Male', 'Married', '032656', 'chambe@yahoo.com', '', 'Fuel Tender', '', '', '2018001', 'f3593fd40c55c33d1788309d4137e82f5eab0dea', '2018-05-23', 2);

-- --------------------------------------------------------

--
-- Table structure for table `tblfeedback`
--

CREATE TABLE `tblfeedback` (
  `FEEDBACKID` int(11) NOT NULL,
  `APPLICANTID` int(11) NOT NULL,
  `REGISTRATIONID` int(11) NOT NULL,
  `FEEDBACK` text NOT NULL
) ENGINE=InnoDB DEFAULT CHARSET=latin1;

-- --------------------------------------------------------

--
-- Table structure for table `tbljob`
--

CREATE TABLE `tbljob` (
  `JOBID` int(11) NOT NULL,
  `COMPANYID` int(11) NOT NULL,
  `CATEGORY` varchar(90) NOT NULL,
  `OCCUPATIONTITLE` varchar(90) NOT NULL,
  `REQ_NO_EMPLOYEES` int(11) NOT NULL,
  `SALARIES` double NOT NULL,
  `DURATION_EMPLOYEMENT` varchar(90) NOT NULL,
  `QUALIFICATION_WORKEXPERIENCE` text NOT NULL,
  `JOBDESCRIPTION` text NOT NULL,
  `PREFEREDSEX` varchar(30) NOT NULL,
  `SECTOR_VACANCY` text NOT NULL,
  `JOBSTATUS` varchar(90) NOT NULL,
  `DATEPOSTED` datetime NOT NULL
) ENGINE=InnoDB DEFAULT CHARSET=latin1;

--
-- Dumping data for table `tbljob`
--

INSERT INTO `tbljob` (`JOBID`, `COMPANYID`, `CATEGORY`, `OCCUPATIONTITLE`, `REQ_NO_EMPLOYEES`, `SALARIES`, `DURATION_EMPLOYEMENT`, `QUALIFICATION_WORKEXPERIENCE`, `JOBDESCRIPTION`, `PREFEREDSEX`, `SECTOR_VACANCY`, `JOBSTATUS`, `DATEPOSTED`) VALUES
(1, 3, 'Technology', 'ICT Analyst', 6, 150000, 'jan 30', 'Two year Experience', 'We are looking for bachelor of science in information technology.\r\n', 'Male/Female', 'yes', 'ICT Ananlyst(HEAD)', '2021-09-27 00:00:00'),
(2, 2, 'Technology', 'Software development', 1, 300000, 'Dec 15', 'Two years Experience', 'We are looking for bachelor of science in Computer science', 'Female', 'yes', '', '2021-09-28 02:33:00'),
(3, 4, 'managerial', 'Book keeping', 100, 300000, 'Dec 15,2021', 'Two years Experience', 'We are looking for bachelor of science in Book Keeping', 'Male', 'yes', '', '2021-09-28 02:33:00'),
(4, 5, 'managerial', 'Accounting', 100, 300000, 'Dec 15,2021', 'Two years Experience', 'We are looking for bachelor of science in Accounting', 'Female', 'yes', '', '2021-09-28 02:33:00'),
(5, 6, 'Engineer jobs', 'cloud Engineer', 100, 3000000, 'Dec 15,2021', 'five years Experience', 'We are looking for bachelor of science in Accounting', 'Female', 'yes', '', '2021-09-28 02:33:00'),
(6, 7, 'Engineer jobs', 'software Engineer', 100, 3000000, 'Dec 15,2021', 'five years Experience', 'We are looking for bachelor of science in Accounting', 'Female', 'yes', '', '2021-09-28 02:33:00'),
(7, 2, 'IT JOBS', 'front end developer(Mobile App and web)', 100, 3000000, 'Dec 15,2021', 'five years Experience', 'We are looking for bachelor of science in Accounting', 'Male', 'yes', '', '2021-09-28 02:33:00'),
(8, 3, 'IT jobs', 'Backend developer(Mobile App and web)', 100, 200000, 'Dec 15,2021', 'five years Experience', 'We are looking for bachelor of science in Accounting', 'Male', 'yes', '', '2021-09-28 02:33:00'),
(9, 10, 'Banking Jobs', 'Account Office(UBA PLC)', 100, 3000000, 'Dec 15,2021', 'five years Experience', 'We are looking for bachelor of science in Accounting', 'Male', 'yes', '', '2021-09-28 02:33:00'),
(10, 2, 'Civil engineer jobs', 'Road Construction Architects', 100, 100000, 'Nov 15,2021', 'five years Experience', 'We are looking for bachelor of science in Accounting', 'Male', 'yes', '', '2021-09-28 02:33:00'),
(11, 3, 'civil engineer job', 'Road Construction', 100, 100000, 'Nov 15,2021', 'five years Experience', 'We are looking for bachelor of science in Accounting', 'Male', 'yes', '', '2021-09-28 02:33:00'),
(12, 4, 'civil engineer job', 'Bridge architects', 100, 100000, 'Nov 15,2021', 'five years Experience', 'We are looking for bachelor of science in Accounting', 'Male', 'yes', '', '2021-09-28 02:33:00'),
(16, 4, 'Technology', 'SYSTEM Analyst', 6, 150000, 'jan 30', 'Two year Experience', 'We are looking for bachelor of science in information technology.\r\n', 'Male/Female', 'yes', 'ICT Ananlyst(HEAD)', '2021-09-27 00:00:00'),
(17, 2, 'Banking Jobs', 'Account Officer(UBA PLC)', 100, 3000000, 'Dec 15,2021', 'five years Experience', 'We are looking for bachelor of science in Accounting', 'Male', 'yes', '', '2021-09-28 02:33:00'),
(18, 3, 'Banking Jobs', 'Bank Manager(UBA PLC)', 100, 3000000, 'Dec 15,2021', 'five years Experience', 'We are looking for bachelor of science in Accounting', 'Male', 'yes', '', '2021-09-28 02:33:00'),
(19, 2, 'Sales job', 'Sales Manager', 100, 30000, 'Dec 15,2021', 'five years Experience', 'We are looking for bachelor of science in business adminstration', 'Male', 'yes', '', '2021-09-28 02:33:00'),
(20, 3, 'Sales jobs', 'Sales Accountant', 100, 20000, 'Dec 15,2021', 'five years Experience', 'We are looking for bachelor of science in Accounting', 'Male', 'yes', '', '2021-09-28 02:33:00'),
(21, 2, 'Finance Jobs', 'Financial service senior manager', 100, 30000, 'Dec 15,2021', 'five years Experience', 'We are looking for bachelor of science in business adminstration or Banking and finance', 'Male', 'yes', '', '2021-09-28 02:33:00'),
(22, 3, 'Finance jobs', 'Financial Associate', 100, 20000, 'Dec 15,2021', 'five years Experience', 'We are looking for bachelor of science in Banking and finance', 'Male', 'yes', '', '2021-09-28 02:33:00'),
(23, 2, 'BPO Jobs', 'Business Developer', 100, 30000, 'Dec 15,2021', 'five years Experience', 'We are looking for bachelor of science in business administration', 'Male', 'yes', '', '2021-09-28 02:33:00'),
(24, 3, 'BPO jobs', 'Business Process Outsourcing Team', 100, 200000, 'Dec 15,2021', 'five years Experience', 'We are looking for bachelor of science in Business Adminstation', 'Male', 'yes', '', '2021-09-28 02:33:00'),
(25, 3, 'HR jobs', 'HR Manager', 100, 200000, 'Dec 15,2021', 'five years Experience', 'We are looking for bachelor of science in Business Adminstation', 'Male', 'yes', '', '2021-09-28 02:33:00');

-- --------------------------------------------------------

--
-- Table structure for table `tbljobregistration`
--

CREATE TABLE `tbljobregistration` (
  `REGISTRATIONID` int(11) NOT NULL,
  `COMPANYID` int(11) NOT NULL,
  `JOBID` int(11) NOT NULL,
  `APPLICANTID` int(11) NOT NULL,
  `APPLICANT` varchar(90) NOT NULL,
  `REGISTRATIONDATE` date NOT NULL,
  `REMARKS` varchar(255) NOT NULL DEFAULT 'Pending',
  `FILEID` int(11) NOT NULL,
  `PENDINGAPPLICATION` tinyint(1) NOT NULL DEFAULT 1,
  `HVIEW` tinyint(1) NOT NULL DEFAULT 1,
  `DATETIMEAPPROVED` datetime NOT NULL
) ENGINE=InnoDB DEFAULT CHARSET=latin1;

--
-- Dumping data for table `tbljobregistration`
--

INSERT INTO `tbljobregistration` (`REGISTRATIONID`, `COMPANYID`, `JOBID`, `APPLICANTID`, `APPLICANT`, `REGISTRATIONDATE`, `REMARKS`, `FILEID`, `PENDINGAPPLICATION`, `HVIEW`, `DATETIMEAPPROVED`) VALUES
(1, 2, 2, 2018013, 'Kim Domingo', '2018-05-27', 'Ive seen your work and its really interesting', 2147483647, 0, 1, '2018-05-26 16:13:01'),
(2, 2, 2, 2018015, 'Janry Tan', '2018-05-26', 'aasd', 2147483647, 0, 0, '2018-05-28 14:14:45'),
(3, 2, 2, 2021016, 'Romuald Degbe', '2021-09-27', 'Pending', 2147483647, 1, 1, '2021-09-27 18:19:00'),
(4, 2, 2, 2021016, 'Romuald Degbe', '2021-09-27', 'Pending', 2147483647, 1, 1, '2021-09-27 19:06:00'),
(5, 2, 2, 2021016, 'Romuald Degbe', '2021-09-27', 'Pending', 2147483647, 1, 1, '2021-09-27 19:08:00'),
(6, 2, 2, 2021017, 'smith joe', '2021-09-28', 'Pending', 2147483647, 1, 1, '2021-09-28 15:42:00'),
(7, 2, 2, 2021017, 'smith joe', '2021-09-28', 'Pending', 2147483647, 1, 1, '2021-09-28 16:04:00'),
(8, 2, 2, 2021017, 'smith joe', '2021-09-28', 'Pending', 2147483647, 1, 1, '2021-09-28 16:37:00'),
(9, 2, 2, 2021017, 'smith joe', '2021-09-28', 'Pending', 2147483647, 1, 1, '2021-09-28 16:40:00'),
(10, 2, 2, 2021017, 'smith joe', '2021-09-28', 'Pending', 2147483647, 1, 1, '2021-09-28 16:41:00'),
(11, 2, 2, 2021017, 'smith joe', '2021-09-28', 'Pending', 2147483647, 1, 1, '2021-09-28 16:42:00'),
(12, 2, 2, 2021017, 'smith joe', '2021-09-28', 'Pending', 2147483647, 1, 1, '2021-09-28 16:43:00'),
(13, 2, 2, 2021017, 'smith joe', '2021-09-28', 'Pending', 2147483647, 1, 1, '2021-09-28 16:44:00'),
(14, 2, 2, 2021017, 'smith joe', '2021-09-27', 'Pending', 2147483647, 1, 1, '2021-09-27 19:43:00');

-- --------------------------------------------------------

--
-- Table structure for table `tblusers`
--

CREATE TABLE `tblusers` (
  `USERID` varchar(30) NOT NULL,
  `FULLNAME` varchar(40) NOT NULL,
  `USERNAME` varchar(90) NOT NULL,
  `PASS` varchar(90) NOT NULL,
  `ROLE` varchar(30) NOT NULL,
  `PICLOCATION` varchar(255) NOT NULL
) ENGINE=InnoDB DEFAULT CHARSET=latin1;

--
-- Dumping data for table `tblusers`
--

INSERT INTO `tblusers` (`USERID`, `FULLNAME`, `USERNAME`, `PASS`, `ROLE`, `PICLOCATION`) VALUES
('00018', 'admin', 'admin', 'd033e22ae348aeb5660fc2140aec35850c4da997', 'Administrator', 'photos/Koala.jpg'),
('2018001', 'Employee', 'Employee', 'f3593fd40c55c33d1788309d4137e82f5eab0dea', 'Employee', '');

--
-- Indexes for dumped tables
--

--
-- Indexes for table `tblapplicants`
--
ALTER TABLE `tblapplicants`
  ADD PRIMARY KEY (`APPLICANTID`);

--
-- Indexes for table `tblattachmentfile`
--
ALTER TABLE `tblattachmentfile`
  ADD PRIMARY KEY (`FILEID`);

--
-- Indexes for table `tblautonumbers`
--
ALTER TABLE `tblautonumbers`
  ADD PRIMARY KEY (`AUTOID`);

--
-- Indexes for table `tblcategory`
--
ALTER TABLE `tblcategory`
  ADD PRIMARY KEY (`CATEGORYID`);

--
-- Indexes for table `tblcompany`
--
ALTER TABLE `tblcompany`
  ADD PRIMARY KEY (`COMPANYID`);

--
-- Indexes for table `tblemployees`
--
ALTER TABLE `tblemployees`
  ADD PRIMARY KEY (`INCID`),
  ADD UNIQUE KEY `EMPLOYEEID` (`EMPLOYEEID`);

--
-- Indexes for table `tblfeedback`
--
ALTER TABLE `tblfeedback`
  ADD PRIMARY KEY (`FEEDBACKID`);

--
-- Indexes for table `tbljob`
--
ALTER TABLE `tbljob`
  ADD PRIMARY KEY (`JOBID`);

--
-- Indexes for table `tbljobregistration`
--
ALTER TABLE `tbljobregistration`
  ADD PRIMARY KEY (`REGISTRATIONID`);

--
-- Indexes for table `tblusers`
--
ALTER TABLE `tblusers`
  ADD PRIMARY KEY (`USERID`);

--
-- AUTO_INCREMENT for dumped tables
--

--
-- AUTO_INCREMENT for table `tblapplicants`
--
ALTER TABLE `tblapplicants`
  MODIFY `APPLICANTID` int(11) NOT NULL AUTO_INCREMENT, AUTO_INCREMENT=2021018;

--
-- AUTO_INCREMENT for table `tblattachmentfile`
--
ALTER TABLE `tblattachmentfile`
  MODIFY `FILEID` int(11) NOT NULL AUTO_INCREMENT, AUTO_INCREMENT=2147483648;

--
-- AUTO_INCREMENT for table `tblautonumbers`
--
ALTER TABLE `tblautonumbers`
  MODIFY `AUTOID` int(11) NOT NULL AUTO_INCREMENT, AUTO_INCREMENT=5;

--
-- AUTO_INCREMENT for table `tblcategory`
--
ALTER TABLE `tblcategory`
  MODIFY `CATEGORYID` int(11) NOT NULL AUTO_INCREMENT, AUTO_INCREMENT=29;

--
-- AUTO_INCREMENT for table `tblcompany`
--
ALTER TABLE `tblcompany`
  MODIFY `COMPANYID` int(11) NOT NULL AUTO_INCREMENT, AUTO_INCREMENT=8;

--
-- AUTO_INCREMENT for table `tblemployees`
--
ALTER TABLE `tblemployees`
  MODIFY `INCID` int(11) NOT NULL AUTO_INCREMENT, AUTO_INCREMENT=77;

--
-- AUTO_INCREMENT for table `tblfeedback`
--
ALTER TABLE `tblfeedback`
  MODIFY `FEEDBACKID` int(11) NOT NULL AUTO_INCREMENT, AUTO_INCREMENT=2;

--
-- AUTO_INCREMENT for table `tbljob`
--
ALTER TABLE `tbljob`
  MODIFY `JOBID` int(11) NOT NULL AUTO_INCREMENT, AUTO_INCREMENT=26;

--
-- AUTO_INCREMENT for table `tbljobregistration`
--
ALTER TABLE `tbljobregistration`
  MODIFY `REGISTRATIONID` int(11) NOT NULL AUTO_INCREMENT, AUTO_INCREMENT=15;
--
-- Database: `food-ordering`
--
CREATE DATABASE IF NOT EXISTS `food-ordering` DEFAULT CHARACTER SET utf8mb4 COLLATE utf8mb4_general_ci;
USE `food-ordering`;

-- --------------------------------------------------------

--
-- Table structure for table `tbl_admin`
--

CREATE TABLE `tbl_admin` (
  `id` int(11) NOT NULL,
  `tbl_name` int(11) NOT NULL,
  `username` int(11) NOT NULL,
  `password` int(11) NOT NULL
) ENGINE=InnoDB DEFAULT CHARSET=utf8mb4;

-- --------------------------------------------------------

--
-- Table structure for table `tbl_category`
--

CREATE TABLE `tbl_category` (
  `id` int(100) NOT NULL,
  `tbl` int(100) NOT NULL,
  `image_name` int(255) NOT NULL,
  `filterred` int(10) NOT NULL,
  `active` varchar(10) NOT NULL
) ENGINE=InnoDB DEFAULT CHARSET=utf8mb4;

-- --------------------------------------------------------

--
-- Table structure for table `tbl_food`
--

CREATE TABLE `tbl_food` (
  `id` int(100) NOT NULL,
  `ide` int(150) NOT NULL,
  `description` int(255) NOT NULL,
  `price` decimal(10,0) NOT NULL,
  `image_name` varchar(255) NOT NULL,
  `category_id` int(100) NOT NULL,
  `filtered` varchar(10) NOT NULL,
  `active` varchar(10) NOT NULL
) ENGINE=InnoDB DEFAULT CHARSET=utf8mb4;

-- --------------------------------------------------------

--
-- Table structure for table `tbl_order`
--

CREATE TABLE `tbl_order` (
  `id` int(100) NOT NULL,
  `food` varchar(150) NOT NULL,
  `price` int(255) NOT NULL,
  `qty` decimal(10,0) NOT NULL,
  `total` varchar(255) NOT NULL,
  `order-date` int(10) NOT NULL,
  `status` varchar(10) NOT NULL,
  `customer_name` varchar(150) NOT NULL,
  `customer_contact` int(20) NOT NULL,
  `customer_email` varchar(150) NOT NULL,
  `customer_address` varchar(255) NOT NULL
) ENGINE=InnoDB DEFAULT CHARSET=utf8mb4;

--
-- Indexes for dumped tables
--

--
-- Indexes for table `tbl_category`
--
ALTER TABLE `tbl_category`
  ADD PRIMARY KEY (`id`);

--
-- Indexes for table `tbl_food`
--
ALTER TABLE `tbl_food`
  ADD PRIMARY KEY (`id`);

--
-- Indexes for table `tbl_order`
--
ALTER TABLE `tbl_order`
  ADD PRIMARY KEY (`id`);

--
-- AUTO_INCREMENT for dumped tables
--

--
-- AUTO_INCREMENT for table `tbl_category`
--
ALTER TABLE `tbl_category`
  MODIFY `id` int(100) NOT NULL AUTO_INCREMENT;

--
-- AUTO_INCREMENT for table `tbl_food`
--
ALTER TABLE `tbl_food`
  MODIFY `id` int(100) NOT NULL AUTO_INCREMENT;

--
-- AUTO_INCREMENT for table `tbl_order`
--
ALTER TABLE `tbl_order`
  MODIFY `id` int(100) NOT NULL AUTO_INCREMENT;
--
-- Database: `foodorder`
--
CREATE DATABASE IF NOT EXISTS `foodorder` DEFAULT CHARACTER SET utf8mb4 COLLATE utf8mb4_general_ci;
USE `foodorder`;

-- --------------------------------------------------------

--
-- Table structure for table `contact`
--

CREATE TABLE `contact` (
  `Name` varchar(250) NOT NULL,
  `Email` varchar(250) NOT NULL,
  `Mobile` varchar(250) NOT NULL,
  `Subject` varchar(250) NOT NULL,
  `Message` varchar(250) NOT NULL
) ENGINE=InnoDB DEFAULT CHARSET=latin1;

--
-- Dumping data for table `contact`
--

INSERT INTO `contact` (`Name`, `Email`, `Mobile`, `Subject`, `Message`) VALUES
('CHANDAN KUMAR', 'ckj40856@gmail.com', '9487810674', 'sa', ''),
('CHANDAN KUMAR', 'ckj40856@gmail.com', '9487810674', 'sa', ''),
('BIRJU KUMAR', 'ckj40856@gmail.com', '8903079750', 'asd', 'asdasdasd'),
('CHANDAN KUMAR', 'ckj40856@gmail.com', '9487810674', 'asd', 'hfgdsfsx');

-- --------------------------------------------------------

--
-- Table structure for table `customer`
--

CREATE TABLE `customer` (
  `username` varchar(30) NOT NULL,
  `fullname` varchar(30) NOT NULL,
  `email` varchar(30) NOT NULL,
  `contact` varchar(30) NOT NULL,
  `address` varchar(50) NOT NULL,
  `password` varchar(30) NOT NULL
) ENGINE=InnoDB DEFAULT CHARSET=utf8;

--
-- Dumping data for table `customer`
--

INSERT INTO `customer` (`username`, `fullname`, `email`, `contact`, `address`, `password`) VALUES
('ade', 'seun', 'ade@gmail.com', 'adeleke', 'pahayi,ilaro', 'adeade'),
('birju', 'BIRJU KUMAR', 'bkm123r@gmail.com', '8903079750', 'Pondicherry University, SRK HOSTEL ROOM NUMBER-59,', 'Birju123@'),
('ckumar', 'CHANDAN KUMAR', 'ckj40856@gmail.com', '9487810674', 'Pondicherry University, SRK HOSTEL ROOM NUMBER-59,', 'Ckumar123@'),
('lekeade', 'adeleke', 'leke@gmail.com', '090999988777', 'cafteria', 'leke'),
('monday', 'sunday', 'monday@gmail.com', '090887766', 'olakunle balogun streeet', 'monday'),
('nidha', 'nidha', 'nidha@gmail.com', '998696572', 'Maharashtra', 'suhail'),
('pratheek083', 'Pratheek Shiri', 'pratheek@gmail.com', '8779546521', 'Hyderabad', 'pratheek'),
('rakshithk00', 'Rakshith Kotian', 'rakshith@gmail.com', '9547123658', 'Gujarath', 'rakshith'),
('Romuald01', 'Degbe Romuald', 'peter01@gmail.com', '08088776655', 'Oluwaseyi street', 'temi'),
('RomualdTech', 'Degbe Romuald Adjimagbe', 'romualdadjimagbe2018@gmail.com', '09038362031', '5,Okesalu street', 'Romuald2018');

-- --------------------------------------------------------

--
-- Table structure for table `food`
--

CREATE TABLE `food` (
  `F_ID` int(30) NOT NULL,
  `name` varchar(30) NOT NULL,
  `price` int(30) NOT NULL,
  `description` varchar(200) NOT NULL,
  `R_ID` int(30) NOT NULL,
  `images_path` varchar(200) NOT NULL,
  `options` varchar(10) NOT NULL DEFAULT 'ENABLE'
) ENGINE=InnoDB DEFAULT CHARSET=utf8;

--
-- Dumping data for table `food`
--

INSERT INTO `food` (`F_ID`, `name`, `price`, `description`, `R_ID`, `images_path`, `options`) VALUES
(58, 'Juicy Masala Paneer Kathi Roll', 40, 'Juicy Masala Paneer Kathi Roll loaded with Masala Paneer chunks, onion & Mayo.', 1, 'images/Masala_Paneer_Kathi_Roll.jpg', 'ENABLE'),
(59, 'Meurig Fish', 60, 'Try Meurig - A whole Pomfret fish grilled with tangy marination & served with grilled onions and tomatoes.', 2, 'images/Meurig.jpg', 'ENABLE'),
(60, 'Chocolate Hazelnut Truffle', 99, 'Lose all senses over this very delicious chocolate hazelnut truffle.', 3, 'images/Chocolate_Hazelnut_Truffle.jpg', 'ENABLE'),
(61, 'Happy Happy Choco Chip Shake', 80, 'Happy Happy Choco Chip Shake - a perfect party sweet treat.', 1, 'images/Happy_Happy_Choco_Chip_Shake.jpg', 'ENABLE'),
(62, 'Spring Rolls', 65, 'Delicious Spring Rolls by Dragon Hut, Delhi. Order now!!!', 2, 'images/Spring_Rolls.jpg', 'ENABLE'),
(63, 'Baahubali Thali', 75, 'Baahubali Thali is accompanied by Kattapa Biriyani, Devasena Paratha, Bhalladeva Patiala Lassi', 3, 'images/Baahubali_Thali.jpg', 'ENABLE'),
(65, 'Coffee', 25, 'concentrated coffee made by forcing pressurized water through finely ground coffee beans.', 4, 'images/coffee.jpg', 'DISABLE'),
(66, 'Tea', 20, 'The simple elixir of tea is of our natural world.', 4, 'images/tea.jpg', 'DISABLE'),
(68, 'Paneer', 85, 'it', 6, 'images/paneer pakora.jpg', 'DISABLE'),
(69, 'Coffee', 25, 'concentrated coffee made by forcing pressurized water through finely ground coffee beans.', 2, 'images/coffee.jpg', 'ENABLE'),
(70, 'Tea', 20, 'The simple elixir of tea is of our natural world.', 2, 'images/tea.jpg', 'ENABLE'),
(71, 'Samosa', 40, 'Cocktail Crispy Samosa..', 2, 'images/samosa.jpg', 'ENABLE'),
(72, 'Paneer Pakora', 45, 'it gives whole new dimension even to the most boring or dull vegetable', 2, 'images/paneer pakora.jpg', 'ENABLE'),
(73, 'Puff', 35, 'Vegetable Puff, a snack with crisp-n-flaky outer layer and mixed vegetables stuffing', 2, 'images/puff.jpg', 'ENABLE'),
(74, 'Pizza', 200, 'Good and Tasty ', 2, 'Pizza.jpg', 'DISABLE'),
(75, 'French Fries', 60, 'Pure Veg and Tasty.', 2, 'frenchfries.jpg', 'DISABLE'),
(76, 'Pakora', 35, 'Pure Vegetable and Tasty.', 2, 'images/Pakora.jpg', 'DISABLE'),
(77, 'Pizza', 200, 'Pure Vegetable and Tasty.', 2, 'images/Pizza.jpg', 'ENABLE'),
(78, 'French Fries', 75, 'Pure Veg and Tasty.', 2, 'images/frenchfries.jpg', 'ENABLE'),
(79, 'Pakora', 45, 'TASTY', 2, 'images/Pakora.jpg', 'ENABLE');

-- --------------------------------------------------------

--
-- Table structure for table `manager`
--

CREATE TABLE `manager` (
  `username` varchar(30) NOT NULL,
  `fullname` varchar(30) NOT NULL,
  `email` varchar(30) NOT NULL,
  `contact` varchar(30) NOT NULL,
  `address` varchar(50) NOT NULL,
  `password` varchar(30) NOT NULL
) ENGINE=InnoDB DEFAULT CHARSET=utf8;

--
-- Dumping data for table `manager`
--

INSERT INTO `manager` (`username`, `fullname`, `email`, `contact`, `address`, `password`) VALUES
('aditi068', 'Aditi Naik', 'aditi@gmail.com', '8654751259', 'Goa', 'aditi'),
('aminnikhil073', 'Nikhil Amin', 'aminnikhil073@gmail.com', '9632587412', 'Karnataka', 'nikhil'),
('ckumar', 'Chandan Kumar', 'ckj40856@gmail.com', '9487810674', 'Pondicherry University, SRK HOSTEL ROOM NUMBER-59,', 'Ckumar123'),
('dhiraj', 'DHIRAJ kUMAR', 'dk123@gmail.com', '8903079750', 'Pondicherry. Le cafe', 'Dhiraj'),
('roshanraj07', 'Roshan Raj', 'roshan@gmail.com', '9541258761', 'Bihar', 'roshan');

-- --------------------------------------------------------

--
-- Table structure for table `orders`
--

CREATE TABLE `orders` (
  `order_ID` int(30) NOT NULL,
  `F_ID` int(30) NOT NULL,
  `foodname` varchar(30) NOT NULL,
  `price` int(30) NOT NULL,
  `quantity` int(30) NOT NULL,
  `order_date` date NOT NULL,
  `username` varchar(30) NOT NULL,
  `R_ID` int(30) NOT NULL
) ENGINE=InnoDB DEFAULT CHARSET=utf8;

--
-- Dumping data for table `orders`
--

INSERT INTO `orders` (`order_ID`, `F_ID`, `foodname`, `price`, `quantity`, `order_date`, `username`, `R_ID`) VALUES
(1, 58, 'Juicy Masala Paneer Kathi Roll', 40, 1, '2019-03-03', 'ckumar', 1),
(2, 61, 'Happy Happy Choco Chip Shake', 80, 2, '2019-03-03', 'ckumar', 1),
(3, 61, 'Happy Happy Choco Chip Shake', 80, 2, '2019-03-03', 'ckumar', 1),
(4, 65, 'Coffee', 25, 4, '2019-03-03', 'ckumar', 4),
(5, 58, 'Juicy Masala Paneer Kathi Roll', 40, 7, '2019-03-03', 'ckumar', 1),
(6, 65, 'Coffee', 25, 2, '2019-03-03', 'ckumar', 4),
(7, 58, 'Juicy Masala Paneer Kathi Roll', 40, 7, '2019-03-03', 'ckumar', 1),
(8, 65, 'Coffee', 25, 2, '2019-03-03', 'ckumar', 4),
(9, 60, 'Chocolate Hazelnut Truffle', 99, 1, '2019-03-03', 'ckumar', 3),
(10, 59, 'Meurig Fish', 60, 1, '2019-03-05', 'ckumar', 2),
(11, 60, 'Chocolate Hazelnut Truffle', 99, 1, '2019-03-05', 'ckumar', 3),
(12, 65, 'Coffee', 25, 1, '2019-03-05', 'ckumar', 4),
(13, 59, 'Meurig Fish', 60, 4, '2019-03-05', 'ckumar', 2),
(14, 58, 'Juicy Masala Paneer Kathi Roll', 40, 1, '2019-03-05', 'ckumar', 1),
(15, 60, 'Chocolate Hazelnut Truffle', 99, 4, '2019-03-05', 'ckumar', 3),
(16, 65, 'Coffee', 25, 1, '2019-03-05', 'ckumar', 4),
(17, 66, 'Tea', 20, 7, '2019-03-05', 'ckumar', 4),
(18, 59, 'Meurig Fish', 60, 5, '2019-03-05', 'birju', 2),
(19, 63, 'Baahubali Thali', 75, 1, '2019-03-05', 'birju', 3),
(20, 68, 'Paneer Pakora', 75, 1, '2019-03-05', 'birju', 6),
(21, 62, 'Spring Rolls', 65, 1, '2019-03-05', 'birju', 2),
(22, 68, 'Paneer Pakora', 75, 1, '2019-03-05', 'birju', 6),
(23, 62, 'Spring Rolls', 65, 1, '2019-03-05', 'birju', 2),
(24, 65, 'Coffee', 25, 1, '2019-03-05', 'birju', 4),
(25, 68, 'Paneer Pakora', 75, 1, '2019-03-05', 'birju', 6),
(26, 59, 'Meurig Fish', 60, 6, '2019-03-05', 'birju', 2),
(27, 58, 'Juicy Masala Paneer Kathi Roll', 40, 1, '2019-03-05', 'birju', 1),
(28, 59, 'Meurig Fish', 60, 1, '2019-03-05', 'birju', 2),
(29, 58, 'Juicy Masala Paneer Kathi Roll', 40, 1, '2019-03-05', 'birju', 1),
(30, 60, 'Chocolate Hazelnut Truffle', 99, 1, '2019-03-15', 'ckumar', 3),
(31, 59, 'Meurig Fish', 60, 1, '2019-03-15', 'ckumar', 2),
(32, 61, 'Happy Happy Choco Chip Shake', 80, 1, '2019-03-15', 'ckumar', 1),
(33, 60, 'Chocolate Hazelnut Truffle', 99, 1, '2019-03-15', 'ckumar', 3),
(34, 59, 'Meurig Fish', 60, 1, '2019-03-15', 'ckumar', 2),
(35, 61, 'Happy Happy Choco Chip Shake', 80, 1, '2019-03-15', 'ckumar', 1),
(36, 62, 'Spring Rolls', 65, 1, '2019-03-15', 'ckumar', 2),
(37, 72, 'Paneer Pakora', 45, 6, '2019-03-15', 'ckumar', 2),
(38, 78, 'French Fries', 75, 7, '2019-03-15', 'ckumar', 2),
(39, 78, 'French Fries', 75, 1, '2019-03-15', 'ckumar', 2),
(40, 73, 'Puff', 35, 1, '2019-03-15', 'ckumar', 2),
(41, 77, 'Pizza', 200, 2, '2019-03-16', 'ckumar', 2),
(42, 70, 'Tea', 20, 1, '2019-03-16', 'ckumar', 2),
(43, 60, 'Chocolate Hazelnut Truffle', 99, 2, '2019-03-16', 'ckumar', 3),
(44, 70, 'Tea', 20, 1, '2019-03-16', 'ckumar', 2),
(45, 60, 'Chocolate Hazelnut Truffle', 99, 2, '2019-03-16', 'ckumar', 3),
(46, 70, 'Tea', 20, 1, '2019-03-16', 'ckumar', 2),
(47, 60, 'Chocolate Hazelnut Truffle', 99, 2, '2019-03-16', 'ckumar', 3),
(48, 60, 'Chocolate Hazelnut Truffle', 99, 4, '2019-03-25', 'ckumar', 3),
(49, 62, 'Spring Rolls', 65, 6, '2019-03-25', 'ckumar', 2),
(50, 70, 'Tea', 20, 5, '2019-03-25', 'ckumar', 2),
(51, 73, 'Puff', 35, 3, '2019-03-25', 'ckumar', 2),
(52, 70, 'Tea', 20, 1, '2019-03-30', 'ckumar', 2),
(53, 60, 'Chocolate Hazelnut Truffle', 99, 5, '2019-03-30', 'ckumar', 3),
(54, 69, 'Coffee', 25, 7, '2019-03-30', 'ckumar', 2),
(55, 62, 'Spring Rolls', 65, 1, '2019-04-01', 'ckumar', 2),
(56, 70, 'Tea', 20, 4, '2019-04-01', 'ckumar', 2),
(57, 70, 'Tea', 20, 1, '2019-04-01', 'ckumar', 2),
(58, 60, 'Chocolate Hazelnut Truffle', 99, 1, '2019-04-01', 'ckumar', 3),
(59, 59, 'Meurig Fish', 60, 6, '2019-04-02', 'ckumar', 2),
(60, 61, 'Happy Happy Choco Chip Shake', 80, 1, '2019-04-02', 'ckumar', 1),
(61, 71, 'Samosa', 40, 3, '2019-04-17', 'ckumar', 2),
(62, 70, 'Tea', 20, 4, '2019-04-17', 'ckumar', 2),
(63, 72, 'Paneer Pakora', 45, 2, '2019-04-17', 'ckumar', 2),
(64, 71, 'Samosa', 40, 3, '2019-04-17', 'ckumar', 2),
(65, 70, 'Tea', 20, 4, '2019-04-17', 'ckumar', 2),
(66, 72, 'Paneer Pakora', 45, 2, '2019-04-17', 'ckumar', 2),
(67, 60, 'Chocolate Hazelnut Truffle', 99, 1, '2019-04-18', 'ckumar', 3),
(68, 71, 'Samosa', 40, 1, '2019-04-18', 'ckumar', 2),
(69, 58, 'Juicy Masala Paneer Kathi Roll', 40, 5, '2021-09-02', 'RomualdTech', 1),
(70, 60, 'Chocolate Hazelnut Truffle', 99, 1, '2021-09-02', 'RomualdTech', 3),
(71, 70, 'Tea', 20, 2, '2021-09-02', 'RomualdTech', 2),
(72, 73, 'Puff', 35, 15, '2021-09-02', 'RomualdTech', 2),
(73, 60, 'Chocolate Hazelnut Truffle', 99, 3, '2021-09-02', 'RomualdTech', 3),
(74, 61, 'Happy Happy Choco Chip Shake', 80, 3, '2021-09-02', 'RomualdTech', 1),
(75, 63, 'Baahubali Thali', 75, 5, '2021-09-02', 'RomualdTech', 3),
(76, 71, 'Samosa', 40, 1, '2021-09-06', 'Romuald01', 2),
(77, 70, 'Tea', 20, 1, '2021-09-06', 'Romuald01', 2),
(78, 61, 'Happy Happy Choco Chip Shake', 80, 1, '2021-09-09', 'Romuald01', 1),
(79, 59, 'Meurig Fish', 60, 1, '2021-09-09', 'Romuald01', 2),
(80, 58, 'Juicy Masala Paneer Kathi Roll', 40, 1, '2021-09-09', 'Romuald01', 1),
(81, 60, 'Chocolate Hazelnut Truffle', 99, 1, '2021-09-09', 'Romuald01', 3),
(82, 62, 'Spring Rolls', 65, 1, '2021-09-09', 'Romuald01', 2),
(83, 58, 'Juicy Masala Paneer Kathi Roll', 40, 1, '2021-09-09', 'Romuald01', 1),
(84, 61, 'Happy Happy Choco Chip Shake', 80, 1, '2021-09-09', 'Romuald01', 1),
(85, 58, 'Juicy Masala Paneer Kathi Roll', 40, 1, '2021-09-09', 'Romuald01', 1),
(86, 61, 'Happy Happy Choco Chip Shake', 80, 1, '2021-09-09', 'Romuald01', 1),
(87, 61, 'Happy Happy Choco Chip Shake', 80, 1, '2021-09-09', 'Romuald01', 1),
(88, 70, 'Tea', 20, 10, '2021-09-09', 'Romuald01', 2),
(89, 79, 'Pakora', 45, 1, '2021-09-14', 'ade', 2),
(90, 61, 'Happy Happy Choco Chip Shake', 80, 1, '2021-09-14', 'ade', 1);

-- --------------------------------------------------------

--
-- Table structure for table `restaurants`
--

CREATE TABLE `restaurants` (
  `R_ID` int(30) NOT NULL,
  `name` varchar(30) NOT NULL,
  `email` varchar(30) NOT NULL,
  `contact` varchar(30) NOT NULL,
  `address` varchar(50) NOT NULL,
  `M_ID` varchar(30) NOT NULL
) ENGINE=InnoDB DEFAULT CHARSET=utf8;

--
-- Dumping data for table `restaurants`
--

INSERT INTO `restaurants` (`R_ID`, `name`, `email`, `contact`, `address`, `M_ID`) VALUES
(1, 'Nikhil\'s Restaurant', 'nikhil@restaurant.com', '7998562145', 'Karnataka', 'aminnikhil073'),
(2, 'Roshan\'s Restaurant', 'roshan@restaurant.com', '9887546821', 'Bihar', 'roshanraj07'),
(3, 'Aditi\'s Restaurant', 'aditi@restaurant.com', '7778564231', 'Goa', 'aditi068'),
(4, 'Food Exploria', 'ckj40856@gmail.com', '09487810674', 'C:\\xampp\\htdocs\\FoodExploria-master\\images/coffee.', 'ckumar'),
(6, 'Le Cafe', 'lecafepondi234@gmail.com', '9443369040', 'Pondicherry,rock beach Near,Le cafe', 'dhiraj');

--
-- Indexes for dumped tables
--

--
-- Indexes for table `customer`
--
ALTER TABLE `customer`
  ADD PRIMARY KEY (`username`);

--
-- Indexes for table `food`
--
ALTER TABLE `food`
  ADD PRIMARY KEY (`F_ID`,`R_ID`),
  ADD KEY `R_ID` (`R_ID`);

--
-- Indexes for table `manager`
--
ALTER TABLE `manager`
  ADD PRIMARY KEY (`username`);

--
-- Indexes for table `orders`
--
ALTER TABLE `orders`
  ADD PRIMARY KEY (`order_ID`),
  ADD KEY `F_ID` (`F_ID`),
  ADD KEY `username` (`username`),
  ADD KEY `R_ID` (`R_ID`);

--
-- Indexes for table `restaurants`
--
ALTER TABLE `restaurants`
  ADD PRIMARY KEY (`R_ID`),
  ADD UNIQUE KEY `M_ID_2` (`M_ID`),
  ADD KEY `M_ID` (`M_ID`);

--
-- AUTO_INCREMENT for dumped tables
--

--
-- AUTO_INCREMENT for table `food`
--
ALTER TABLE `food`
  MODIFY `F_ID` int(30) NOT NULL AUTO_INCREMENT, AUTO_INCREMENT=80;

--
-- AUTO_INCREMENT for table `orders`
--
ALTER TABLE `orders`
  MODIFY `order_ID` int(30) NOT NULL AUTO_INCREMENT, AUTO_INCREMENT=92;

--
-- AUTO_INCREMENT for table `restaurants`
--
ALTER TABLE `restaurants`
  MODIFY `R_ID` int(30) NOT NULL AUTO_INCREMENT, AUTO_INCREMENT=7;

--
-- Constraints for dumped tables
--

--
-- Constraints for table `food`
--
ALTER TABLE `food`
  ADD CONSTRAINT `food_ibfk_1` FOREIGN KEY (`R_ID`) REFERENCES `restaurants` (`R_ID`);

--
-- Constraints for table `orders`
--
ALTER TABLE `orders`
  ADD CONSTRAINT `orders_ibfk_1` FOREIGN KEY (`F_ID`) REFERENCES `food` (`F_ID`),
  ADD CONSTRAINT `orders_ibfk_2` FOREIGN KEY (`username`) REFERENCES `customer` (`username`),
  ADD CONSTRAINT `orders_ibfk_3` FOREIGN KEY (`R_ID`) REFERENCES `restaurants` (`R_ID`);

--
-- Constraints for table `restaurants`
--
ALTER TABLE `restaurants`
  ADD CONSTRAINT `restaurants_ibfk_1` FOREIGN KEY (`M_ID`) REFERENCES `manager` (`username`);
--
-- Database: `foodordermodel`
--
CREATE DATABASE IF NOT EXISTS `foodordermodel` DEFAULT CHARACTER SET utf8mb4 COLLATE utf8mb4_general_ci;
USE `foodordermodel`;

-- --------------------------------------------------------

--
-- Table structure for table `contact`
--

CREATE TABLE `contact` (
  `Name` varchar(250) NOT NULL,
  `Email` varchar(250) NOT NULL,
  `Subject` varchar(250) NOT NULL,
  `Message` varchar(250) NOT NULL
) ENGINE=InnoDB DEFAULT CHARSET=latin1;

--
-- Dumping data for table `contact`
--

INSERT INTO `contact` (`Name`, `Email`, `Subject`, `Message`) VALUES
('CHANDAN KUMAR', 'ckj40856@gmail.com', 'sa', ''),
('CHANDAN KUMAR', 'ckj40856@gmail.com', 'sa', ''),
('BIRJU KUMAR', 'ckj40856@gmail.com', 'asd', 'asdasdasd'),
('CHANDAN KUMAR', 'ckj40856@gmail.com', 'asd', 'hfgdsfsx'),
('rose', 'rose@gmail.com', 'about my order', 'i order and it is not deliver till now'),
('tolu', 'adeleke@gmail.com', 'seyi', 'i love your food'),
('tolu', 'adeleke@gmail.com', 'seyi', 'i love your food'),
('tolu', 'adeleke@gmail.com', 'seyi', 'i love your food'),
('tolu', 'adeleke@gmail.com', 'seyi', 'i love your food'),
('tolu', 'adeleke@gmail.com', 'seyi', 'i love your food'),
('tolu', 'adeleke@gmail.com', 'seyi', 'i love your food'),
('tolu', 'adeleke@gmail.com', 'seyi', 'i love your food'),
('', '', '', ''),
('', '', '', ''),
('', '', '', ''),
('james', 'james@gmail.com', '09088776654', 'please i nedd food\r\n'),
('james', 'james@gmail.com', '09088776654', 'please i nedd food\r\n'),
('dayo ', 'seun@gmail.com', 'adeleke', 'i can\'t order now'),
('', '', '', ''),
('james', 'james@gmail.com', '09088114433', 'I need cake and drinks'),
('fayose', 'fayose@gmail.com', '0908811233', 'i need groceries');

-- --------------------------------------------------------

--
-- Table structure for table `customer`
--

CREATE TABLE `customer` (
  `username` varchar(30) NOT NULL,
  `fullname` varchar(30) NOT NULL,
  `email` varchar(30) NOT NULL,
  `contact` varchar(30) NOT NULL,
  `password` varchar(30) NOT NULL
) ENGINE=InnoDB DEFAULT CHARSET=utf8;

--
-- Dumping data for table `customer`
--

INSERT INTO `customer` (`username`, `fullname`, `email`, `contact`, `password`) VALUES
('', '', 'babe@gmail.com', '778899', 'babe'),
('accra', 'adeleke', 'adeleke@gmail.com', '09012234566', 'adeleke'),
('acne', 'babe', 'babe@gmail.com', '778899', 'babe'),
('adeayo', 'jane', 'jane@gmail.com', '0908877112', 'jane'),
('adeewa', 'shade', 'shade@gmail.com', '09088776655', 'shade'),
('adewale', 'adeleke', 'wale@gmail.com', '090888776', 'wale'),
('birju', 'BIRJU KUMAR', 'bkm123r@gmail.com', '8903079750', 'Birju123@'),
('ckumar', 'CHANDAN KUMAR', 'ckj40856@gmail.com', '9487810674', 'Ckumar123@'),
('clara', 'constance', 'clara@gmail.com', '00909887', 'clara'),
('clement', 'myles', 'myles@gmail.com', '13243433222', 'myles'),
('dave', 'alex', 'alex@gmail.com', '09088776633', 'alex'),
('Degbe Romuald', 'soft', 'software@gmail.com', '0908766333', 'soct'),
('dele', 'posi', 'posi@gmail.com', '0999887776', 'ola'),
('fayose', 'adeleke', 'adele@gmail.com', '09012345678', 'adeleke'),
('fisayo', 'adesewa', 'ade@gmail.com', '09088112233', 'qwerty'),
('Francis', 'Smith', 'francis@gmail.com', '09088776655', 'francis'),
('gbenga', 'anu', 'anu@gmail.com', '090887766', '123'),
('george', 'john', 'george@gmail.com', '09088112233', '123'),
('guy', 'boy', 'boy@gmail.com', '09088771122', 'boy'),
('Idowu ', 'emmanuel', 'idowu@gmail.com', '0908811233', '123'),
('jane', 'luara', 'raymond@gmail.com', '09088776611', 'raymond'),
('kehinde', 'kenny', 'kenny@gmail.com', '09088090900', 'kenny'),
('nidha', 'nidha', 'nidha@gmail.com', '998696572', 'suhail'),
('ojo', 'ralia', 'ralia@gmail.com', '09088771122', 'ralia'),
('pratheek083', 'Pratheek Shiri', 'pratheek@gmail.com', '8779546521', 'pratheek'),
('rakshithk00', 'Rakshith Kotian', 'rakshith@gmail.com', '9547123658', 'rakshith'),
('rose01', 'Roseline', 'rose@gmail.com', '09088776655', 'rose'),
('sade', 'malik', 'malik@gmail.com', '09088112233', 'malik'),
('schema', 'shade', 'schema@gmail.com', '09088776655', '123'),
('SEUN', 'DELE', 'dele@gmail.com', '09088112233', 'seun'),
('sewa', 'ola', 'ola@gmail.com', '0809888', 'ola'),
('Seyi', 'adeleke', 'seyi@gmailcom', '09088776655', 'seyi'),
('smart', 'Lloyd', 'smart@gmail.com', '0908812342', 'smart'),
('taiwo', 'dare', 'dare@gmail.com', '09088112233', 'dare'),
('tayo', 'pelumi', 'tayo@gmail.com', '1234567890', 'tayo'),
('wasiu', 'david', 'david@gmail.com', '09088771122', 'david');

-- --------------------------------------------------------

--
-- Table structure for table `food`
--

CREATE TABLE `food` (
  `F_ID` int(30) NOT NULL,
  `name` varchar(30) NOT NULL,
  `price` int(30) NOT NULL,
  `description` varchar(200) NOT NULL,
  `R_ID` int(30) NOT NULL,
  `images_path` varchar(200) NOT NULL,
  `options` varchar(10) NOT NULL DEFAULT 'ENABLE'
) ENGINE=InnoDB DEFAULT CHARSET=utf8;

--
-- Dumping data for table `food`
--

INSERT INTO `food` (`F_ID`, `name`, `price`, `description`, `R_ID`, `images_path`, `options`) VALUES
(58, 'Delicious Spaggetti', 400, 'Delicious Spaggetti onion.', 1, 'menu-imgs/spaggetti.png', 'ENABLE'),
(59, 'Sharwama', 600, 'Shawama Pomfret fish grilled & with grilled onions.', 2, 'menu-imgs/sharwama.png\r\n', 'ENABLE'),
(60, 'Chocolate Cake', 800, 'Lose all senses over this very delicious chocolate cake.', 3, 'menu-imgs/Chocolate_Hazelnut_Truffle.jpg', 'ENABLE'),
(61, 'Semo', 500, 'Semo with Egusi Soup', 1, 'menu-imgs/Semo.jpeg\r\n', 'ENABLE'),
(62, 'Fried dodo', 500, 'Delicious Fried Dodo', 2, 'menu-imgs/Frieddodo.jpeg', 'ENABLE'),
(63, 'Fried Rice', 600, 'Delicious and hot fried rice', 3, 'menu-imgs/Friedrice.jpeg', 'ENABLE'),
(65, 'Hollandia-Yoghurt', 1200, 'Hollandia-Yoghurt-Drink-500ml', 4, 'menu-imgs/Hollandia-Yoghurt-Drink-500ml.png', 'ENABLE'),
(66, 'Eva Water', 350, 'Chilled Eva Water 1liter', 4, 'menu-imgs/evawater.png', 'ENABLE'),
(68, 'Burger', 300, 'Sweet and Tasty Burger', 6, 'menu-imgs/burger.jpg', 'ENABLE'),
(69, 'Breaded Chicken', 1500, 'Fried and Tasty Breaded Chicken', 2, 'menu-imgs/BreadedChicken.jpeg', 'ENABLE'),
(70, 'Coca-Cola', 300, 'Chilled Coca-Cola Drink', 2, 'menu-imgs/coca-cola.png', 'ENABLE'),
(71, 'Samosa', 600, 'Cocktail Crispy Samosa..', 2, 'menu-imgs/samosa.jpg', 'ENABLE'),
(72, 'Paneer Pakora', 1000, 'it gives whole new dimension even to the most boring or dull vegetable', 2, 'menu-imgs/paneer pakora.jpg', 'ENABLE'),
(73, 'Puff', 350, 'Vegetable Puff, a snack with crisp-n-flaky outer layer and mixed vegetables stuffing', 2, 'menu-imgs/puff.jpg', 'ENABLE'),
(74, 'Pizza', 200, 'Good and Tasty ', 2, 'menu-imgs/roll.jpg', 'ENABLE'),
(75, 'Spicy rice', 600, 'Delicious Spicy rice and Tasty.', 2, 'menu-imgs/Spicyrice.jpeg', 'ENABLE'),
(76, 'Chi Exotic drink', 350, 'Chilled Chi Exotic drink.', 2, 'menu-imgs/Chi-exotic.jpg', 'ENABLE'),
(77, 'Fried Meat', 200, 'delicious and meat Tasty.', 2, 'menu-imgs/friedmeat.png', 'ENABLE'),
(78, 'French Fries', 750, 'Pure Veg and Tasty.', 2, 'menu-imgs/frenchfries.jpg', 'ENABLE'),
(79, ' Beans', 400, 'Delicious & Tasty Beans', 2, 'menu-imgs/Beans.jpeg', 'ENABLE'),
(80, 'Edikankong soup', 550, 'Delicious and tasty Edikankong soup ', 1, 'menu-imgs/Edikankongsoup.jpeg', 'ENABLE');

-- --------------------------------------------------------

--
-- Table structure for table `manager`
--

CREATE TABLE `manager` (
  `username` varchar(30) NOT NULL,
  `fullname` varchar(30) NOT NULL,
  `email` varchar(30) NOT NULL,
  `contact` varchar(30) NOT NULL,
  `address` varchar(50) NOT NULL,
  `password` varchar(30) NOT NULL
) ENGINE=InnoDB DEFAULT CHARSET=utf8;

--
-- Dumping data for table `manager`
--

INSERT INTO `manager` (`username`, `fullname`, `email`, `contact`, `address`, `password`) VALUES
('aditi068', 'Aditi Naik', 'aditi@gmail.com', '8654751259', 'Goa', 'aditi'),
('aminnikhil073', 'Nikhil Amin', 'aminnikhil073@gmail.com', '9632587412', 'Karnataka', 'nikhil'),
('ckumar', 'Chandan Kumar', 'ckj40856@gmail.com', '9487810674', 'Pondicherry University, SRK HOSTEL ROOM NUMBER-59,', 'Ckumar123'),
('dhiraj', 'DHIRAJ kUMAR', 'dk123@gmail.com', '8903079750', 'Pondicherry. Le cafe', 'Dhiraj'),
('roshanraj07', 'Roshan Raj', 'roshan@gmail.com', '9541258761', 'Bihar', 'roshan');

-- --------------------------------------------------------

--
-- Table structure for table `orders`
--

CREATE TABLE `orders` (
  `order_ID` int(30) NOT NULL,
  `F_ID` int(30) NOT NULL,
  `foodname` varchar(30) NOT NULL,
  `price` int(30) NOT NULL,
  `quantity` int(30) NOT NULL,
  `order_date` date NOT NULL,
  `username` varchar(30) NOT NULL,
  `R_ID` int(30) NOT NULL
) ENGINE=InnoDB DEFAULT CHARSET=utf8;

--
-- Dumping data for table `orders`
--

INSERT INTO `orders` (`order_ID`, `F_ID`, `foodname`, `price`, `quantity`, `order_date`, `username`, `R_ID`) VALUES
(1, 58, 'Juicy Masala Paneer Kathi Roll', 40, 1, '2019-03-03', 'ckumar', 1),
(2, 61, 'Happy Happy Choco Chip Shake', 80, 2, '2019-03-03', 'ckumar', 1),
(3, 61, 'Happy Happy Choco Chip Shake', 80, 2, '2019-03-03', 'ckumar', 1),
(4, 65, 'Coffee', 25, 4, '2019-03-03', 'ckumar', 4),
(5, 58, 'Juicy Masala Paneer Kathi Roll', 40, 7, '2019-03-03', 'ckumar', 1),
(6, 65, 'Coffee', 25, 2, '2019-03-03', 'ckumar', 4),
(7, 58, 'Juicy Masala Paneer Kathi Roll', 40, 7, '2019-03-03', 'ckumar', 1),
(8, 65, 'Coffee', 25, 2, '2019-03-03', 'ckumar', 4),
(9, 60, 'Chocolate Hazelnut Truffle', 99, 1, '2019-03-03', 'ckumar', 3),
(10, 59, 'Meurig Fish', 60, 1, '2019-03-05', 'ckumar', 2),
(11, 60, 'Chocolate Hazelnut Truffle', 99, 1, '2019-03-05', 'ckumar', 3),
(12, 65, 'Coffee', 25, 1, '2019-03-05', 'ckumar', 4),
(13, 59, 'Meurig Fish', 60, 4, '2019-03-05', 'ckumar', 2),
(14, 58, 'Juicy Masala Paneer Kathi Roll', 40, 1, '2019-03-05', 'ckumar', 1),
(15, 60, 'Chocolate Hazelnut Truffle', 99, 4, '2019-03-05', 'ckumar', 3),
(16, 65, 'Coffee', 25, 1, '2019-03-05', 'ckumar', 4),
(17, 66, 'Tea', 20, 7, '2019-03-05', 'ckumar', 4),
(18, 59, 'Meurig Fish', 60, 5, '2019-03-05', 'birju', 2),
(19, 63, 'Baahubali Thali', 75, 1, '2019-03-05', 'birju', 3),
(20, 68, 'Paneer Pakora', 75, 1, '2019-03-05', 'birju', 6),
(21, 62, 'Spring Rolls', 65, 1, '2019-03-05', 'birju', 2),
(22, 68, 'Paneer Pakora', 75, 1, '2019-03-05', 'birju', 6),
(23, 62, 'Spring Rolls', 65, 1, '2019-03-05', 'birju', 2),
(24, 65, 'Coffee', 25, 1, '2019-03-05', 'birju', 4),
(25, 68, 'Paneer Pakora', 75, 1, '2019-03-05', 'birju', 6),
(26, 59, 'Meurig Fish', 60, 6, '2019-03-05', 'birju', 2),
(27, 58, 'Juicy Masala Paneer Kathi Roll', 40, 1, '2019-03-05', 'birju', 1),
(28, 59, 'Meurig Fish', 60, 1, '2019-03-05', 'birju', 2),
(29, 58, 'Juicy Masala Paneer Kathi Roll', 40, 1, '2019-03-05', 'birju', 1),
(30, 60, 'Chocolate Hazelnut Truffle', 99, 1, '2019-03-15', 'ckumar', 3),
(31, 59, 'Meurig Fish', 60, 1, '2019-03-15', 'ckumar', 2),
(32, 61, 'Happy Happy Choco Chip Shake', 80, 1, '2019-03-15', 'ckumar', 1),
(33, 60, 'Chocolate Hazelnut Truffle', 99, 1, '2019-03-15', 'ckumar', 3),
(34, 59, 'Meurig Fish', 60, 1, '2019-03-15', 'ckumar', 2),
(35, 61, 'Happy Happy Choco Chip Shake', 80, 1, '2019-03-15', 'ckumar', 1),
(36, 62, 'Spring Rolls', 65, 1, '2019-03-15', 'ckumar', 2),
(37, 72, 'Paneer Pakora', 45, 6, '2019-03-15', 'ckumar', 2),
(38, 78, 'French Fries', 75, 7, '2019-03-15', 'ckumar', 2),
(39, 78, 'French Fries', 75, 1, '2019-03-15', 'ckumar', 2),
(40, 73, 'Puff', 35, 1, '2019-03-15', 'ckumar', 2),
(41, 77, 'Pizza', 200, 2, '2019-03-16', 'ckumar', 2),
(42, 70, 'Tea', 20, 1, '2019-03-16', 'ckumar', 2),
(43, 60, 'Chocolate Hazelnut Truffle', 99, 2, '2019-03-16', 'ckumar', 3),
(44, 70, 'Tea', 20, 1, '2019-03-16', 'ckumar', 2),
(45, 60, 'Chocolate Hazelnut Truffle', 99, 2, '2019-03-16', 'ckumar', 3),
(46, 70, 'Tea', 20, 1, '2019-03-16', 'ckumar', 2),
(47, 60, 'Chocolate Hazelnut Truffle', 99, 2, '2019-03-16', 'ckumar', 3),
(48, 60, 'Chocolate Hazelnut Truffle', 99, 4, '2019-03-25', 'ckumar', 3),
(49, 62, 'Spring Rolls', 65, 6, '2019-03-25', 'ckumar', 2),
(50, 70, 'Tea', 20, 5, '2019-03-25', 'ckumar', 2),
(51, 73, 'Puff', 35, 3, '2019-03-25', 'ckumar', 2),
(52, 70, 'Tea', 20, 1, '2019-03-30', 'ckumar', 2),
(53, 60, 'Chocolate Hazelnut Truffle', 99, 5, '2019-03-30', 'ckumar', 3),
(54, 69, 'Coffee', 25, 7, '2019-03-30', 'ckumar', 2),
(55, 62, 'Spring Rolls', 65, 1, '2019-04-01', 'ckumar', 2),
(56, 70, 'Tea', 20, 4, '2019-04-01', 'ckumar', 2),
(57, 70, 'Tea', 20, 1, '2019-04-01', 'ckumar', 2),
(58, 60, 'Chocolate Hazelnut Truffle', 99, 1, '2019-04-01', 'ckumar', 3),
(59, 59, 'Meurig Fish', 60, 6, '2019-04-02', 'ckumar', 2),
(60, 61, 'Happy Happy Choco Chip Shake', 80, 1, '2019-04-02', 'ckumar', 1),
(61, 71, 'Samosa', 40, 3, '2019-04-17', 'ckumar', 2),
(62, 70, 'Tea', 20, 4, '2019-04-17', 'ckumar', 2),
(63, 72, 'Paneer Pakora', 45, 2, '2019-04-17', 'ckumar', 2),
(64, 71, 'Samosa', 40, 3, '2019-04-17', 'ckumar', 2),
(65, 70, 'Tea', 20, 4, '2019-04-17', 'ckumar', 2),
(66, 72, 'Paneer Pakora', 45, 2, '2019-04-17', 'ckumar', 2),
(67, 60, 'Chocolate Hazelnut Truffle', 99, 1, '2019-04-18', 'ckumar', 3),
(68, 71, 'Samosa', 40, 1, '2019-04-18', 'ckumar', 2),
(69, 61, 'Happy Happy Choco Chip Shake', 80, 1, '2021-09-09', 'rose01', 1),
(70, 69, 'Coffee', 25, 1, '2021-09-09', 'rose01', 2),
(71, 58, 'Delicious Spaggetti', 40, 1, '2021-09-10', 'rose01', 1),
(72, 58, 'Delicious Spaggetti', 400, 5, '2021-09-10', 'rose01', 1),
(73, 58, 'Delicious Spaggetti', 400, 5, '2021-09-10', 'rose01', 1),
(74, 58, 'Delicious Spaggetti', 400, 1, '2021-09-10', 'rose01', 1),
(75, 69, 'Breaded Chicken', 1500, 1, '2021-09-10', 'rose01', 2),
(76, 58, 'Delicious Spaggetti', 400, 1, '2021-09-10', 'rose01', 1);

-- --------------------------------------------------------

--
-- Table structure for table `restaurants`
--

CREATE TABLE `restaurants` (
  `R_ID` int(30) NOT NULL,
  `name` varchar(30) NOT NULL,
  `email` varchar(30) NOT NULL,
  `contact` varchar(30) NOT NULL,
  `address` varchar(50) NOT NULL,
  `M_ID` varchar(30) NOT NULL
) ENGINE=InnoDB DEFAULT CHARSET=utf8;

--
-- Dumping data for table `restaurants`
--

INSERT INTO `restaurants` (`R_ID`, `name`, `email`, `contact`, `address`, `M_ID`) VALUES
(1, 'Nikhil\'s Restaurant', 'nikhil@restaurant.com', '7998562145', 'Karnataka', 'aminnikhil073'),
(2, 'Roshan\'s Restaurant', 'roshan@restaurant.com', '9887546821', 'Bihar', 'roshanraj07'),
(3, 'Aditi\'s Restaurant', 'aditi@restaurant.com', '7778564231', 'Goa', 'aditi068'),
(4, 'Food Exploria', 'ckj40856@gmail.com', '09487810674', 'C:\\xampp\\htdocs\\FoodExploria-master\\images/coffee.', 'ckumar'),
(6, 'Le Cafe', 'lecafepondi234@gmail.com', '9443369040', 'Pondicherry,rock beach Near,Le cafe', 'dhiraj');

--
-- Indexes for dumped tables
--

--
-- Indexes for table `customer`
--
ALTER TABLE `customer`
  ADD PRIMARY KEY (`username`) USING BTREE,
  ADD KEY `username` (`username`);

--
-- Indexes for table `food`
--
ALTER TABLE `food`
  ADD PRIMARY KEY (`F_ID`,`R_ID`),
  ADD KEY `R_ID` (`R_ID`);

--
-- Indexes for table `manager`
--
ALTER TABLE `manager`
  ADD PRIMARY KEY (`username`);

--
-- Indexes for table `orders`
--
ALTER TABLE `orders`
  ADD PRIMARY KEY (`order_ID`),
  ADD KEY `F_ID` (`F_ID`),
  ADD KEY `username` (`username`),
  ADD KEY `R_ID` (`R_ID`);

--
-- Indexes for table `restaurants`
--
ALTER TABLE `restaurants`
  ADD PRIMARY KEY (`R_ID`),
  ADD UNIQUE KEY `M_ID_2` (`M_ID`),
  ADD KEY `M_ID` (`M_ID`);

--
-- AUTO_INCREMENT for dumped tables
--

--
-- AUTO_INCREMENT for table `food`
--
ALTER TABLE `food`
  MODIFY `F_ID` int(30) NOT NULL AUTO_INCREMENT, AUTO_INCREMENT=81;

--
-- AUTO_INCREMENT for table `orders`
--
ALTER TABLE `orders`
  MODIFY `order_ID` int(30) NOT NULL AUTO_INCREMENT, AUTO_INCREMENT=176;

--
-- AUTO_INCREMENT for table `restaurants`
--
ALTER TABLE `restaurants`
  MODIFY `R_ID` int(30) NOT NULL AUTO_INCREMENT, AUTO_INCREMENT=7;

--
-- Constraints for dumped tables
--

--
-- Constraints for table `food`
--
ALTER TABLE `food`
  ADD CONSTRAINT `food_ibfk_1` FOREIGN KEY (`R_ID`) REFERENCES `restaurants` (`R_ID`);

--
-- Constraints for table `orders`
--
ALTER TABLE `orders`
  ADD CONSTRAINT `orders_ibfk_1` FOREIGN KEY (`F_ID`) REFERENCES `food` (`F_ID`),
  ADD CONSTRAINT `orders_ibfk_2` FOREIGN KEY (`username`) REFERENCES `customer` (`username`),
  ADD CONSTRAINT `orders_ibfk_3` FOREIGN KEY (`R_ID`) REFERENCES `restaurants` (`R_ID`);

--
-- Constraints for table `restaurants`
--
ALTER TABLE `restaurants`
  ADD CONSTRAINT `restaurants_ibfk_1` FOREIGN KEY (`M_ID`) REFERENCES `manager` (`username`);
--
-- Database: `fos_db`
--
CREATE DATABASE IF NOT EXISTS `fos_db` DEFAULT CHARACTER SET utf8mb4 COLLATE utf8mb4_general_ci;
USE `fos_db`;

-- --------------------------------------------------------

--
-- Table structure for table `cart`
--

CREATE TABLE `cart` (
  `id` int(30) NOT NULL,
  `client_ip` varchar(20) NOT NULL,
  `user_id` int(30) NOT NULL,
  `product_id` int(30) NOT NULL,
  `qty` int(30) NOT NULL
) ENGINE=InnoDB DEFAULT CHARSET=utf8mb4;

-- --------------------------------------------------------

--
-- Table structure for table `category_list`
--

CREATE TABLE `category_list` (
  `id` int(30) NOT NULL,
  `name` text NOT NULL
) ENGINE=InnoDB DEFAULT CHARSET=utf8mb4;

--
-- Dumping data for table `category_list`
--

INSERT INTO `category_list` (`id`, `name`) VALUES
(1, 'Beverages'),
(3, 'Best Sellers'),
(4, 'Meals'),
(5, 'Snacks'),
(6, 'Dessert');

-- --------------------------------------------------------

--
-- Table structure for table `orders`
--

CREATE TABLE `orders` (
  `id` int(30) NOT NULL,
  `name` text NOT NULL,
  `address` text NOT NULL,
  `mobile` text NOT NULL,
  `email` text NOT NULL,
  `status` tinyint(1) NOT NULL DEFAULT 0
) ENGINE=InnoDB DEFAULT CHARSET=utf8mb4;

--
-- Dumping data for table `orders`
--

INSERT INTO `orders` (`id`, `name`, `address`, `mobile`, `email`, `status`) VALUES
(1, 'James Smith', 'adasdasd asdadasd', '4756463215', 'jsmith@sample.com', 1),
(2, 'James Smith', 'adasdasd asdadasd', '4756463215', 'jsmith@sample.com', 1),
(3, 'Camp Codes', '06106 Capitol Site, Brgy. Washington', '+639079373', 'admin@campcodes.com', 1),
(4, 'Camp Codes', '06106 Capitol Site, Brgy. Washington', '+639079373', 'admin@campcodes.com', 1),
(5, 'Camp Codes', '06106 Capitol Site, Brgy. Washington', '+639079373', 'admin@campcodes.com', 1),
(6, 'degbe romuald@gmail.com', '5,Okesalu street', '0908877665', 'romuald@gmail.com', 0),
(7, 'degbe romuald@gmail.com', '5,Okesalu street', '0908877665', 'romuald@gmail.com', 0);

-- --------------------------------------------------------

--
-- Table structure for table `order_list`
--

CREATE TABLE `order_list` (
  `id` int(30) NOT NULL,
  `order_id` int(30) NOT NULL,
  `product_id` int(30) NOT NULL,
  `qty` int(30) NOT NULL
) ENGINE=InnoDB DEFAULT CHARSET=utf8mb4;

--
-- Dumping data for table `order_list`
--

INSERT INTO `order_list` (`id`, `order_id`, `product_id`, `qty`) VALUES
(1, 1, 3, 1),
(2, 1, 5, 1),
(3, 1, 3, 1),
(4, 1, 6, 3),
(5, 2, 1, 2),
(6, 3, 6, 2),
(7, 3, 7, 1),
(8, 4, 1, 1),
(9, 4, 4, 1),
(10, 5, 6, 2),
(11, 5, 1, 2),
(12, 6, 5, 5),
(13, 7, 7, 12),
(14, 7, 1, 9),
(15, 7, 7, 6),
(16, 7, 6, 1),
(17, 7, 4, 1),
(18, 7, 4, 1),
(19, 7, 6, 1),
(20, 7, 7, 3),
(21, 7, 4, 1),
(22, 7, 4, 9);

-- --------------------------------------------------------

--
-- Table structure for table `product_list`
--

CREATE TABLE `product_list` (
  `id` int(30) NOT NULL,
  `category_id` int(30) NOT NULL,
  `name` varchar(100) NOT NULL,
  `description` text NOT NULL,
  `price` float NOT NULL DEFAULT 0,
  `img_path` text NOT NULL,
  `status` tinyint(1) NOT NULL DEFAULT 1 COMMENT '0= unavailable, 2 Available'
) ENGINE=InnoDB DEFAULT CHARSET=utf8mb4;

--
-- Dumping data for table `product_list`
--

INSERT INTO `product_list` (`id`, `category_id`, `name`, `description`, `price`, `img_path`, `status`) VALUES
(1, 3, 'Diet Coke', 'In Can', 20, '1600652160_diet_coke.jpg', 1),
(3, 3, 'Lemon Iced Tea', 'Sample', 15, '1600652520_lemon iced tea.jpg', 1),
(4, 4, 'Chicken', 'Sample only', 150, '1600652880_chicken.jpg', 1),
(5, 3, 'Steak', 'Sample 2', 200, '1600652880_steak.jpg', 1),
(6, 3, 'Chicken2', 'Lorem Ipsum is simply dummy text of the printing and typesetting industry. Lorem Ipsum has been the industrys standard dummy text ever since the 1500s, when an unknown printer took a galley of type and scrambled it to make a type specimen book. It has survived not only five centuries, but also the leap into electronic typesetting, remaining essentially unchanged. It was popularised in the 1960s with the release of Letraset sheets containing Lorem Ipsum passages, and more recently with desktop publishing software like Aldus PageMaker including versions of Lorem Ipsum.', 250, '1600656600_checken2.jpg', 1),
(7, 6, 'Leche Plan', 'Leche Plan Big', 99, '1618937160_arrow.png', 1);

-- --------------------------------------------------------

--
-- Table structure for table `system_settings`
--

CREATE TABLE `system_settings` (
  `id` int(30) NOT NULL,
  `name` text NOT NULL,
  `email` varchar(200) NOT NULL,
  `contact` varchar(20) NOT NULL,
  `cover_img` text NOT NULL,
  `about_content` text NOT NULL
) ENGINE=InnoDB DEFAULT CHARSET=utf8mb4;

--
-- Dumping data for table `system_settings`
--

INSERT INTO `system_settings` (`id`, `name`, `email`, `contact`, `cover_img`, `about_content`) VALUES
(1, 'CampCodes - Online Food Ordering System', 'admin@admin.com', '+639079373999', '1600654680_photo-1504674900247-0877df9cc836.jpg', '&lt;p style=&quot;text-align: center; background: transparent; position: relative;&quot;&gt;&lt;span style=&quot;font-size:28px;background: transparent; position: relative;&quot;&gt;&lt;b style=&quot;margin: 0px; padding: 0px; color: rgb(0, 0, 0); font-family: &amp;quot;Open Sans&amp;quot;, Arial, sans-serif; text-align: justify;&quot;&gt;NICE!&lt;/b&gt;&lt;br&gt;&lt;/span&gt;&lt;/p&gt;&lt;p style=&quot;text-align: center; background: transparent; position: relative;&quot;&gt;&lt;span style=&quot;font-size:28px;background: transparent; position: relative;&quot;&gt;&lt;span style=&quot;color: rgb(0, 0, 0); font-family: &amp;quot;Open Sans&amp;quot;, Arial, sans-serif; font-weight: 400; text-align: justify;&quot;&gt;&lt;br&gt;&lt;/span&gt;&lt;/p&gt;&lt;p style=&quot;text-align: center; background: transparent; position: relative;&quot;&gt;&lt;/p&gt;&lt;h2 style=&quot;font-size:28px;background: transparent; position: relative;&quot;&gt;Where does it come from?&lt;/h2&gt;&lt;p style=&quot;text-align: center; margin-bottom: 15px; padding: 0px; color: rgb(0, 0, 0); font-family: &amp;quot;Open Sans&amp;quot;, Arial, sans-serif; font-weight: 400;&quot;&gt;Contrary to popular belief, Lorem Ipsum is not simply random text. It has roots in a piece of classical Latin literature from 45 BC, making it over 2000 years old. Richard McClintock, a Latin professor at Hampden-Sydney College in Virginia, looked up one of the more obscure Latin words, consectetur, from a Lorem Ipsum passage, and going through the cites of the word in classical literature, discovered the undoubtable source. Lorem Ipsum comes from sections 1.10.32 and 1.10.33 of &quot;de Finibus Bonorum et Malorum&quot; (The Extremes of Good and Evil) by Cicero, written in 45 BC. This book is a treatise on the theory of ethics, very popular during the Renaissance. The first line of Lorem Ipsum, &quot;Lorem ipsum dolor sit amet..&quot;, comes from a line in section 1.10.32.&lt;/p&gt;&lt;p&gt;&lt;/p&gt;');

-- --------------------------------------------------------

--
-- Table structure for table `users`
--

CREATE TABLE `users` (
  `id` int(30) NOT NULL,
  `name` varchar(200) NOT NULL,
  `username` varchar(100) NOT NULL,
  `password` varchar(200) NOT NULL,
  `type` tinyint(1) NOT NULL DEFAULT 2 COMMENT '1=admin , 2 = staff'
) ENGINE=InnoDB DEFAULT CHARSET=utf8mb4;

--
-- Dumping data for table `users`
--

INSERT INTO `users` (`id`, `name`, `username`, `password`, `type`) VALUES
(1, 'Administrator', 'admin', 'admin123', 1);

-- --------------------------------------------------------

--
-- Table structure for table `user_info`
--

CREATE TABLE `user_info` (
  `user_id` int(10) NOT NULL,
  `first_name` varchar(100) NOT NULL,
  `last_name` varchar(100) NOT NULL,
  `email` varchar(300) NOT NULL,
  `password` varchar(300) NOT NULL,
  `mobile` varchar(10) NOT NULL,
  `address` varchar(300) NOT NULL
) ENGINE=InnoDB DEFAULT CHARSET=latin1;

--
-- Dumping data for table `user_info`
--

INSERT INTO `user_info` (`user_id`, `first_name`, `last_name`, `email`, `password`, `mobile`, `address`) VALUES
(1, 'James', 'Smith', 'jsmith@sample.com', '1254737c076cf867dc53d60a0364f38e', '4756463215', 'adasdasd asdadasd'),
(2, 'Camp', 'Codes', 'admin@campcodes.com', '827ccb0eea8a706c4c34a16891f84e7b', '+639079373', '06106 Capitol Site, Brgy. Washington'),
(3, 'degbe', 'romuald@gmail.com', 'romuald@gmail.com', '66adae0bca97e8aecc96fb2b38687b44', '0908877665', '5,Okesalu street');

--
-- Indexes for dumped tables
--

--
-- Indexes for table `cart`
--
ALTER TABLE `cart`
  ADD PRIMARY KEY (`id`);

--
-- Indexes for table `category_list`
--
ALTER TABLE `category_list`
  ADD PRIMARY KEY (`id`);

--
-- Indexes for table `orders`
--
ALTER TABLE `orders`
  ADD PRIMARY KEY (`id`);

--
-- Indexes for table `order_list`
--
ALTER TABLE `order_list`
  ADD PRIMARY KEY (`id`);

--
-- Indexes for table `product_list`
--
ALTER TABLE `product_list`
  ADD PRIMARY KEY (`id`);

--
-- Indexes for table `system_settings`
--
ALTER TABLE `system_settings`
  ADD PRIMARY KEY (`id`);

--
-- Indexes for table `users`
--
ALTER TABLE `users`
  ADD PRIMARY KEY (`id`);

--
-- Indexes for table `user_info`
--
ALTER TABLE `user_info`
  ADD PRIMARY KEY (`user_id`);

--
-- AUTO_INCREMENT for dumped tables
--

--
-- AUTO_INCREMENT for table `cart`
--
ALTER TABLE `cart`
  MODIFY `id` int(30) NOT NULL AUTO_INCREMENT, AUTO_INCREMENT=27;

--
-- AUTO_INCREMENT for table `category_list`
--
ALTER TABLE `category_list`
  MODIFY `id` int(30) NOT NULL AUTO_INCREMENT, AUTO_INCREMENT=7;

--
-- AUTO_INCREMENT for table `orders`
--
ALTER TABLE `orders`
  MODIFY `id` int(30) NOT NULL AUTO_INCREMENT, AUTO_INCREMENT=8;

--
-- AUTO_INCREMENT for table `order_list`
--
ALTER TABLE `order_list`
  MODIFY `id` int(30) NOT NULL AUTO_INCREMENT, AUTO_INCREMENT=23;

--
-- AUTO_INCREMENT for table `product_list`
--
ALTER TABLE `product_list`
  MODIFY `id` int(30) NOT NULL AUTO_INCREMENT, AUTO_INCREMENT=8;

--
-- AUTO_INCREMENT for table `system_settings`
--
ALTER TABLE `system_settings`
  MODIFY `id` int(30) NOT NULL AUTO_INCREMENT, AUTO_INCREMENT=2;

--
-- AUTO_INCREMENT for table `users`
--
ALTER TABLE `users`
  MODIFY `id` int(30) NOT NULL AUTO_INCREMENT, AUTO_INCREMENT=2;

--
-- AUTO_INCREMENT for table `user_info`
--
ALTER TABLE `user_info`
  MODIFY `user_id` int(10) NOT NULL AUTO_INCREMENT, AUTO_INCREMENT=4;
--
-- Database: `gfg`
--
CREATE DATABASE IF NOT EXISTS `gfg` DEFAULT CHARACTER SET utf8mb4 COLLATE utf8mb4_general_ci;
USE `gfg`;

-- --------------------------------------------------------

--
-- Table structure for table `userdata`
--

CREATE TABLE `userdata` (
  `id` int(11) NOT NULL,
  `username` varchar(100) NOT NULL,
  `problems` varchar(100) NOT NULL,
  `score` int(20) NOT NULL,
  `articles` varchar(50) NOT NULL
) ENGINE=InnoDB DEFAULT CHARSET=utf8mb4;

--
-- Dumping data for table `userdata`
--

INSERT INTO `userdata` (`id`, `username`, `problems`, `score`, `articles`) VALUES
(1, 'RomualdTech', 'case sensitivity', -3, 'hjajkhasdjsks'),
(2, 'peter01', 'case sensitivity small', 764784, 'hgfhfghfkd'),
(3, 'wtywuqwqiAJ', '373yududi', 2, 'i can develop mobile app');

--
-- Indexes for dumped tables
--

--
-- Indexes for table `userdata`
--
ALTER TABLE `userdata`
  ADD PRIMARY KEY (`id`);

--
-- AUTO_INCREMENT for dumped tables
--

--
-- AUTO_INCREMENT for table `userdata`
--
ALTER TABLE `userdata`
  MODIFY `id` int(11) NOT NULL AUTO_INCREMENT, AUTO_INCREMENT=4;
--
-- Database: `grading_db`
--
CREATE DATABASE IF NOT EXISTS `grading_db` DEFAULT CHARACTER SET utf8mb4 COLLATE utf8mb4_general_ci;
USE `grading_db`;

-- --------------------------------------------------------

--
-- Table structure for table `advisers`
--

CREATE TABLE `advisers` (
  `adviser_id` int(10) NOT NULL,
  `name` varchar(50) NOT NULL,
  `grade_id` varchar(5) NOT NULL,
  `section` varchar(20) NOT NULL,
  `program` varchar(5) NOT NULL,
  `school_year` varchar(10) NOT NULL
) ENGINE=InnoDB DEFAULT CHARSET=latin1;

-- --------------------------------------------------------

--
-- Table structure for table `attendance`
--

CREATE TABLE `attendance` (
  `ATT_ID` int(30) NOT NULL,
  `STUDENT_ID` int(30) NOT NULL,
  `SYI_ID` int(30) NOT NULL,
  `MONTH` varchar(15) NOT NULL,
  `DAYS_OF_CLASSES` int(5) NOT NULL,
  `DAYS_PRESENT` int(5) NOT NULL
) ENGINE=InnoDB DEFAULT CHARSET=latin1;

--
-- Dumping data for table `attendance`
--

INSERT INTO `attendance` (`ATT_ID`, `STUDENT_ID`, `SYI_ID`, `MONTH`, `DAYS_OF_CLASSES`, `DAYS_PRESENT`) VALUES
(25, 2, 3, 'June', 0, 0),
(26, 2, 3, 'July', 0, 0),
(27, 2, 3, 'August', 0, 0),
(28, 2, 3, 'September', 0, 0),
(29, 2, 3, 'October', 0, 0),
(30, 2, 3, 'November', 0, 0),
(31, 2, 3, 'December', 0, 0),
(32, 2, 3, 'January', 0, 0),
(33, 2, 3, 'February', 0, 0),
(34, 2, 3, 'March', 0, 0),
(35, 2, 3, 'April', 0, 0),
(36, 2, 3, 'May', 0, 0);

-- --------------------------------------------------------

--
-- Table structure for table `awss`
--

CREATE TABLE `awss` (
  `id` int(200) NOT NULL,
  `ff` int(200) NOT NULL
) ENGINE=InnoDB DEFAULT CHARSET=latin1;

-- --------------------------------------------------------

--
-- Table structure for table `data_b`
--

CREATE TABLE `data_b` (
  `db_id` int(10) NOT NULL,
  `db_name` varchar(50) NOT NULL,
  `date_added` datetime NOT NULL
) ENGINE=InnoDB DEFAULT CHARSET=latin1;

-- --------------------------------------------------------

--
-- Table structure for table `data_base`
--

CREATE TABLE `data_base` (
  `db_id` int(10) NOT NULL,
  `dn_name` varchar(50) NOT NULL,
  `date_added` datetime NOT NULL
) ENGINE=InnoDB DEFAULT CHARSET=latin1;

-- --------------------------------------------------------

--
-- Table structure for table `grade`
--

CREATE TABLE `grade` (
  `grade_id` int(10) NOT NULL,
  `grade` varchar(10) NOT NULL,
  `status` varchar(10) NOT NULL
) ENGINE=InnoDB DEFAULT CHARSET=latin1;

--
-- Dumping data for table `grade`
--

INSERT INTO `grade` (`grade_id`, `grade`, `status`) VALUES
(1, '7', ''),
(2, '8', ''),
(3, '9', ''),
(4, '10', '');

-- --------------------------------------------------------

--
-- Table structure for table `grades_per_subject`
--

CREATE TABLE `grades_per_subject` (
  `ID` int(11) NOT NULL,
  `STUDENT_ID` int(30) NOT NULL,
  `YEAR` int(5) NOT NULL,
  `SUBJECT` varchar(20) NOT NULL,
  `PERIODIC_GRADING` int(5) NOT NULL,
  `GRADES` int(5) NOT NULL
) ENGINE=InnoDB DEFAULT CHARSET=latin1;

-- --------------------------------------------------------

--
-- Table structure for table `history_log`
--

CREATE TABLE `history_log` (
  `log_id` int(10) NOT NULL,
  `transaction` varchar(200) NOT NULL,
  `user_id` int(5) NOT NULL,
  `date_added` datetime NOT NULL
) ENGINE=InnoDB DEFAULT CHARSET=latin1;

--
-- Dumping data for table `history_log`
--

INSERT INTO `history_log` (`log_id`, `transaction`, `user_id`, `date_added`) VALUES
(36, 'logged out', 1, '2021-02-26 09:34:59'),
(37, 'logged in', 1, '2021-02-26 09:38:19'),
(38, 'logged in', 1, '2021-02-26 11:57:05'),
(39, 'added Science in the subject list', 1, '2021-02-26 11:57:42'),
(40, 'printed Angel Jude Suarez permanent record', 1, '2021-02-26 11:58:23'),
(41, 'added record of m m', 0, '2021-02-26 12:00:26'),
(42, 'printed Angel Jude Suarez permanent record', 1, '2021-02-26 12:00:46'),
(43, 'logged out', 1, '2021-02-26 12:05:14'),
(44, 'logged in', 2, '2021-07-16 07:04:14'),
(45, 'logged out', 2, '2021-07-16 07:09:10'),
(46, 'logged in', 2, '2021-07-16 07:09:18'),
(47, 'logged in', 1, '2021-07-16 07:09:30');

-- --------------------------------------------------------

--
-- Table structure for table `program`
--

CREATE TABLE `program` (
  `PROGRAM_ID` int(20) NOT NULL,
  `PROGRAM` varchar(10) NOT NULL,
  `DESCRIPTION` varchar(50) NOT NULL
) ENGINE=InnoDB DEFAULT CHARSET=latin1;

--
-- Dumping data for table `program`
--

INSERT INTO `program` (`PROGRAM_ID`, `PROGRAM`, `DESCRIPTION`) VALUES
(1, 'Regular', 'Regular');

-- --------------------------------------------------------

--
-- Table structure for table `promotion_candidates`
--

CREATE TABLE `promotion_candidates` (
  `id` int(10) NOT NULL,
  `STUDENT_ID` int(10) NOT NULL,
  `SY` varchar(10) NOT NULL
) ENGINE=InnoDB DEFAULT CHARSET=latin1;

-- --------------------------------------------------------

--
-- Table structure for table `school_year`
--

CREATE TABLE `school_year` (
  `SY_ID` int(10) NOT NULL,
  `school_year` varchar(10) NOT NULL,
  `status` varchar(10) NOT NULL
) ENGINE=InnoDB DEFAULT CHARSET=latin1;

--
-- Dumping data for table `school_year`
--

INSERT INTO `school_year` (`SY_ID`, `school_year`, `status`) VALUES
(1, '2016-2017', 'No'),
(2, '2017-2018', 'No'),
(3, '2018-2019', 'No'),
(4, '2019-2020', 'Yes'),
(5, '2017-2018', 'No');

-- --------------------------------------------------------

--
-- Table structure for table `students`
--

CREATE TABLE `students` (
  `STUDENT_ID` int(50) NOT NULL,
  `LRN_NO` int(12) NOT NULL,
  `LASTNAME` varchar(30) NOT NULL,
  `FIRSTNAME` varchar(30) NOT NULL,
  `MIDDLENAME` varchar(30) NOT NULL,
  `GENDER` varchar(10) NOT NULL,
  `DATE_OF_BIRTH` date NOT NULL,
  `STREET` varchar(30) NOT NULL,
  `PROVINCE` varchar(30) NOT NULL,
  `TOWN` varchar(30) NOT NULL,
  `BRGY` varchar(30) NOT NULL,
  `PARENT_GUARDIAN` varchar(50) NOT NULL,
  `P_ADDRESS` varchar(60) NOT NULL,
  `INT_COURSE_COMP` varchar(50) NOT NULL,
  `SCHOOL_YEAR` varchar(10) NOT NULL,
  `GEN_AVE` int(6) NOT NULL,
  `TOTAL_NO_OF_YEAR` int(5) NOT NULL,
  `PROGRAM` varchar(20) NOT NULL,
  `BIRTH_PLACE` varchar(50) NOT NULL
) ENGINE=InnoDB DEFAULT CHARSET=latin1;

-- --------------------------------------------------------

--
-- Table structure for table `student_info`
--

CREATE TABLE `student_info` (
  `STUDENT_ID` int(50) NOT NULL,
  `LRN_NO` varchar(15) NOT NULL,
  `LASTNAME` varchar(30) NOT NULL,
  `FIRSTNAME` varchar(30) NOT NULL,
  `MIDDLENAME` varchar(30) NOT NULL,
  `GENDER` varchar(10) NOT NULL,
  `DATE_OF_BIRTH` date NOT NULL,
  `ADDRESS` varchar(20) NOT NULL,
  `BIRTH_PLACE` varchar(50) NOT NULL,
  `PARENT_GUARDIAN` varchar(50) NOT NULL,
  `P_ADDRESS` varchar(60) NOT NULL,
  `INT_COURSE_COMP` varchar(50) NOT NULL,
  `SCHOOL_YEAR` varchar(10) NOT NULL,
  `GEN_AVE` varchar(6) NOT NULL,
  `TOTAL_NO_OF_YEARS` varchar(5) NOT NULL,
  `PROGRAM` varchar(10) NOT NULL
) ENGINE=InnoDB DEFAULT CHARSET=latin1;

--
-- Dumping data for table `student_info`
--

INSERT INTO `student_info` (`STUDENT_ID`, `LRN_NO`, `LASTNAME`, `FIRSTNAME`, `MIDDLENAME`, `GENDER`, `DATE_OF_BIRTH`, `ADDRESS`, `BIRTH_PLACE`, `PARENT_GUARDIAN`, `P_ADDRESS`, `INT_COURSE_COMP`, `SCHOOL_YEAR`, `GEN_AVE`, `TOTAL_NO_OF_YEARS`, `PROGRAM`) VALUES
(2, '11111', 'Suarez', 'Angel Jude', 'Reyes', 'MALE', '1996-02-11', 'Himamaylan City', 'Brgy. Tooy Himamaylan City', 'Michael Suarez', 'Himamaylan City', 'San Ramon Catholic School', '2004-2010', '85', '6', '1');

-- --------------------------------------------------------

--
-- Table structure for table `student_int_info`
--

CREATE TABLE `student_int_info` (
  `ID` int(30) NOT NULL,
  `STUDENT_ID` varchar(30) NOT NULL,
  `INT_COURSE_COMP` varchar(50) NOT NULL,
  `SCHOOL_YEAR_START` year(4) NOT NULL,
  `SCHOOL_YEAR_ENDS` year(4) NOT NULL,
  `GEN_AVE` int(5) NOT NULL,
  `TOTAL_NO_YEARS` int(10) NOT NULL
) ENGINE=InnoDB DEFAULT CHARSET=latin1;

-- --------------------------------------------------------

--
-- Table structure for table `student_year_info`
--

CREATE TABLE `student_year_info` (
  `SYI_ID` int(11) NOT NULL,
  `STUDENT_ID` int(30) NOT NULL,
  `SCHOOL` varchar(100) NOT NULL,
  `YEAR` varchar(15) NOT NULL,
  `SECTION` varchar(10) NOT NULL,
  `TOTAL_NO_OF_YEAR` int(5) NOT NULL,
  `SCHOOL_YEAR` varchar(10) NOT NULL,
  `ADVANCE_UNIT` varchar(10) NOT NULL,
  `LACK_UNIT` varchar(10) NOT NULL,
  `ADVISER` varchar(40) NOT NULL,
  `GEN_AVE` varchar(10) NOT NULL,
  `RANK` varchar(10) NOT NULL,
  `TO_BE_CLASSIFIED` varchar(10) NOT NULL,
  `TDAYS_OF_CLASSES` int(5) NOT NULL,
  `TDAYS_PRESENT` int(5) NOT NULL,
  `ACTION` varchar(40) NOT NULL
) ENGINE=InnoDB DEFAULT CHARSET=latin1;

--
-- Dumping data for table `student_year_info`
--

INSERT INTO `student_year_info` (`SYI_ID`, `STUDENT_ID`, `SCHOOL`, `YEAR`, `SECTION`, `TOTAL_NO_OF_YEAR`, `SCHOOL_YEAR`, `ADVANCE_UNIT`, `LACK_UNIT`, `ADVISER`, `GEN_AVE`, `RANK`, `TO_BE_CLASSIFIED`, `TDAYS_OF_CLASSES`, `TDAYS_PRESENT`, `ACTION`) VALUES
(3, 2, 'School', '1', '1', 7, '2019-2020', '', '', '', '90.1666666', '', '', 0, 0, 'Promoted');

-- --------------------------------------------------------

--
-- Table structure for table `subjects`
--

CREATE TABLE `subjects` (
  `SUBJECT_ID` int(11) NOT NULL,
  `SUBJECT` varchar(50) NOT NULL,
  `FOR` varchar(10) NOT NULL,
  `DESCRIPTION` varchar(50) NOT NULL
) ENGINE=InnoDB DEFAULT CHARSET=latin1;

--
-- Dumping data for table `subjects`
--

INSERT INTO `subjects` (`SUBJECT_ID`, `SUBJECT`, `FOR`, `DESCRIPTION`) VALUES
(1, 'English', 'All', 'English'),
(2, 'Math', 'All', 'Math'),
(3, 'Science', 'All', 'dsaf');

-- --------------------------------------------------------

--
-- Table structure for table `total_grades_subjects`
--

CREATE TABLE `total_grades_subjects` (
  `TGS_ID` int(30) NOT NULL,
  `STUDENT_ID` int(30) NOT NULL,
  `SYI_ID` int(30) NOT NULL,
  `SUBJECT` int(20) NOT NULL,
  `1ST_GRADING` varchar(10) NOT NULL,
  `2ND_GRADING` varchar(10) NOT NULL,
  `3RD_GRADING` varchar(10) NOT NULL,
  `4TH_GRADING` varchar(10) NOT NULL,
  `UNITS` varchar(10) NOT NULL,
  `FINAL_GRADES` varchar(10) NOT NULL,
  `PASSED_FAILED` varchar(10) NOT NULL
) ENGINE=InnoDB DEFAULT CHARSET=latin1;

--
-- Dumping data for table `total_grades_subjects`
--

INSERT INTO `total_grades_subjects` (`TGS_ID`, `STUDENT_ID`, `SYI_ID`, `SUBJECT`, `1ST_GRADING`, `2ND_GRADING`, `3RD_GRADING`, `4TH_GRADING`, `UNITS`, `FINAL_GRADES`, `PASSED_FAILED`) VALUES
(5, 2, 3, 2, '90', '95', '96', '97', '', '94.50', 'PASSED'),
(6, 2, 3, 1, '85', '86', '87', '88', '', '86.50', 'PASSED'),
(7, 2, 3, 3, '88', '88', '90', '92', '', '89.50', 'PASSED');

-- --------------------------------------------------------

--
-- Table structure for table `user`
--

CREATE TABLE `user` (
  `USER_ID` int(11) NOT NULL,
  `LASTNAME` varchar(30) NOT NULL,
  `FIRSTNAME` varchar(30) NOT NULL,
  `USER` varchar(10) NOT NULL,
  `PASSWORD` text NOT NULL,
  `USER_TYPE` varchar(15) NOT NULL
) ENGINE=InnoDB DEFAULT CHARSET=latin1;

--
-- Dumping data for table `user`
--

INSERT INTO `user` (`USER_ID`, `LASTNAME`, `FIRSTNAME`, `USER`, `PASSWORD`, `USER_TYPE`) VALUES
(1, 'admin', 'admin', 'admin', '0192023a7bbd73250516f069df18b500', 'ADMINISTRATOR'),
(2, 'staff', 'staff', 'staff', 'de9bf5643eabf80f4a56fda3bbb84483', 'STAFF');

--
-- Indexes for dumped tables
--

--
-- Indexes for table `advisers`
--
ALTER TABLE `advisers`
  ADD PRIMARY KEY (`adviser_id`);

--
-- Indexes for table `attendance`
--
ALTER TABLE `attendance`
  ADD PRIMARY KEY (`ATT_ID`);

--
-- Indexes for table `data_b`
--
ALTER TABLE `data_b`
  ADD PRIMARY KEY (`db_id`);

--
-- Indexes for table `data_base`
--
ALTER TABLE `data_base`
  ADD PRIMARY KEY (`db_id`);

--
-- Indexes for table `grade`
--
ALTER TABLE `grade`
  ADD PRIMARY KEY (`grade_id`);

--
-- Indexes for table `grades_per_subject`
--
ALTER TABLE `grades_per_subject`
  ADD PRIMARY KEY (`ID`);

--
-- Indexes for table `history_log`
--
ALTER TABLE `history_log`
  ADD PRIMARY KEY (`log_id`);

--
-- Indexes for table `program`
--
ALTER TABLE `program`
  ADD PRIMARY KEY (`PROGRAM_ID`);

--
-- Indexes for table `promotion_candidates`
--
ALTER TABLE `promotion_candidates`
  ADD PRIMARY KEY (`id`);

--
-- Indexes for table `school_year`
--
ALTER TABLE `school_year`
  ADD PRIMARY KEY (`SY_ID`);

--
-- Indexes for table `students`
--
ALTER TABLE `students`
  ADD PRIMARY KEY (`STUDENT_ID`);

--
-- Indexes for table `student_info`
--
ALTER TABLE `student_info`
  ADD PRIMARY KEY (`STUDENT_ID`);

--
-- Indexes for table `student_int_info`
--
ALTER TABLE `student_int_info`
  ADD PRIMARY KEY (`ID`);

--
-- Indexes for table `student_year_info`
--
ALTER TABLE `student_year_info`
  ADD PRIMARY KEY (`SYI_ID`);

--
-- Indexes for table `subjects`
--
ALTER TABLE `subjects`
  ADD PRIMARY KEY (`SUBJECT_ID`);

--
-- Indexes for table `total_grades_subjects`
--
ALTER TABLE `total_grades_subjects`
  ADD PRIMARY KEY (`TGS_ID`);

--
-- Indexes for table `user`
--
ALTER TABLE `user`
  ADD PRIMARY KEY (`USER_ID`);

--
-- AUTO_INCREMENT for dumped tables
--

--
-- AUTO_INCREMENT for table `advisers`
--
ALTER TABLE `advisers`
  MODIFY `adviser_id` int(10) NOT NULL AUTO_INCREMENT;

--
-- AUTO_INCREMENT for table `attendance`
--
ALTER TABLE `attendance`
  MODIFY `ATT_ID` int(30) NOT NULL AUTO_INCREMENT, AUTO_INCREMENT=37;

--
-- AUTO_INCREMENT for table `data_b`
--
ALTER TABLE `data_b`
  MODIFY `db_id` int(10) NOT NULL AUTO_INCREMENT;

--
-- AUTO_INCREMENT for table `data_base`
--
ALTER TABLE `data_base`
  MODIFY `db_id` int(10) NOT NULL AUTO_INCREMENT;

--
-- AUTO_INCREMENT for table `grade`
--
ALTER TABLE `grade`
  MODIFY `grade_id` int(10) NOT NULL AUTO_INCREMENT, AUTO_INCREMENT=5;

--
-- AUTO_INCREMENT for table `grades_per_subject`
--
ALTER TABLE `grades_per_subject`
  MODIFY `ID` int(11) NOT NULL AUTO_INCREMENT;

--
-- AUTO_INCREMENT for table `history_log`
--
ALTER TABLE `history_log`
  MODIFY `log_id` int(10) NOT NULL AUTO_INCREMENT, AUTO_INCREMENT=48;

--
-- AUTO_INCREMENT for table `program`
--
ALTER TABLE `program`
  MODIFY `PROGRAM_ID` int(20) NOT NULL AUTO_INCREMENT, AUTO_INCREMENT=2;

--
-- AUTO_INCREMENT for table `promotion_candidates`
--
ALTER TABLE `promotion_candidates`
  MODIFY `id` int(10) NOT NULL AUTO_INCREMENT, AUTO_INCREMENT=2;

--
-- AUTO_INCREMENT for table `school_year`
--
ALTER TABLE `school_year`
  MODIFY `SY_ID` int(10) NOT NULL AUTO_INCREMENT, AUTO_INCREMENT=6;

--
-- AUTO_INCREMENT for table `students`
--
ALTER TABLE `students`
  MODIFY `STUDENT_ID` int(50) NOT NULL AUTO_INCREMENT;

--
-- AUTO_INCREMENT for table `student_info`
--
ALTER TABLE `student_info`
  MODIFY `STUDENT_ID` int(50) NOT NULL AUTO_INCREMENT, AUTO_INCREMENT=3;

--
-- AUTO_INCREMENT for table `student_int_info`
--
ALTER TABLE `student_int_info`
  MODIFY `ID` int(30) NOT NULL AUTO_INCREMENT;

--
-- AUTO_INCREMENT for table `student_year_info`
--
ALTER TABLE `student_year_info`
  MODIFY `SYI_ID` int(11) NOT NULL AUTO_INCREMENT, AUTO_INCREMENT=4;

--
-- AUTO_INCREMENT for table `subjects`
--
ALTER TABLE `subjects`
  MODIFY `SUBJECT_ID` int(11) NOT NULL AUTO_INCREMENT, AUTO_INCREMENT=4;

--
-- AUTO_INCREMENT for table `total_grades_subjects`
--
ALTER TABLE `total_grades_subjects`
  MODIFY `TGS_ID` int(30) NOT NULL AUTO_INCREMENT, AUTO_INCREMENT=8;

--
-- AUTO_INCREMENT for table `user`
--
ALTER TABLE `user`
  MODIFY `USER_ID` int(11) NOT NULL AUTO_INCREMENT, AUTO_INCREMENT=3;
--
-- Database: `healthcare`
--
CREATE DATABASE IF NOT EXISTS `healthcare` DEFAULT CHARACTER SET utf8mb4 COLLATE utf8mb4_general_ci;
USE `healthcare`;

-- --------------------------------------------------------

--
-- Table structure for table `analiticas`
--

CREATE TABLE `analiticas` (
  `codigo_analitica` int(11) NOT NULL,
  `CIU_paciente` varchar(64) COLLATE utf8_spanish_ci NOT NULL,
  `CIU_personal` varchar(64) COLLATE utf8_spanish_ci DEFAULT NULL,
  `CIU_medico_solicitante` varchar(64) COLLATE utf8_spanish_ci NOT NULL,
  `pruebas` text COLLATE utf8_spanish_ci NOT NULL,
  `resultados` longtext CHARACTER SET utf8mb4 COLLATE utf8mb4_bin DEFAULT NULL,
  `fecha_solicitud` date NOT NULL,
  `fecha_resultado` date DEFAULT NULL,
  `observaciones_medico` text COLLATE utf8_spanish_ci NOT NULL,
  `observaciones_personal` text COLLATE utf8_spanish_ci DEFAULT NULL
) ENGINE=InnoDB DEFAULT CHARSET=utf8 COLLATE=utf8_spanish_ci;

-- --------------------------------------------------------

--
-- Table structure for table `centros`
--

CREATE TABLE `centros` (
  `id` int(11) NOT NULL,
  `nombre` varchar(64) COLLATE utf8_spanish_ci NOT NULL,
  `calle` varchar(64) COLLATE utf8_spanish_ci NOT NULL,
  `telefonos` longtext CHARACTER SET utf8mb4 COLLATE utf8mb4_bin NOT NULL
) ENGINE=InnoDB DEFAULT CHARSET=utf8 COLLATE=utf8_spanish_ci;

-- --------------------------------------------------------

--
-- Table structure for table `citas`
--

CREATE TABLE `citas` (
  `id` int(11) NOT NULL,
  `CIU_paciente` varchar(64) COLLATE utf8_spanish_ci NOT NULL,
  `CIU_medico` varchar(64) COLLATE utf8_spanish_ci NOT NULL,
  `fecha` date NOT NULL,
  `hora` time NOT NULL,
  `estado` set('0','1','2') COLLATE utf8_spanish_ci NOT NULL,
  `observaciones` text COLLATE utf8_spanish_ci NOT NULL
) ENGINE=InnoDB DEFAULT CHARSET=utf8 COLLATE=utf8_spanish_ci;

-- --------------------------------------------------------

--
-- Table structure for table `consultas`
--

CREATE TABLE `consultas` (
  `identificador` varchar(8) COLLATE utf8_spanish_ci NOT NULL,
  `centro` int(11) NOT NULL,
  `facultativo` varchar(64) COLLATE utf8_spanish_ci NOT NULL,
  `denominacion_consulta` varchar(32) COLLATE utf8_spanish_ci NOT NULL
) ENGINE=InnoDB DEFAULT CHARSET=utf8 COLLATE=utf8_spanish_ci;

-- --------------------------------------------------------

--
-- Table structure for table `especialidades`
--

CREATE TABLE `especialidades` (
  `id` int(11) NOT NULL,
  `denominacion` varchar(32) COLLATE utf8_spanish_ci NOT NULL,
  `identificacion` varchar(8) COLLATE utf8_spanish_ci NOT NULL
) ENGINE=InnoDB DEFAULT CHARSET=utf8 COLLATE=utf8_spanish_ci;

--
-- Dumping data for table `especialidades`
--

INSERT INTO `especialidades` (`id`, `denominacion`, `identificacion`) VALUES
(1, 'Medicina General', 'MG');

-- --------------------------------------------------------

--
-- Table structure for table `facultativos`
--

CREATE TABLE `facultativos` (
  `CIU_medico` varchar(64) COLLATE utf8_spanish_ci NOT NULL,
  `numero_colegiado` int(11) NOT NULL,
  `especialidad` int(11) NOT NULL,
  `activo` tinyint(1) NOT NULL
) ENGINE=InnoDB DEFAULT CHARSET=utf8 COLLATE=utf8_spanish_ci;

--
-- Dumping data for table `facultativos`
--

INSERT INTO `facultativos` (`CIU_medico`, `numero_colegiado`, `especialidad`, `activo`) VALUES
('CIURAFA', 1213, 1, 1);

-- --------------------------------------------------------

--
-- Table structure for table `informes`
--

CREATE TABLE `informes` (
  `id` int(11) NOT NULL,
  `CIU_medico` varchar(64) COLLATE utf8_spanish_ci NOT NULL,
  `CIU_paciente` varchar(64) COLLATE utf8_spanish_ci NOT NULL,
  `fecha` date NOT NULL,
  `hora` time NOT NULL,
  `contenido` text COLLATE utf8_spanish_ci NOT NULL
) ENGINE=InnoDB DEFAULT CHARSET=utf8 COLLATE=utf8_spanish_ci;

--
-- Dumping data for table `informes`
--

INSERT INTO `informes` (`id`, `CIU_medico`, `CIU_paciente`, `fecha`, `hora`, `contenido`) VALUES
(1, 'CIURAFA', 'CIUALEX', '2020-03-04', '09:00:00', 'esto es un informe de prueba'),
(2, 'CIURAFA', 'CIUALEX', '2020-03-05', '12:17:00', 'esto es otro informe de prueba'),
(3, 'CIURAFA', 'CIUALEX', '2020-03-10', '11:32:00', 'Texto de prueba'),
(4, 'CIURAFA', 'CIUALEX', '2020-03-11', '11:32:00', 'Texto de prueba'),
(5, 'CIURAFA', 'CIUALEX', '2020-03-12', '11:32:00', 'Texto de prueba'),
(6, 'CIURAFA', 'CIUALEX', '2020-03-13', '11:32:00', 'Texto de prueba'),
(7, 'CIURAFA', 'CIUALEX', '2020-03-14', '11:32:00', 'Texto de prueba'),
(8, 'CIURAFA', 'CIUALEX', '2020-03-15', '11:32:00', 'Texto de prueba'),
(9, 'CIURAFA', 'CIUALEX', '2020-03-16', '11:32:00', 'Texto de prueba'),
(10, 'CIURAFA', 'CIUALEX', '2020-03-17', '11:32:00', 'Texto de prueba'),
(11, 'CIURAFA', 'CIUALEX', '2020-03-18', '11:32:00', 'Texto de prueba'),
(12, 'CIURAFA', 'CIUALEX', '2020-03-19', '11:32:00', 'Texto de prueba'),
(13, 'CIURAFA', 'CIUALEX', '2020-03-20', '11:32:00', 'Texto de prueba'),
(14, 'CIURAFA', 'CIUALEX', '2020-03-21', '11:32:00', 'Texto de prueba');

-- --------------------------------------------------------

--
-- Table structure for table `notificaciones`
--

CREATE TABLE `notificaciones` (
  `id` int(11) NOT NULL,
  `CIU_usuario` varchar(64) COLLATE utf8_spanish_ci NOT NULL,
  `informacion` text COLLATE utf8_spanish_ci NOT NULL
) ENGINE=InnoDB DEFAULT CHARSET=utf8 COLLATE=utf8_spanish_ci;

--
-- Dumping data for table `notificaciones`
--

INSERT INTO `notificaciones` (`id`, `CIU_usuario`, `informacion`) VALUES
(1, 'CIUALEX', 'Eres tonto');

-- --------------------------------------------------------

--
-- Table structure for table `pacientes`
--

CREATE TABLE `pacientes` (
  `CIU_paciente` varchar(64) COLLATE utf8_spanish_ci NOT NULL,
  `CIU_medico_referencia` varchar(64) COLLATE utf8_spanish_ci NOT NULL,
  `grupo_sanguineo` varchar(2) COLLATE utf8_spanish_ci NOT NULL
) ENGINE=InnoDB DEFAULT CHARSET=utf8 COLLATE=utf8_spanish_ci;

--
-- Dumping data for table `pacientes`
--

INSERT INTO `pacientes` (`CIU_paciente`, `CIU_medico_referencia`, `grupo_sanguineo`) VALUES
('CIUALEX', 'CIURAFA', 'A+'),
('CIURAFA', 'CIURAFA', 'AB');

-- --------------------------------------------------------

--
-- Table structure for table `personal_laboratorio`
--

CREATE TABLE `personal_laboratorio` (
  `CIU_personal` varchar(64) COLLATE utf8_spanish_ci NOT NULL,
  `centro` int(11) NOT NULL
) ENGINE=InnoDB DEFAULT CHARSET=utf8 COLLATE=utf8_spanish_ci;

-- --------------------------------------------------------

--
-- Table structure for table `tratamientos`
--

CREATE TABLE `tratamientos` (
  `id` int(11) NOT NULL,
  `nregistro` int(11) NOT NULL,
  `CIU_paciente` varchar(64) COLLATE utf8_spanish_ci NOT NULL,
  `fecha_inicio` date NOT NULL,
  `fecha_fin` date NOT NULL,
  `dosis` longtext CHARACTER SET utf8mb4 COLLATE utf8mb4_bin NOT NULL
) ENGINE=InnoDB DEFAULT CHARSET=utf8 COLLATE=utf8_spanish_ci;

--
-- Dumping data for table `tratamientos`
--

INSERT INTO `tratamientos` (`id`, `nregistro`, `CIU_paciente`, `fecha_inicio`, `fecha_fin`, `dosis`) VALUES
(1, 51347, 'CIUALEX', '2020-03-04', '2020-03-11', '{\"presentacion\":\"pastillas\",\"dosis\":\"1\",\"horas\":[\"10:00\",\"22:00\"]}\r\n'),
(2, 100133034, 'CIUALEX', '2020-02-28', '2021-02-28', '{\"presentacion\":\"unidades\",\"dosis\":\"25\",\"horas\":[\"7:00\",\"15:00\",\"23:00\"]}\r\n');

-- --------------------------------------------------------

--
-- Table structure for table `usuarios`
--

CREATE TABLE `usuarios` (
  `CIU` varchar(64) COLLATE utf8_spanish_ci NOT NULL,
  `nombre` varchar(32) COLLATE utf8_spanish_ci NOT NULL,
  `apellidos` varchar(64) COLLATE utf8_spanish_ci NOT NULL,
  `dni` varchar(16) COLLATE utf8_spanish_ci NOT NULL,
  `sexo` char(1) COLLATE utf8_spanish_ci NOT NULL,
  `nacionalidad` varchar(32) COLLATE utf8_spanish_ci NOT NULL,
  `direccion` varchar(64) COLLATE utf8_spanish_ci NOT NULL,
  `telefono` varchar(16) COLLATE utf8_spanish_ci NOT NULL,
  `fijo` varchar(16) COLLATE utf8_spanish_ci DEFAULT NULL,
  `fecha_nacimiento` date NOT NULL,
  `clave` varchar(128) COLLATE utf8_spanish_ci DEFAULT NULL,
  `correo` varchar(64) COLLATE utf8_spanish_ci DEFAULT NULL
) ENGINE=InnoDB DEFAULT CHARSET=utf8 COLLATE=utf8_spanish_ci;

--
-- Dumping data for table `usuarios`
--

INSERT INTO `usuarios` (`CIU`, `nombre`, `apellidos`, `dni`, `sexo`, `nacionalidad`, `direccion`, `telefono`, `fijo`, `fecha_nacimiento`, `clave`, `correo`) VALUES
('CIUALEX', 'Alejandro', 'Rodriguez Sanchez', '543765345A', 'H', 'Espaola', 'Fake St. 123', '666335906', '954623157', '1999-12-17', 'd404559f602eab6fd602ac7680dacbfaadd13630335e951f097af3900e9de176b6db28512f2e000b9d04fba5133e8b1c6e8df59db3a8ab9d60be4b97cc9e81db', 'paciente@gmail.com'),
('CIURAFA', 'Rafael', 'Apellido Surname', '123456789A', 'H', 'Espaola', 'C/ Falsa 123', '666555444', '927215984', '1965-05-01', 'd404559f602eab6fd602ac7680dacbfaadd13630335e951f097af3900e9de176b6db28512f2e000b9d04fba5133e8b1c6e8df59db3a8ab9d60be4b97cc9e81db', 'medico@gmail.com');

-- --------------------------------------------------------

--
-- Stand-in structure for view `vista_citas_pacientes_medicos`
-- (See below for the actual view)
--
CREATE TABLE `vista_citas_pacientes_medicos` (
`nombre_paciente` varchar(97)
,`nombre_medico` varchar(97)
,`fecha` date
,`hora` time
,`id` int(11)
,`CIU_paciente` varchar(64)
,`estado` set('0','1','2')
,`observaciones` text
);

-- --------------------------------------------------------

--
-- Stand-in structure for view `vista_resumen_informes`
-- (See below for the actual view)
--
CREATE TABLE `vista_resumen_informes` (
`id` int(11)
,`CIU_medico` varchar(64)
,`CIU_paciente` varchar(64)
,`fecha` date
,`hora` time
,`contenido` text
,`nombre_completo_medico` varchar(97)
,`especialidad` varchar(32)
);

-- --------------------------------------------------------

--
-- Stand-in structure for view `vista_usuarios_medicos`
-- (See below for the actual view)
--
CREATE TABLE `vista_usuarios_medicos` (
`CIU` varchar(64)
,`nombre_completo` varchar(97)
,`especialidad` varchar(32)
);

-- --------------------------------------------------------

--
-- Stand-in structure for view `vista_usuarios_pacientes`
-- (See below for the actual view)
--
CREATE TABLE `vista_usuarios_pacientes` (
`CIU` varchar(64)
,`nombre_completo` varchar(97)
);

-- --------------------------------------------------------

--
-- Structure for view `vista_citas_pacientes_medicos`
--
DROP TABLE IF EXISTS `vista_citas_pacientes_medicos`;

CREATE ALGORITHM=UNDEFINED DEFINER=`root`@`localhost` SQL SECURITY DEFINER VIEW `vista_citas_pacientes_medicos`  AS  select (select `vista_usuarios_pacientes`.`nombre_completo` from `vista_usuarios_pacientes` where `vista_usuarios_pacientes`.`CIU` = `citas`.`CIU_paciente`) AS `nombre_paciente`,(select `vista_usuarios_medicos`.`nombre_completo` from `vista_usuarios_medicos` where `vista_usuarios_medicos`.`CIU` = `citas`.`CIU_medico`) AS `nombre_medico`,`citas`.`fecha` AS `fecha`,`citas`.`hora` AS `hora`,`citas`.`id` AS `id`,`citas`.`CIU_paciente` AS `CIU_paciente`,`citas`.`estado` AS `estado`,`citas`.`observaciones` AS `observaciones` from `citas` ;

-- --------------------------------------------------------

--
-- Structure for view `vista_resumen_informes`
--
DROP TABLE IF EXISTS `vista_resumen_informes`;

CREATE ALGORITHM=UNDEFINED DEFINER=`root`@`localhost` SQL SECURITY DEFINER VIEW `vista_resumen_informes`  AS  (select `informes`.`id` AS `id`,`informes`.`CIU_medico` AS `CIU_medico`,`informes`.`CIU_paciente` AS `CIU_paciente`,`informes`.`fecha` AS `fecha`,`informes`.`hora` AS `hora`,`informes`.`contenido` AS `contenido`,`vista_usuarios_medicos`.`nombre_completo` AS `nombre_completo_medico`,`vista_usuarios_medicos`.`especialidad` AS `especialidad` from (`informes` join `vista_usuarios_medicos` on(`informes`.`CIU_medico` = `vista_usuarios_medicos`.`CIU`))) ;

-- --------------------------------------------------------

--
-- Structure for view `vista_usuarios_medicos`
--
DROP TABLE IF EXISTS `vista_usuarios_medicos`;

CREATE ALGORITHM=UNDEFINED DEFINER=`root`@`localhost` SQL SECURITY DEFINER VIEW `vista_usuarios_medicos`  AS  select `usuarios`.`CIU` AS `CIU`,concat(`usuarios`.`nombre`,' ',`usuarios`.`apellidos`) AS `nombre_completo`,(select `especialidades`.`denominacion` AS `especialidad` from `especialidades` where `especialidades`.`id` = `facultativos`.`especialidad`) AS `especialidad` from (`usuarios` join `facultativos` on(`usuarios`.`CIU` = `facultativos`.`CIU_medico`)) ;

-- --------------------------------------------------------

--
-- Structure for view `vista_usuarios_pacientes`
--
DROP TABLE IF EXISTS `vista_usuarios_pacientes`;

CREATE ALGORITHM=UNDEFINED DEFINER=`root`@`localhost` SQL SECURITY DEFINER VIEW `vista_usuarios_pacientes`  AS  select `usuarios`.`CIU` AS `CIU`,concat(`usuarios`.`nombre`,' ',`usuarios`.`apellidos`) AS `nombre_completo` from (`usuarios` join `pacientes` on(`usuarios`.`CIU` = `pacientes`.`CIU_paciente`)) ;

--
-- Indexes for dumped tables
--

--
-- Indexes for table `analiticas`
--
ALTER TABLE `analiticas`
  ADD PRIMARY KEY (`codigo_analitica`),
  ADD KEY `analiticas_pacientes` (`CIU_paciente`),
  ADD KEY `analiticas_personal_laboratorio` (`CIU_personal`),
  ADD KEY `analiticas_facultativo` (`CIU_medico_solicitante`);

--
-- Indexes for table `centros`
--
ALTER TABLE `centros`
  ADD PRIMARY KEY (`id`);

--
-- Indexes for table `citas`
--
ALTER TABLE `citas`
  ADD PRIMARY KEY (`id`),
  ADD KEY `citas_pacientes` (`CIU_paciente`),
  ADD KEY `citas_facultativos` (`CIU_medico`);

--
-- Indexes for table `consultas`
--
ALTER TABLE `consultas`
  ADD PRIMARY KEY (`identificador`,`centro`),
  ADD KEY `consultas_centro` (`centro`),
  ADD KEY `consulta_facultativo` (`facultativo`);

--
-- Indexes for table `especialidades`
--
ALTER TABLE `especialidades`
  ADD PRIMARY KEY (`id`);

--
-- Indexes for table `facultativos`
--
ALTER TABLE `facultativos`
  ADD PRIMARY KEY (`CIU_medico`),
  ADD UNIQUE KEY `numero_colegiado` (`numero_colegiado`),
  ADD KEY `facultativos_especialidades` (`especialidad`);

--
-- Indexes for table `informes`
--
ALTER TABLE `informes`
  ADD PRIMARY KEY (`id`),
  ADD KEY `informes_paciente` (`CIU_paciente`),
  ADD KEY `informes_facultativos` (`CIU_medico`);

--
-- Indexes for table `notificaciones`
--
ALTER TABLE `notificaciones`
  ADD PRIMARY KEY (`id`),
  ADD KEY `notificaciones-usuarios` (`CIU_usuario`);

--
-- Indexes for table `pacientes`
--
ALTER TABLE `pacientes`
  ADD PRIMARY KEY (`CIU_paciente`),
  ADD KEY `pacientes_facultativos` (`CIU_medico_referencia`);

--
-- Indexes for table `personal_laboratorio`
--
ALTER TABLE `personal_laboratorio`
  ADD KEY `personal_usuario` (`CIU_personal`),
  ADD KEY `personal_centro` (`centro`);

--
-- Indexes for table `tratamientos`
--
ALTER TABLE `tratamientos`
  ADD PRIMARY KEY (`id`),
  ADD KEY `tratamientos_pacientes` (`CIU_paciente`);

--
-- Indexes for table `usuarios`
--
ALTER TABLE `usuarios`
  ADD PRIMARY KEY (`CIU`);

--
-- AUTO_INCREMENT for dumped tables
--

--
-- AUTO_INCREMENT for table `analiticas`
--
ALTER TABLE `analiticas`
  MODIFY `codigo_analitica` int(11) NOT NULL AUTO_INCREMENT;

--
-- AUTO_INCREMENT for table `centros`
--
ALTER TABLE `centros`
  MODIFY `id` int(11) NOT NULL AUTO_INCREMENT;

--
-- AUTO_INCREMENT for table `citas`
--
ALTER TABLE `citas`
  MODIFY `id` int(11) NOT NULL AUTO_INCREMENT, AUTO_INCREMENT=19;

--
-- AUTO_INCREMENT for table `especialidades`
--
ALTER TABLE `especialidades`
  MODIFY `id` int(11) NOT NULL AUTO_INCREMENT, AUTO_INCREMENT=2;

--
-- AUTO_INCREMENT for table `informes`
--
ALTER TABLE `informes`
  MODIFY `id` int(11) NOT NULL AUTO_INCREMENT, AUTO_INCREMENT=15;

--
-- AUTO_INCREMENT for table `notificaciones`
--
ALTER TABLE `notificaciones`
  MODIFY `id` int(11) NOT NULL AUTO_INCREMENT, AUTO_INCREMENT=2;

--
-- AUTO_INCREMENT for table `tratamientos`
--
ALTER TABLE `tratamientos`
  MODIFY `id` int(11) NOT NULL AUTO_INCREMENT, AUTO_INCREMENT=3;

--
-- Constraints for dumped tables
--

--
-- Constraints for table `analiticas`
--
ALTER TABLE `analiticas`
  ADD CONSTRAINT `analiticas_facultativo` FOREIGN KEY (`CIU_medico_solicitante`) REFERENCES `facultativos` (`CIU_medico`),
  ADD CONSTRAINT `analiticas_pacientes` FOREIGN KEY (`CIU_paciente`) REFERENCES `pacientes` (`CIU_paciente`),
  ADD CONSTRAINT `analiticas_personal_laboratorio` FOREIGN KEY (`CIU_personal`) REFERENCES `personal_laboratorio` (`CIU_personal`);

--
-- Constraints for table `citas`
--
ALTER TABLE `citas`
  ADD CONSTRAINT `citas_facultativos` FOREIGN KEY (`CIU_medico`) REFERENCES `facultativos` (`CIU_medico`),
  ADD CONSTRAINT `citas_pacientes` FOREIGN KEY (`CIU_paciente`) REFERENCES `pacientes` (`CIU_paciente`);

--
-- Constraints for table `consultas`
--
ALTER TABLE `consultas`
  ADD CONSTRAINT `consulta_facultativo` FOREIGN KEY (`facultativo`) REFERENCES `facultativos` (`CIU_medico`),
  ADD CONSTRAINT `consultas_centro` FOREIGN KEY (`centro`) REFERENCES `centros` (`id`);

--
-- Constraints for table `facultativos`
--
ALTER TABLE `facultativos`
  ADD CONSTRAINT `facultativos_especialidades` FOREIGN KEY (`especialidad`) REFERENCES `especialidades` (`id`),
  ADD CONSTRAINT `facultativos_usuarios` FOREIGN KEY (`CIU_medico`) REFERENCES `usuarios` (`CIU`);

--
-- Constraints for table `informes`
--
ALTER TABLE `informes`
  ADD CONSTRAINT `informes_facultativos` FOREIGN KEY (`CIU_medico`) REFERENCES `facultativos` (`CIU_medico`),
  ADD CONSTRAINT `informes_paciente` FOREIGN KEY (`CIU_paciente`) REFERENCES `pacientes` (`CIU_paciente`);

--
-- Constraints for table `notificaciones`
--
ALTER TABLE `notificaciones`
  ADD CONSTRAINT `notificaciones-usuarios` FOREIGN KEY (`CIU_usuario`) REFERENCES `usuarios` (`CIU`);

--
-- Constraints for table `pacientes`
--
ALTER TABLE `pacientes`
  ADD CONSTRAINT `pacientes_facultativos` FOREIGN KEY (`CIU_medico_referencia`) REFERENCES `facultativos` (`CIU_medico`),
  ADD CONSTRAINT `pacientes_usuarios` FOREIGN KEY (`CIU_paciente`) REFERENCES `usuarios` (`CIU`);

--
-- Constraints for table `personal_laboratorio`
--
ALTER TABLE `personal_laboratorio`
  ADD CONSTRAINT `personal_centro` FOREIGN KEY (`centro`) REFERENCES `centros` (`id`),
  ADD CONSTRAINT `personal_usuario` FOREIGN KEY (`CIU_personal`) REFERENCES `usuarios` (`CIU`);

--
-- Constraints for table `tratamientos`
--
ALTER TABLE `tratamientos`
  ADD CONSTRAINT `tratamientos_pacientes` FOREIGN KEY (`CIU_paciente`) REFERENCES `pacientes` (`CIU_paciente`);
--
-- Database: `hospitol`
--
CREATE DATABASE IF NOT EXISTS `hospitol` DEFAULT CHARACTER SET utf8mb4 COLLATE utf8mb4_general_ci;
USE `hospitol`;

-- --------------------------------------------------------

--
-- Table structure for table `admit_invo_db`
--

CREATE TABLE `admit_invo_db` (
  `Invo_no` int(11) NOT NULL,
  `pet_no` int(11) NOT NULL,
  `pet_name` varchar(100) NOT NULL,
  `p_age` int(3) NOT NULL,
  `price_of_med` int(11) NOT NULL,
  `price_of_doc` int(11) NOT NULL,
  `day_count` int(11) NOT NULL,
  `price_of_room` int(11) NOT NULL,
  `ser_char` int(11) NOT NULL,
  `totl` int(11) NOT NULL,
  `invo_date` timestamp NOT NULL DEFAULT current_timestamp()
) ENGINE=MyISAM DEFAULT CHARSET=latin1;

-- --------------------------------------------------------

--
-- Table structure for table `admit_pet`
--

CREATE TABLE `admit_pet` (
  `admit_petid` int(11) NOT NULL,
  `admit_name` varchar(500) NOT NULL,
  `admit_age` int(3) NOT NULL,
  `admit_con` varchar(15) NOT NULL,
  `admit_bg` varchar(3) NOT NULL,
  `admit_rn` varchar(10) NOT NULL,
  `pet_id` int(11) NOT NULL,
  `admit_date` date NOT NULL,
  `pet_des` varchar(100) NOT NULL
) ENGINE=MyISAM DEFAULT CHARSET=latin1;

-- --------------------------------------------------------

--
-- Table structure for table `hospi_room`
--

CREATE TABLE `hospi_room` (
  `room_id` int(11) NOT NULL,
  `room_name` varchar(100) NOT NULL,
  `room_avilabl` varchar(20) DEFAULT NULL,
  `rc_time_mo` varchar(10) NOT NULL DEFAULT '11.30 AM',
  `rc_time_ev` varchar(10) DEFAULT '06.30 PM',
  `room_drid` int(11) DEFAULT NULL,
  `eroom_drid` int(11) DEFAULT NULL,
  `room_petID` varchar(11) DEFAULT 'No Patient'
) ENGINE=MyISAM DEFAULT CHARSET=latin1;

--
-- Dumping data for table `hospi_room`
--

INSERT INTO `hospi_room` (`room_id`, `room_name`, `room_avilabl`, `rc_time_mo`, `rc_time_ev`, `room_drid`, `eroom_drid`, `room_petID`) VALUES
(1, 'Room No: 1', 'AV', '11.30 AM', '06.30 PM', NULL, NULL, 'No Patient'),
(2, 'Room No: 2', 'AV', '11.30 AM', '06.30 PM', NULL, NULL, 'No Patient'),
(3, 'Room No: 3', 'AV', '11.30 AM', '06.30 PM', NULL, NULL, 'No Patient'),
(4, 'Room No: 4', 'AV', '11.30 AM', '06.30 PM', NULL, NULL, 'No Patient'),
(5, 'Room No: 5', 'AV', '11.30 AM', '06.30 PM', NULL, NULL, 'No Patient'),
(6, 'Room No: 6', 'AV', '11.30 AM', '06.30 PM', NULL, NULL, 'No Patient'),
(7, 'Room No: 7', 'AV', '11.30 AM', '06.30 PM', NULL, NULL, 'No Patient'),
(8, 'Room No: 8', 'AV', '11.30 AM', '06.30 PM', NULL, NULL, 'No Patient'),
(9, 'Room No: 9', 'AV', '11.30 AM', '06.30 PM', NULL, NULL, 'No Patient'),
(10, 'Room No: 10', 'AV', '11.30 AM', '06.30 PM', NULL, NULL, 'No Patient');

-- --------------------------------------------------------

--
-- Table structure for table `lvl2_admin`
--

CREATE TABLE `lvl2_admin` (
  `lvtwname` varchar(100) NOT NULL,
  `lvtwusern` varchar(100) NOT NULL,
  `lvtwemail` varchar(200) NOT NULL,
  `lvtwpass` varchar(50) NOT NULL,
  `lvtwid` int(11) NOT NULL,
  `lvtwcdate` date NOT NULL
) ENGINE=MyISAM DEFAULT CHARSET=latin1;

--
-- Dumping data for table `lvl2_admin`
--

INSERT INTO `lvl2_admin` (`lvtwname`, `lvtwusern`, `lvtwemail`, `lvtwpass`, `lvtwid`, `lvtwcdate`) VALUES
('Jayendra', 'BasicAdmin', 'test@gmail.com', '202cb962ac59075b964b07152d234b70', 1, '2017-10-04'),
('Doyin Adesewa Hossana', 'Doyin', 'doyinadesewa@gmail.com', '173ad45ad2caba99ba1c75391c0daf03', 2, '2021-07-18');

-- --------------------------------------------------------

--
-- Table structure for table `patient`
--

CREATE TABLE `patient` (
  `pet_id` int(11) NOT NULL,
  `pet_reg_date` datetime DEFAULT current_timestamp(),
  `pet_fn` varchar(100) DEFAULT NULL,
  `pet_sn` varchar(100) DEFAULT NULL,
  `pet_addr` varchar(500) DEFAULT NULL,
  `pet_ac` varchar(3) DEFAULT '+94',
  `pet_con` int(10) DEFAULT NULL,
  `pet_em` varchar(1000) DEFAULT NULL,
  `pet_gen` varchar(10) DEFAULT NULL,
  `pet_bd` date DEFAULT NULL,
  `pet_age` int(3) DEFAULT NULL,
  `pet_bg` varchar(3) DEFAULT NULL,
  `Pet_opdid` int(11) DEFAULT NULL,
  `Insert_admunname` varchar(100) DEFAULT NULL,
  `Update_sadmunname` varchar(100) DEFAULT NULL,
  `update_date` datetime DEFAULT NULL
) ENGINE=MyISAM DEFAULT CHARSET=latin1;

-- --------------------------------------------------------

--
-- Table structure for table `pet_invo`
--

CREATE TABLE `pet_invo` (
  `invo_id` int(11) NOT NULL,
  `invo_Pet_name` varchar(500) NOT NULL,
  `invo_pet_id` int(100) NOT NULL DEFAULT 1,
  `invo_pet_age` int(3) NOT NULL,
  `invo_date` date NOT NULL,
  `medi_charge` int(10) NOT NULL,
  `doc_charge` int(10) NOT NULL,
  `hos_charge` int(10) NOT NULL DEFAULT 1500,
  `total_charge` int(10) NOT NULL
) ENGINE=MyISAM DEFAULT CHARSET=latin1;

-- --------------------------------------------------------

--
-- Table structure for table `staff`
--

CREATE TABLE `staff` (
  `staffID` int(11) NOT NULL,
  `smfname` varchar(50) NOT NULL,
  `smlname` varchar(50) NOT NULL,
  `smtype` varchar(20) NOT NULL,
  `smbd` date NOT NULL,
  `telcode` varchar(3) NOT NULL DEFAULT '+94',
  `smtel` varchar(15) NOT NULL,
  `smemail` varchar(200) NOT NULL,
  `smgender` varchar(6) NOT NULL,
  `smwoti` varchar(10) NOT NULL,
  `smaddr` varchar(600) NOT NULL,
  `instetd_by` varchar(100) DEFAULT NULL,
  `insterted_date` timestamp NULL DEFAULT current_timestamp(),
  `update_by` varchar(100) DEFAULT NULL,
  `update_date` timestamp NOT NULL DEFAULT current_timestamp()
) ENGINE=MyISAM DEFAULT CHARSET=latin1;

-- --------------------------------------------------------

--
-- Table structure for table `sup_admin`
--

CREATE TABLE `sup_admin` (
  `sadid` int(11) NOT NULL,
  `sadiun` varchar(20) NOT NULL,
  `sadipw` varchar(500) NOT NULL,
  `sadem` varchar(50) NOT NULL,
  `saname` varchar(100) DEFAULT NULL,
  `cret_date` datetime NOT NULL DEFAULT current_timestamp()
) ENGINE=MyISAM DEFAULT CHARSET=latin1;

--
-- Dumping data for table `sup_admin`
--

INSERT INTO `sup_admin` (`sadid`, `sadiun`, `sadipw`, `sadem`, `saname`, `cret_date`) VALUES
(1, 'superAdmin', '202cb962ac59075b964b07152d234b70', 'jayendramatarage@gmail.com', 'Jayendra', '2017-10-04 22:49:20'),
(2, 'seyi', '75d1e717fa957e2eabe70f4bf8cea5b3', 'seyiadewale@gmail.com', 'Adewale Seyi Opeyemi', '2021-07-18 22:34:15'),
(3, 'Romuald', '5f397a1e588cfe96b4aa4bab7a5b1d44', 'romualdadjimagbe2018@gmail.com', 'Adewale Romuald Opeyemi', '2021-07-18 22:50:18');

--
-- Indexes for dumped tables
--

--
-- Indexes for table `admit_invo_db`
--
ALTER TABLE `admit_invo_db`
  ADD PRIMARY KEY (`Invo_no`),
  ADD KEY `pet_no` (`pet_no`);

--
-- Indexes for table `admit_pet`
--
ALTER TABLE `admit_pet`
  ADD PRIMARY KEY (`admit_petid`),
  ADD KEY `pet_id` (`pet_id`);

--
-- Indexes for table `hospi_room`
--
ALTER TABLE `hospi_room`
  ADD PRIMARY KEY (`room_id`),
  ADD KEY `room_drid` (`room_drid`),
  ADD KEY `eroom_id` (`eroom_drid`),
  ADD KEY `room_petID` (`room_petID`);

--
-- Indexes for table `lvl2_admin`
--
ALTER TABLE `lvl2_admin`
  ADD PRIMARY KEY (`lvtwid`);

--
-- Indexes for table `patient`
--
ALTER TABLE `patient`
  ADD PRIMARY KEY (`pet_id`),
  ADD KEY `Pet_opdid` (`Pet_opdid`);

--
-- Indexes for table `pet_invo`
--
ALTER TABLE `pet_invo`
  ADD PRIMARY KEY (`invo_id`),
  ADD KEY `invo_pet_id` (`invo_pet_id`);

--
-- Indexes for table `staff`
--
ALTER TABLE `staff`
  ADD PRIMARY KEY (`staffID`);

--
-- Indexes for table `sup_admin`
--
ALTER TABLE `sup_admin`
  ADD PRIMARY KEY (`sadid`);

--
-- AUTO_INCREMENT for dumped tables
--

--
-- AUTO_INCREMENT for table `admit_invo_db`
--
ALTER TABLE `admit_invo_db`
  MODIFY `Invo_no` int(11) NOT NULL AUTO_INCREMENT;

--
-- AUTO_INCREMENT for table `admit_pet`
--
ALTER TABLE `admit_pet`
  MODIFY `admit_petid` int(11) NOT NULL AUTO_INCREMENT;

--
-- AUTO_INCREMENT for table `hospi_room`
--
ALTER TABLE `hospi_room`
  MODIFY `room_id` int(11) NOT NULL AUTO_INCREMENT, AUTO_INCREMENT=11;

--
-- AUTO_INCREMENT for table `lvl2_admin`
--
ALTER TABLE `lvl2_admin`
  MODIFY `lvtwid` int(11) NOT NULL AUTO_INCREMENT, AUTO_INCREMENT=3;

--
-- AUTO_INCREMENT for table `patient`
--
ALTER TABLE `patient`
  MODIFY `pet_id` int(11) NOT NULL AUTO_INCREMENT;

--
-- AUTO_INCREMENT for table `pet_invo`
--
ALTER TABLE `pet_invo`
  MODIFY `invo_id` int(11) NOT NULL AUTO_INCREMENT;

--
-- AUTO_INCREMENT for table `staff`
--
ALTER TABLE `staff`
  MODIFY `staffID` int(11) NOT NULL AUTO_INCREMENT;

--
-- AUTO_INCREMENT for table `sup_admin`
--
ALTER TABLE `sup_admin`
  MODIFY `sadid` int(11) NOT NULL AUTO_INCREMENT, AUTO_INCREMENT=4;
--
-- Database: `hostel`
--
CREATE DATABASE IF NOT EXISTS `hostel` DEFAULT CHARACTER SET utf8mb4 COLLATE utf8mb4_general_ci;
USE `hostel`;

-- --------------------------------------------------------

--
-- Table structure for table `admin`
--

CREATE TABLE `admin` (
  `id` int(11) NOT NULL,
  `username` varchar(255) NOT NULL,
  `email` varchar(255) NOT NULL,
  `password` varchar(300) NOT NULL,
  `reg_date` timestamp NOT NULL DEFAULT current_timestamp(),
  `updation_date` date NOT NULL
) ENGINE=InnoDB DEFAULT CHARSET=latin1;

--
-- Dumping data for table `admin`
--

INSERT INTO `admin` (`id`, `username`, `email`, `password`, `reg_date`, `updation_date`) VALUES
(1, 'admin', 'code.lpu1@gmail.com', 'hostel1234', '2021-07-15 20:31:45', '2021-07-15');

-- --------------------------------------------------------

--
-- Table structure for table `adminlog`
--

CREATE TABLE `adminlog` (
  `id` int(11) NOT NULL,
  `adminid` int(11) NOT NULL,
  `ip` varbinary(16) NOT NULL,
  `logintime` timestamp NOT NULL DEFAULT current_timestamp()
) ENGINE=InnoDB DEFAULT CHARSET=latin1;

-- --------------------------------------------------------

--
-- Table structure for table `courses`
--

CREATE TABLE `courses` (
  `id` int(11) NOT NULL,
  `course_code` varchar(255) NOT NULL,
  `course_sn` varchar(255) NOT NULL,
  `course_fn` varchar(255) NOT NULL,
  `posting_date` timestamp NOT NULL DEFAULT current_timestamp()
) ENGINE=InnoDB DEFAULT CHARSET=latin1;

--
-- Dumping data for table `courses`
--

INSERT INTO `courses` (`id`, `course_code`, `course_sn`, `course_fn`, `posting_date`) VALUES
(1, 'B10992', 'B.Tech', 'Bachelor  of Technology', '2016-04-11 19:31:42'),
(2, 'BCOM1453', 'B.Com', 'Bachelor Of commerce ', '2016-04-11 19:32:46'),
(3, 'BSC12', 'BSC', 'Bachelor  of Science', '2016-04-11 19:33:23'),
(4, 'BC36356', 'BCA', 'Bachelor Of Computer Application', '2016-04-11 19:34:18'),
(5, 'MCA565', 'MCA', 'Master of Computer Application', '2016-04-11 19:34:40'),
(6, 'MBA75', 'MBA', 'Master of Business Administration', '2016-04-11 19:34:59'),
(7, 'BE765', 'BE', 'Bachelor of Engineering', '2016-04-11 19:35:19'),
(8, 'CS101', 'COMSCI', 'COMPUTER SCIENCE', '2021-07-15 05:12:17');

-- --------------------------------------------------------

--
-- Table structure for table `registration`
--

CREATE TABLE `registration` (
  `id` int(11) NOT NULL,
  `roomno` int(11) NOT NULL,
  `seater` int(11) NOT NULL,
  `feespm` int(11) NOT NULL,
  `foodstatus` int(11) NOT NULL,
  `stayfrom` date NOT NULL,
  `duration` int(11) NOT NULL,
  `course` varchar(500) NOT NULL,
  `regno` int(11) NOT NULL,
  `firstName` varchar(500) NOT NULL,
  `middleName` varchar(500) NOT NULL,
  `lastName` varchar(500) NOT NULL,
  `gender` varchar(250) NOT NULL,
  `contactno` bigint(11) NOT NULL,
  `emailid` varchar(500) NOT NULL,
  `egycontactno` bigint(11) NOT NULL,
  `guardianName` varchar(500) NOT NULL,
  `guardianRelation` varchar(500) NOT NULL,
  `guardianContactno` bigint(11) NOT NULL,
  `corresAddress` varchar(500) NOT NULL,
  `corresCIty` varchar(500) NOT NULL,
  `corresState` varchar(500) NOT NULL,
  `corresPincode` int(11) NOT NULL,
  `pmntAddress` varchar(500) NOT NULL,
  `pmntCity` varchar(500) NOT NULL,
  `pmnatetState` varchar(500) NOT NULL,
  `pmntPincode` int(11) NOT NULL,
  `postingDate` timestamp NOT NULL DEFAULT current_timestamp(),
  `updationDate` varchar(500) NOT NULL
) ENGINE=InnoDB DEFAULT CHARSET=latin1;

--
-- Dumping data for table `registration`
--

INSERT INTO `registration` (`id`, `roomno`, `seater`, `feespm`, `foodstatus`, `stayfrom`, `duration`, `course`, `regno`, `firstName`, `middleName`, `lastName`, `gender`, `contactno`, `emailid`, `egycontactno`, `guardianName`, `guardianRelation`, `guardianContactno`, `corresAddress`, `corresCIty`, `corresState`, `corresPincode`, `pmntAddress`, `pmntCity`, `pmnatetState`, `pmntPincode`, `postingDate`, `updationDate`) VALUES
(6, 100, 5, 8000, 0, '2016-04-22', 5, 'Bachelor  of Technology', 10806121, 'code', '', 'projects', 'male', 8285703354, 'code.lpu1@gmail.com', 0, 'XYZ', 'Mother', 8285703354, 'H n0 18/1 Bihari Puram Phase-1 Melrose Bye Pass', 'Aligarh', 'EPE', 202001, 'H n0 18/1 Bihari Puram Phase-1 Melrose Bye Pass', 'Aligarh', 'EPE', 202001, '2016-04-16 08:24:09', ''),
(7, 100, 5, 8000, 1, '2016-06-17', 4, 'Bachelor of Engineering', 108061211, 'code', 'test', 'projects', 'male', 8467067344, 'test@gmail.com', 8285703354, 'test', 'test', 9999857868, 'H no- 18/1 Bihari puram phase-1 melrose bye pass', 'Aligarh', 'EPE', 202001, 'H no- 18/1 Bihari puram phase-1 melrose bye pass', 'Aligarh', 'EPE', 202001, '2016-06-23 11:54:35', ''),
(8, 112, 3, 4000, 0, '2016-06-27', 5, 'Bachelor  of Science', 102355, 'Harry', 'projects', 'Singh', 'male', 6786786786, 'Harry@gmail.com', 789632587, 'demo', 'demo', 1234567890, 'New Delhi', 'Delhi', 'Delhi (NCT)', 110001, 'New Delhi', 'Delhi', 'Delhi (NCT)', 110001, '2016-06-26 16:31:08', ''),
(9, 132, 5, 2000, 1, '2016-06-28', 6, 'Bachelor of Engineering', 586952, 'Benjamin', '', 'projects', 'male', 8596185625, 'Benjamin@gmail.com', 8285703354, 'demo', 'demo', 8285703354, 'H no- 18/1 Bihari puram phase-1 melrose bye pass', 'Aligarh', 'EPE', 202001, 'H no- 18/1 Bihari puram phase-1 melrose bye pass', 'Aligarh', 'EPE', 202001, '2016-06-26 16:40:07', ''),
(10, 201, 2, 6000, 0, '2021-07-15', 12, 'COMPUTER SCIENCE', 7, 'Adewale', 'Seyi', 'Opeyemi', 'male', 9088776655, 'seyiadewale@gmail.com', 8077664433, 'Adewale', 'Iyanu Oluwa', 7004546666, '5,Okesalu street', 'Ikotun', 'Dadra and Nagar Haveli (UT)', 909090, 'Oluwaseyi street', 'iyana iyesi', 'Kerala', 777, '2021-07-15 05:19:31', '');

-- --------------------------------------------------------

--
-- Table structure for table `rooms`
--

CREATE TABLE `rooms` (
  `id` int(11) NOT NULL,
  `seater` int(11) NOT NULL,
  `room_no` int(11) NOT NULL,
  `fees` int(11) NOT NULL,
  `posting_date` timestamp NOT NULL DEFAULT current_timestamp()
) ENGINE=InnoDB DEFAULT CHARSET=latin1;

--
-- Dumping data for table `rooms`
--

INSERT INTO `rooms` (`id`, `seater`, `room_no`, `fees`, `posting_date`) VALUES
(1, 5, 100, 8000, '2016-04-11 22:45:43'),
(2, 2, 201, 6000, '2016-04-12 01:30:47'),
(3, 2, 200, 6000, '2016-04-12 01:30:58'),
(4, 3, 112, 4000, '2016-04-12 01:31:07'),
(5, 5, 132, 2000, '2016-04-12 01:31:15');

-- --------------------------------------------------------

--
-- Table structure for table `states`
--

CREATE TABLE `states` (
  `id` int(11) NOT NULL,
  `State` varchar(150) DEFAULT NULL
) ENGINE=MyISAM DEFAULT CHARSET=latin1;

--
-- Dumping data for table `states`
--

INSERT INTO `states` (`id`, `State`) VALUES
(1, 'Andaman and Nicobar Island (UT)'),
(2, 'Andhra Pradesh'),
(3, 'Arunachal Pradesh'),
(4, 'Assam'),
(5, 'Bihar'),
(6, 'Chandigarh (UT)'),
(7, 'Chhattisgarh'),
(8, 'Dadra and Nagar Haveli (UT)'),
(9, 'Daman and Diu (UT)'),
(10, 'Delhi (NCT)'),
(11, 'Goa'),
(12, 'Gujarat'),
(13, 'Haryana'),
(14, 'Himachal Pradesh'),
(15, 'Jammu and Kashmir'),
(16, 'Jharkhand'),
(17, 'Karnataka'),
(18, 'Kerala'),
(19, 'Lakshadweep (UT)'),
(20, 'Madhya Pradesh'),
(21, 'Maharashtra'),
(22, 'Manipur'),
(23, 'Meghalaya'),
(24, 'Mizoram'),
(25, 'Nagaland'),
(26, 'Odisha'),
(27, 'Puducherry (UT)'),
(28, 'Punjab'),
(29, 'Rajastha'),
(30, 'Sikkim'),
(31, 'Tamil Nadu'),
(32, 'Telangana'),
(33, 'Tripura'),
(34, 'Uttarakhand'),
(35, 'EPE'),
(36, 'West Bengal');

-- --------------------------------------------------------

--
-- Table structure for table `userlog`
--

CREATE TABLE `userlog` (
  `id` int(11) NOT NULL,
  `userId` int(11) NOT NULL,
  `userEmail` varchar(255) NOT NULL,
  `userIp` varbinary(16) NOT NULL,
  `city` varchar(255) NOT NULL,
  `country` varchar(255) NOT NULL,
  `loginTime` timestamp NOT NULL DEFAULT current_timestamp()
) ENGINE=InnoDB DEFAULT CHARSET=latin1;

--
-- Dumping data for table `userlog`
--

INSERT INTO `userlog` (`id`, `userId`, `userEmail`, `userIp`, `city`, `country`, `loginTime`) VALUES
(1, 10, 'test@gmail.com', '', '', '', '2016-06-22 06:16:42'),
(2, 10, 'test@gmail.com', '', '', '', '2016-06-24 11:20:28'),
(4, 10, 'test@gmail.com', 0x3a3a31, '', '', '2016-06-24 11:22:47'),
(5, 10, 'test@gmail.com', 0x3a3a31, '', '', '2016-06-26 15:37:40'),
(6, 20, 'Benjamin@gmail.com', 0x3a3a31, '', '', '2016-06-26 16:40:57'),
(7, 21, 'femijohnson1147@gmail.com', 0x3a3a31, '', '', '2021-02-14 21:40:47'),
(8, 22, 'paulsmith@gmail.com', 0x3a3a31, '', '', '2021-03-27 22:30:42'),
(9, 24, 'dayogoke@gmail.com', 0x3a3a31, '', '', '2021-07-28 16:53:25');

-- --------------------------------------------------------

--
-- Table structure for table `userregistration`
--

CREATE TABLE `userregistration` (
  `id` int(11) NOT NULL,
  `regNo` varchar(255) NOT NULL,
  `firstName` varchar(255) NOT NULL,
  `middleName` varchar(255) NOT NULL,
  `lastName` varchar(255) NOT NULL,
  `gender` varchar(255) NOT NULL,
  `contactNo` bigint(20) NOT NULL,
  `email` varchar(255) NOT NULL,
  `password` varchar(255) NOT NULL,
  `regDate` timestamp NOT NULL DEFAULT current_timestamp(),
  `updationDate` varchar(45) NOT NULL,
  `passUdateDate` varchar(45) NOT NULL
) ENGINE=InnoDB DEFAULT CHARSET=latin1;

--
-- Dumping data for table `userregistration`
--

INSERT INTO `userregistration` (`id`, `regNo`, `firstName`, `middleName`, `lastName`, `gender`, `contactNo`, `email`, `password`, `regDate`, `updationDate`, `passUdateDate`) VALUES
(10, '108061211', 'code', 'test', 'projects', 'male', 8467067344, 'test@gmail.com', 'Test@123', '2016-06-22 04:21:33', '23-06-2016 11:04:15', '22-06-2016 05:16:49'),
(19, '102355', 'Harry', 'projects', 'Singh', 'male', 6786786786, 'Harry@gmail.com', '6786786786', '2016-06-26 16:33:36', '', ''),
(20, '586952', 'Benjamin', '', 'projects', 'male', 8596185625, 'Benjamin@gmail.com', '8596185625', '2016-06-26 16:40:07', '', ''),
(21, '3', 'faith', 'mawotu', 'odunayo', 'female', 8027282288, 'femijohnson1147@gmail.com', 'aaaa', '2021-02-14 21:39:03', '', ''),
(22, '7', 'Paul', 'Felix', 'Smith', 'male', 9001000111, 'paulsmith@gmail.com', 'paul', '2021-03-27 22:30:16', '', ''),
(23, '7', 'Adewale', 'Seyi', 'Opeyemi', 'male', 9088776655, 'seyiadewale@gmail.com', '09088776655', '2021-07-15 05:19:31', '', ''),
(24, '8', 'Dayo', 'Ope', 'goke', 'male', 9077886655, 'dayogoke@gmail.com', 'goke123', '2021-07-28 16:53:03', '', '');

--
-- Indexes for dumped tables
--

--
-- Indexes for table `admin`
--
ALTER TABLE `admin`
  ADD PRIMARY KEY (`id`);

--
-- Indexes for table `courses`
--
ALTER TABLE `courses`
  ADD PRIMARY KEY (`id`);

--
-- Indexes for table `registration`
--
ALTER TABLE `registration`
  ADD PRIMARY KEY (`id`);

--
-- Indexes for table `rooms`
--
ALTER TABLE `rooms`
  ADD PRIMARY KEY (`id`);

--
-- Indexes for table `states`
--
ALTER TABLE `states`
  ADD PRIMARY KEY (`id`);

--
-- Indexes for table `userlog`
--
ALTER TABLE `userlog`
  ADD PRIMARY KEY (`id`);

--
-- Indexes for table `userregistration`
--
ALTER TABLE `userregistration`
  ADD PRIMARY KEY (`id`);

--
-- AUTO_INCREMENT for dumped tables
--

--
-- AUTO_INCREMENT for table `admin`
--
ALTER TABLE `admin`
  MODIFY `id` int(11) NOT NULL AUTO_INCREMENT, AUTO_INCREMENT=2;

--
-- AUTO_INCREMENT for table `courses`
--
ALTER TABLE `courses`
  MODIFY `id` int(11) NOT NULL AUTO_INCREMENT, AUTO_INCREMENT=9;

--
-- AUTO_INCREMENT for table `registration`
--
ALTER TABLE `registration`
  MODIFY `id` int(11) NOT NULL AUTO_INCREMENT, AUTO_INCREMENT=11;

--
-- AUTO_INCREMENT for table `rooms`
--
ALTER TABLE `rooms`
  MODIFY `id` int(11) NOT NULL AUTO_INCREMENT, AUTO_INCREMENT=6;

--
-- AUTO_INCREMENT for table `states`
--
ALTER TABLE `states`
  MODIFY `id` int(11) NOT NULL AUTO_INCREMENT, AUTO_INCREMENT=37;

--
-- AUTO_INCREMENT for table `userlog`
--
ALTER TABLE `userlog`
  MODIFY `id` int(11) NOT NULL AUTO_INCREMENT, AUTO_INCREMENT=10;

--
-- AUTO_INCREMENT for table `userregistration`
--
ALTER TABLE `userregistration`
  MODIFY `id` int(11) NOT NULL AUTO_INCREMENT, AUTO_INCREMENT=25;
--
-- Database: `insert_data`
--
CREATE DATABASE IF NOT EXISTS `insert_data` DEFAULT CHARACTER SET utf8mb4 COLLATE utf8mb4_general_ci;
USE `insert_data`;

-- --------------------------------------------------------

--
-- Table structure for table `insert`
--

CREATE TABLE `insert` (
  `firstname` text NOT NULL,
  `lastname` text NOT NULL,
  `email` varchar(100) NOT NULL
) ENGINE=InnoDB DEFAULT CHARSET=utf8mb4;
--
-- Database: `kilimanjaro_restaurant`
--
CREATE DATABASE IF NOT EXISTS `kilimanjaro_restaurant` DEFAULT CHARACTER SET utf8mb4 COLLATE utf8mb4_general_ci;
USE `kilimanjaro_restaurant`;
--
-- Database: `lacuisine`
--
CREATE DATABASE IF NOT EXISTS `lacuisine` DEFAULT CHARACTER SET utf8mb4 COLLATE utf8mb4_general_ci;
USE `lacuisine`;

-- --------------------------------------------------------

--
-- Table structure for table `admin`
--

CREATE TABLE `admin` (
  `adm_id` int(222) NOT NULL,
  `username` varchar(222) NOT NULL,
  `password` varchar(222) NOT NULL,
  `email` varchar(222) NOT NULL,
  `code` varchar(222) NOT NULL,
  `date` timestamp NOT NULL DEFAULT current_timestamp() ON UPDATE current_timestamp()
) ENGINE=InnoDB DEFAULT CHARSET=latin1;

--
-- Dumping data for table `admin`
--

INSERT INTO `admin` (`adm_id`, `username`, `password`, `email`, `code`, `date`) VALUES
(6, 'admin', '81dc9bdb52d04dc20036dbd8313ed055', 'admin@gmail.com', '', '2018-04-09 07:36:18'),
(9, 'mak', '9e95f6d797987b7da0fb293a760fe57e', 'asifayub836@gmail.com', 'QX5ZMN', '2020-09-14 10:47:55');

-- --------------------------------------------------------

--
-- Table structure for table `admin_codes`
--

CREATE TABLE `admin_codes` (
  `id` int(222) NOT NULL,
  `codes` varchar(6) NOT NULL
) ENGINE=InnoDB DEFAULT CHARSET=latin1;

--
-- Dumping data for table `admin_codes`
--

INSERT INTO `admin_codes` (`id`, `codes`) VALUES
(1, 'QX5ZMN'),
(3, 'QMZR92');

-- --------------------------------------------------------

--
-- Table structure for table `category`
--

CREATE TABLE `category` (
  `c_id` varchar(255) NOT NULL,
  `c_name` varchar(255) NOT NULL,
  `date` timestamp NOT NULL DEFAULT current_timestamp() ON UPDATE current_timestamp()
) ENGINE=InnoDB DEFAULT CHARSET=latin1;

--
-- Dumping data for table `category`
--

INSERT INTO `category` (`c_id`, `c_name`, `date`) VALUES
('1', 'Lacuisine Traditional', '2020-09-13 16:50:03'),
('2', 'Lacuisine Chinese', '2020-09-13 16:50:22'),
('3', 'Lacuisine Fast Food', '2020-09-13 16:50:32');

-- --------------------------------------------------------

--
-- Table structure for table `contact`
--

CREATE TABLE `contact` (
  `CNIC` varchar(255) NOT NULL,
  `Name` varchar(255) NOT NULL,
  `Phone` varchar(255) NOT NULL,
  `Email` varchar(255) NOT NULL
) ENGINE=InnoDB DEFAULT CHARSET=latin1;

--
-- Dumping data for table `contact`
--

INSERT INTO `contact` (`CNIC`, `Name`, `Phone`, `Email`) VALUES
('1210157236327', 'Muhammad Asif Ayub', '5022021200', 'asifayub836@gmail.com');

-- --------------------------------------------------------

--
-- Table structure for table `customer`
--

CREATE TABLE `customer` (
  `CNIC` varchar(255) NOT NULL,
  `FName` varchar(255) NOT NULL,
  `email` varchar(255) NOT NULL,
  `phone` varchar(255) NOT NULL,
  `password` varchar(255) NOT NULL,
  `username` varchar(255) NOT NULL
) ENGINE=InnoDB DEFAULT CHARSET=latin1;

-- --------------------------------------------------------

--
-- Table structure for table `delivery`
--

CREATE TABLE `delivery` (
  `DID` varchar(255) NOT NULL,
  `OID` varchar(255) NOT NULL,
  `ATime` time NOT NULL,
  `DTime` time NOT NULL
) ENGINE=InnoDB DEFAULT CHARSET=latin1;

-- --------------------------------------------------------

--
-- Table structure for table `dishes`
--

CREATE TABLE `dishes` (
  `D_ID` int(222) NOT NULL,
  `RS_ID` int(222) NOT NULL,
  `FName` varchar(222) NOT NULL,
  `Description` varchar(222) NOT NULL,
  `price` decimal(10,2) NOT NULL,
  `img` varchar(222) NOT NULL
) ENGINE=InnoDB DEFAULT CHARSET=latin1;

--
-- Dumping data for table `dishes`
--

INSERT INTO `dishes` (`D_ID`, `RS_ID`, `FName`, `Description`, `price`, `img`) VALUES
(1, 1, 'Bonefish', 'Three ounces of lightly seasoned fresh fish', '800.00', '5ad7582e2ec9c.jpg'),
(2, 1, 'Hard Rock Cafe', 'A mix of chopped lettuces, shredded cheese, chicken cubes', '500.00', '5ad7590d9702b.jpg'),
(3, 1, 'Uno Pizzeria & Grill', 'Kids can choose their pasta shape, type of sauce, favorite veggies (like broccoli or mushrooms)', '600.00', '5ad7597aa0479.jpg'),
(4, 2, 'Red Robins Chick on a Stick', 'Plain grilled chicken breast? Blah.', '1000.00', '5ad759e1546fc.jpg'),
(6, 3, 'Houlihans Mini Cheeseburger', 'Creekstone Farms, where no antibiotics or growth hormones are used', '700.00', '5ad75a5dbb329.jpg'),
(8, 3, 'Mutton Karahi', 'spicy mutton karahi with cheez and sausage', '1500.00', '5f5f7a9bf21ed.jpg'),
(9, 2, 'Chicken Biryani', 'spicy Chicken Biryani with grilled egg and sauces', '500.00', '5f5f8edd7060f.jpg'),
(10, 3, 'Chicken Spring Rolls', 'Chicken Pot Pie  Roast chicken, baby carrots, spring peas topped with grandmas flakey pie crust.', '600.00', '5f5fa387a7480.jpg'),
(11, 3, 'Fish Cracker', 'Fish crackers are deep fried crackers made from fish and spices that serve as flavouring, originated from Indonesia. ', '300.00', '5f5fa3d8bd489.jpg'),
(12, 3, 'Margarita Pizza', 'margherita pizza sauce is a made of fire roasted canned tomatoes, garlic, olive oil and salt.', '1200.00', '5f5fa465a8984.jpg'),
(13, 3, 'Chicken Fajita', 'Seasoned shredded chicken, peppers, onions, and cheese create a simple, flavorful pizza. ', '1500.00', '5f5fa51b44fad.jpg'),
(14, 2, 'Special Chicken Manchurian', 'Boneless chicken, spring onion, lemon, chili garlic sauce, corn', '440.00', '5f5fa5a0a7527.jpg'),
(15, 2, 'Bater Roast', 'Hung curd, green chili paste, parmesan cheese, fresh cream, cashew nut', '800.00', '5f5fa5f4d460c.jpg'),
(16, 2, 'Chicken Chowmian', 'Chow mein noodles, chicken breast, oyster sauce, soy sauce,', '700.00', '5f5fa65b536f3.jpg'),
(17, 1, 'Chicken Masala Rice', 'Boneless chicken thighs, coconut milk, basmati rice, tomato sauce,', '600.00', '5f5fa6a0c1943.jpg'),
(18, 1, 'Vegetable Rice', 'Basmati rice, green peas, french beans, garam masala powder, tomato', '500.00', '5f5fa6cc16171.jpg'),
(19, 1, 'Mutton bonless handi', 'Citric acid, cream, yogurt, masala, boneless mutton,Cinnamon, garlic, green chilli, coriander seeds, black pepper', '1600.00', '5f5fa723418f2.jpg');

-- --------------------------------------------------------

--
-- Table structure for table `orders`
--

CREATE TABLE `orders` (
  `OID` varchar(255) NOT NULL,
  `CNIC` varchar(255) NOT NULL,
  `Ostatus` varchar(255) NOT NULL,
  `ODate` date NOT NULL,
  `Token_No` varchar(255) NOT NULL
) ENGINE=InnoDB DEFAULT CHARSET=latin1;

-- --------------------------------------------------------

--
-- Table structure for table `payment`
--

CREATE TABLE `payment` (
  `PID` varchar(255) NOT NULL,
  `OID` varchar(255) NOT NULL,
  `FPrice` varchar(255) NOT NULL,
  `DCharge` varchar(255) DEFAULT NULL
) ENGINE=InnoDB DEFAULT CHARSET=latin1;

-- --------------------------------------------------------

--
-- Table structure for table `remark`
--

CREATE TABLE `remark` (
  `id` int(11) NOT NULL,
  `frm_id` int(11) NOT NULL,
  `status` varchar(255) NOT NULL,
  `remark` mediumtext NOT NULL,
  `remarkDate` timestamp NOT NULL DEFAULT current_timestamp()
) ENGINE=InnoDB DEFAULT CHARSET=latin1;

--
-- Dumping data for table `remark`
--

INSERT INTO `remark` (`id`, `frm_id`, `status`, `remark`, `remarkDate`) VALUES
(62, 32, 'in process', 'hi', '2018-04-18 17:35:52'),
(63, 32, 'closed', 'cc', '2018-04-18 17:36:46'),
(64, 32, 'in process', 'fff', '2018-04-18 18:01:37'),
(65, 32, 'closed', 'its delv', '2018-04-18 18:08:55'),
(66, 34, 'in process', 'on a way', '2018-04-18 18:56:32'),
(67, 35, 'closed', 'ok', '2018-04-18 18:59:08'),
(68, 37, 'in process', 'on the way!', '2018-04-18 19:50:06'),
(69, 37, 'rejected', 'if admin cancel for any reason this box is for remark only for buter perposes', '2018-04-18 19:51:19'),
(70, 37, 'closed', 'delivered success', '2018-04-18 19:51:50'),
(71, 39, 'in process', 'please wait for a while', '2020-09-10 19:13:24'),
(72, 41, 'closed', 'delivered', '2020-09-10 19:14:24'),
(73, 41, 'rejected', 'a', '2020-09-13 05:27:09'),
(74, 57, 'closed', 'Delivered', '2020-09-14 15:22:39'),
(75, 63, 'closed', 'warka dang', '2020-09-14 16:49:29');

-- --------------------------------------------------------

--
-- Table structure for table `restaurant`
--

CREATE TABLE `restaurant` (
  `RS_ID` int(255) NOT NULL,
  `c_id` int(255) NOT NULL,
  `title` varchar(255) NOT NULL,
  `email` varchar(255) NOT NULL,
  `phone` varchar(255) NOT NULL,
  `url` varchar(255) NOT NULL,
  `o_hr` varchar(255) NOT NULL,
  `c_hr` varchar(255) NOT NULL,
  `o_days` varchar(255) NOT NULL,
  `address` text NOT NULL,
  `image` text NOT NULL,
  `date` timestamp NOT NULL DEFAULT current_timestamp() ON UPDATE current_timestamp()
) ENGINE=InnoDB DEFAULT CHARSET=latin1;

--
-- Dumping data for table `restaurant`
--

INSERT INTO `restaurant` (`RS_ID`, `c_id`, `title`, `email`, `phone`, `url`, `o_hr`, `c_hr`, `o_days`, `address`, `image`, `date`) VALUES
(1, 1, 'Lacuisine Traditional', 'lacuisine1@gmail.com', '0966710282', 'www.lacuisine.com', '8am', '11pm', 'mon-sun', 'Circular Road Near Haqnawaz Park TMA Plaza Dera Ismail Khan', '5ad74b9dbc38a.jpg', '2020-09-13 17:05:02'),
(2, 2, 'Lacuisine Chinese', 'lacuisine2@gmail.com', '0966710711', 'www.lacuisine.com', '9am', '11:30pm', 'mon-fri', 'Circular Road Near GPO station Cantt gate 2 Dera Ismail Khan', '5ad74b2867be8.jpg', '2020-09-13 17:11:58'),
(3, 3, 'Lacuisine Fast Food', 'lacuisine3@gmail.com', '0966710713', 'www.lacuisine.com', '10am', '10pm', 'mon-sun', 'Shami Road Main cantt gate near state bank of pakistan Dera Ismail Khan', '5ad79fcf59e66.jpg', '2020-09-13 17:14:55');

-- --------------------------------------------------------

--
-- Table structure for table `users`
--

CREATE TABLE `users` (
  `CNIC` varchar(255) NOT NULL,
  `username` varchar(222) NOT NULL,
  `f_name` varchar(222) NOT NULL,
  `l_name` varchar(222) NOT NULL,
  `email` varchar(222) NOT NULL,
  `phone` varchar(222) NOT NULL,
  `password` varchar(222) NOT NULL,
  `address` text NOT NULL,
  `status` int(222) NOT NULL DEFAULT 1,
  `date` timestamp NOT NULL DEFAULT current_timestamp() ON UPDATE current_timestamp()
) ENGINE=InnoDB DEFAULT CHARSET=latin1;

--
-- Dumping data for table `users`
--

INSERT INTO `users` (`CNIC`, `username`, `f_name`, `l_name`, `email`, `phone`, `password`, `address`, `status`, `date`) VALUES
('1210116647065', 'asad', 'Assad Ullah', 'Khan', 'assadullahkhan700@gmail.com', '03494983200', '818121b51acaf5c90408131dcd38d8e4', 'basti barkat abad himmat dera ismail khan', 1, '2020-09-14 16:53:45'),
('1210157236327', 'asif', 'Asif', 'Ayub', 'asifayub836@gmail.com', '03489155239', '818121b51acaf5c90408131dcd38d8e4', 'Shah Wali Ullah Hostel # 3 University of Engineering & Technology, Peshawar, Pakistan', 1, '2020-09-14 12:27:39');

-- --------------------------------------------------------

--
-- Table structure for table `users_orders`
--

CREATE TABLE `users_orders` (
  `OID` int(222) NOT NULL,
  `CNIC` varchar(222) NOT NULL,
  `FName` varchar(222) NOT NULL,
  `quantity` int(222) NOT NULL,
  `price` decimal(10,2) NOT NULL,
  `status` varchar(222) DEFAULT NULL,
  `date` timestamp NOT NULL DEFAULT current_timestamp() ON UPDATE current_timestamp()
) ENGINE=InnoDB DEFAULT CHARSET=latin1;

--
-- Dumping data for table `users_orders`
--

INSERT INTO `users_orders` (`OID`, `CNIC`, `FName`, `quantity`, `price`, `status`, `date`) VALUES
(59, '1210157236327', 'Bonefish', 1, '800.00', NULL, '2020-09-14 13:34:33'),
(60, '1210157236327', 'Hard Rock Cafe', 1, '500.00', NULL, '2020-09-14 13:34:33'),
(61, '1210157236327', 'Uno Pizzeria & Grill', 1, '600.00', NULL, '2020-09-14 13:34:33'),
(62, '1210157236327', 'Lyfe Kitchens Tofu Taco', 1, '900.00', NULL, '2020-09-14 13:34:33'),
(63, '1210116647065', 'Bonefish', 1, '800.00', 'closed', '2020-09-14 16:49:29');

--
-- Indexes for dumped tables
--

--
-- Indexes for table `admin`
--
ALTER TABLE `admin`
  ADD PRIMARY KEY (`adm_id`);

--
-- Indexes for table `admin_codes`
--
ALTER TABLE `admin_codes`
  ADD PRIMARY KEY (`id`);

--
-- Indexes for table `category`
--
ALTER TABLE `category`
  ADD PRIMARY KEY (`c_id`);

--
-- Indexes for table `contact`
--
ALTER TABLE `contact`
  ADD PRIMARY KEY (`CNIC`);

--
-- Indexes for table `customer`
--
ALTER TABLE `customer`
  ADD PRIMARY KEY (`CNIC`);

--
-- Indexes for table `delivery`
--
ALTER TABLE `delivery`
  ADD PRIMARY KEY (`DID`),
  ADD KEY `OID` (`OID`);

--
-- Indexes for table `dishes`
--
ALTER TABLE `dishes`
  ADD PRIMARY KEY (`D_ID`);

--
-- Indexes for table `orders`
--
ALTER TABLE `orders`
  ADD PRIMARY KEY (`OID`),
  ADD KEY `CNIC` (`CNIC`);

--
-- Indexes for table `payment`
--
ALTER TABLE `payment`
  ADD PRIMARY KEY (`PID`),
  ADD KEY `OID` (`OID`);

--
-- Indexes for table `remark`
--
ALTER TABLE `remark`
  ADD PRIMARY KEY (`id`);

--
-- Indexes for table `restaurant`
--
ALTER TABLE `restaurant`
  ADD PRIMARY KEY (`RS_ID`);

--
-- Indexes for table `users`
--
ALTER TABLE `users`
  ADD PRIMARY KEY (`CNIC`);

--
-- Indexes for table `users_orders`
--
ALTER TABLE `users_orders`
  ADD PRIMARY KEY (`OID`);

--
-- AUTO_INCREMENT for dumped tables
--

--
-- AUTO_INCREMENT for table `admin`
--
ALTER TABLE `admin`
  MODIFY `adm_id` int(222) NOT NULL AUTO_INCREMENT, AUTO_INCREMENT=10;

--
-- AUTO_INCREMENT for table `admin_codes`
--
ALTER TABLE `admin_codes`
  MODIFY `id` int(222) NOT NULL AUTO_INCREMENT, AUTO_INCREMENT=4;

--
-- AUTO_INCREMENT for table `dishes`
--
ALTER TABLE `dishes`
  MODIFY `D_ID` int(222) NOT NULL AUTO_INCREMENT, AUTO_INCREMENT=20;

--
-- AUTO_INCREMENT for table `remark`
--
ALTER TABLE `remark`
  MODIFY `id` int(11) NOT NULL AUTO_INCREMENT, AUTO_INCREMENT=76;

--
-- AUTO_INCREMENT for table `restaurant`
--
ALTER TABLE `restaurant`
  MODIFY `RS_ID` int(255) NOT NULL AUTO_INCREMENT, AUTO_INCREMENT=4;

--
-- AUTO_INCREMENT for table `users_orders`
--
ALTER TABLE `users_orders`
  MODIFY `OID` int(222) NOT NULL AUTO_INCREMENT, AUTO_INCREMENT=64;

--
-- Constraints for dumped tables
--

--
-- Constraints for table `delivery`
--
ALTER TABLE `delivery`
  ADD CONSTRAINT `delivery_ibfk_1` FOREIGN KEY (`OID`) REFERENCES `orders` (`OID`) ON UPDATE CASCADE;

--
-- Constraints for table `orders`
--
ALTER TABLE `orders`
  ADD CONSTRAINT `orders_ibfk_1` FOREIGN KEY (`CNIC`) REFERENCES `customer` (`CNIC`) ON UPDATE CASCADE;

--
-- Constraints for table `payment`
--
ALTER TABLE `payment`
  ADD CONSTRAINT `payment_ibfk_1` FOREIGN KEY (`OID`) REFERENCES `orders` (`OID`) ON UPDATE CASCADE;
--
-- Database: `library`
--
CREATE DATABASE IF NOT EXISTS `library` DEFAULT CHARACTER SET utf8mb4 COLLATE utf8mb4_general_ci;
USE `library`;

-- --------------------------------------------------------

--
-- Table structure for table `admin`
--

CREATE TABLE `admin` (
  `id` int(11) NOT NULL,
  `FullName` varchar(100) DEFAULT NULL,
  `AdminEmail` varchar(120) DEFAULT NULL,
  `UserName` varchar(100) NOT NULL,
  `Password` varchar(100) NOT NULL,
  `updationDate` timestamp NOT NULL DEFAULT '0000-00-00 00:00:00' ON UPDATE current_timestamp()
) ENGINE=InnoDB DEFAULT CHARSET=latin1;

--
-- Dumping data for table `admin`
--

INSERT INTO `admin` (`id`, `FullName`, `AdminEmail`, `UserName`, `Password`, `updationDate`) VALUES
(1, 'Anuj Kumar', 'phpgurukulofficial@gmail.com', 'admin', 'f925916e2754e5e03f75dd58a5733251', '2017-07-16 18:11:42');

-- --------------------------------------------------------

--
-- Table structure for table `tblauthors`
--

CREATE TABLE `tblauthors` (
  `id` int(11) NOT NULL,
  `AuthorName` varchar(159) DEFAULT NULL,
  `creationDate` timestamp NULL DEFAULT current_timestamp(),
  `UpdationDate` timestamp NULL DEFAULT NULL ON UPDATE current_timestamp()
) ENGINE=InnoDB DEFAULT CHARSET=latin1;

--
-- Dumping data for table `tblauthors`
--

INSERT INTO `tblauthors` (`id`, `AuthorName`, `creationDate`, `UpdationDate`) VALUES
(1, 'Anuj kumar', '2017-07-08 12:49:09', '2017-07-08 15:16:59'),
(2, 'Chetan Bhagatt', '2017-07-08 14:30:23', '2017-07-08 15:15:09'),
(3, 'Anita Desai', '2017-07-08 14:35:08', NULL),
(4, 'HC Verma', '2017-07-08 14:35:21', NULL),
(5, 'R.D. Sharma ', '2017-07-08 14:35:36', NULL),
(9, 'fwdfrwer', '2017-07-08 15:22:03', NULL);

-- --------------------------------------------------------

--
-- Table structure for table `tblbooks`
--

CREATE TABLE `tblbooks` (
  `id` int(11) NOT NULL,
  `BookName` varchar(255) DEFAULT NULL,
  `CatId` int(11) DEFAULT NULL,
  `AuthorId` int(11) DEFAULT NULL,
  `ISBNNumber` int(11) DEFAULT NULL,
  `BookPrice` int(11) DEFAULT NULL,
  `RegDate` timestamp NULL DEFAULT current_timestamp(),
  `UpdationDate` timestamp NULL DEFAULT NULL ON UPDATE current_timestamp()
) ENGINE=InnoDB DEFAULT CHARSET=latin1;

--
-- Dumping data for table `tblbooks`
--

INSERT INTO `tblbooks` (`id`, `BookName`, `CatId`, `AuthorId`, `ISBNNumber`, `BookPrice`, `RegDate`, `UpdationDate`) VALUES
(1, 'PHP And MySql programming', 5, 1, 222333, 300, '2017-07-08 20:04:55', '2021-07-21 05:32:22'),
(3, 'physics', 6, 4, 1111, 15, '2017-07-08 20:17:31', '2017-07-15 06:13:17');

-- --------------------------------------------------------

--
-- Table structure for table `tblcategory`
--

CREATE TABLE `tblcategory` (
  `id` int(11) NOT NULL,
  `CategoryName` varchar(150) DEFAULT NULL,
  `Status` int(1) DEFAULT NULL,
  `CreationDate` timestamp NULL DEFAULT current_timestamp(),
  `UpdationDate` timestamp NULL DEFAULT '0000-00-00 00:00:00' ON UPDATE current_timestamp()
) ENGINE=InnoDB DEFAULT CHARSET=latin1;

--
-- Dumping data for table `tblcategory`
--

INSERT INTO `tblcategory` (`id`, `CategoryName`, `Status`, `CreationDate`, `UpdationDate`) VALUES
(4, 'Romantic', 1, '2017-07-04 18:35:25', '2017-07-06 16:00:42'),
(5, 'Technology', 1, '2017-07-04 18:35:39', '2017-07-08 17:13:03'),
(6, 'Science', 1, '2017-07-04 18:35:55', '0000-00-00 00:00:00'),
(7, 'Management', 0, '2017-07-04 18:36:16', '0000-00-00 00:00:00');

-- --------------------------------------------------------

--
-- Table structure for table `tblissuedbookdetails`
--

CREATE TABLE `tblissuedbookdetails` (
  `id` int(11) NOT NULL,
  `BookId` int(11) DEFAULT NULL,
  `StudentID` varchar(150) DEFAULT NULL,
  `IssuesDate` timestamp NULL DEFAULT current_timestamp(),
  `ReturnDate` timestamp NULL DEFAULT NULL ON UPDATE current_timestamp(),
  `RetrunStatus` int(1) DEFAULT NULL,
  `fine` int(11) DEFAULT NULL
) ENGINE=InnoDB DEFAULT CHARSET=latin1;

--
-- Dumping data for table `tblissuedbookdetails`
--

INSERT INTO `tblissuedbookdetails` (`id`, `BookId`, `StudentID`, `IssuesDate`, `ReturnDate`, `RetrunStatus`, `fine`) VALUES
(1, 1, 'SID002', '2017-07-15 06:09:47', '2017-07-15 11:15:20', 1, 0),
(2, 1, 'SID002', '2017-07-15 06:12:27', '2017-07-15 11:15:23', 1, 5),
(3, 3, 'SID002', '2017-07-15 06:13:40', NULL, 0, NULL),
(4, 3, 'SID002', '2017-07-15 06:23:23', '2017-07-15 11:22:29', 1, 2),
(5, 1, 'SID009', '2017-07-15 10:59:26', NULL, 0, NULL),
(6, 3, 'SID011', '2017-07-15 18:02:55', NULL, 0, NULL),
(7, 1, 'SID009', '2021-07-21 05:52:21', NULL, NULL, NULL);

-- --------------------------------------------------------

--
-- Table structure for table `tblstudents`
--

CREATE TABLE `tblstudents` (
  `id` int(11) NOT NULL,
  `StudentId` varchar(100) DEFAULT NULL,
  `FullName` varchar(120) DEFAULT NULL,
  `EmailId` varchar(120) DEFAULT NULL,
  `MobileNumber` char(11) DEFAULT NULL,
  `Password` varchar(120) DEFAULT NULL,
  `Status` int(1) DEFAULT NULL,
  `RegDate` timestamp NULL DEFAULT current_timestamp(),
  `UpdationDate` timestamp NULL DEFAULT NULL ON UPDATE current_timestamp()
) ENGINE=InnoDB DEFAULT CHARSET=latin1;

--
-- Dumping data for table `tblstudents`
--

INSERT INTO `tblstudents` (`id`, `StudentId`, `FullName`, `EmailId`, `MobileNumber`, `Password`, `Status`, `RegDate`, `UpdationDate`) VALUES
(1, 'SID002', 'Anuj kumar', 'anuj.lpu1@gmail.com', '9865472555', 'f925916e2754e5e03f75dd58a5733251', 1, '2017-07-11 15:37:05', '2017-07-15 18:26:21'),
(4, 'SID005', 'sdfsd', 'csfsd@dfsfks.com', '8569710025', '92228410fc8b872914e023160cf4ae8f', 0, '2017-07-11 15:41:27', '2017-07-15 17:43:03'),
(8, 'SID009', 'test', 'test@gmail.com', '2359874527', 'f925916e2754e5e03f75dd58a5733251', 1, '2017-07-11 15:58:28', '2017-07-15 13:42:44'),
(9, 'SID010', 'Amit', 'amit@gmail.com', '8585856224', 'f925916e2754e5e03f75dd58a5733251', 1, '2017-07-15 13:40:30', NULL),
(10, 'SID011', 'Sarita Pandey', 'sarita@gmail.com', '4672423754', 'f925916e2754e5e03f75dd58a5733251', 1, '2017-07-15 18:00:59', NULL),
(11, 'SID012', 'DELE AKANNI', 'delakanni@gmail.com', '123456789', 'af788365ec2f6b5d5e8bb22deddef469', 1, '2021-07-21 05:54:14', NULL),
(12, 'SID013', 'dele akanni ayo', 'deleakanniayo@gmail.com', '123456798', '20c56c1f4c3951582ce35fdbc42cb019', 1, '2021-07-21 05:58:55', NULL),
(13, 'SID014', 'Ade Adebola OluwaPelumi', 'adebola@gmail.com', '1234566789', 'fa6a6bd136dec26a1dd5e326b7e43254', 1, '2021-07-22 05:06:18', '2021-07-22 05:09:52');

--
-- Indexes for dumped tables
--

--
-- Indexes for table `admin`
--
ALTER TABLE `admin`
  ADD PRIMARY KEY (`id`);

--
-- Indexes for table `tblauthors`
--
ALTER TABLE `tblauthors`
  ADD PRIMARY KEY (`id`);

--
-- Indexes for table `tblbooks`
--
ALTER TABLE `tblbooks`
  ADD PRIMARY KEY (`id`);

--
-- Indexes for table `tblcategory`
--
ALTER TABLE `tblcategory`
  ADD PRIMARY KEY (`id`);

--
-- Indexes for table `tblissuedbookdetails`
--
ALTER TABLE `tblissuedbookdetails`
  ADD PRIMARY KEY (`id`);

--
-- Indexes for table `tblstudents`
--
ALTER TABLE `tblstudents`
  ADD PRIMARY KEY (`id`),
  ADD UNIQUE KEY `StudentId` (`StudentId`);

--
-- AUTO_INCREMENT for dumped tables
--

--
-- AUTO_INCREMENT for table `admin`
--
ALTER TABLE `admin`
  MODIFY `id` int(11) NOT NULL AUTO_INCREMENT, AUTO_INCREMENT=2;

--
-- AUTO_INCREMENT for table `tblauthors`
--
ALTER TABLE `tblauthors`
  MODIFY `id` int(11) NOT NULL AUTO_INCREMENT, AUTO_INCREMENT=10;

--
-- AUTO_INCREMENT for table `tblbooks`
--
ALTER TABLE `tblbooks`
  MODIFY `id` int(11) NOT NULL AUTO_INCREMENT, AUTO_INCREMENT=4;

--
-- AUTO_INCREMENT for table `tblcategory`
--
ALTER TABLE `tblcategory`
  MODIFY `id` int(11) NOT NULL AUTO_INCREMENT, AUTO_INCREMENT=8;

--
-- AUTO_INCREMENT for table `tblissuedbookdetails`
--
ALTER TABLE `tblissuedbookdetails`
  MODIFY `id` int(11) NOT NULL AUTO_INCREMENT, AUTO_INCREMENT=8;

--
-- AUTO_INCREMENT for table `tblstudents`
--
ALTER TABLE `tblstudents`
  MODIFY `id` int(11) NOT NULL AUTO_INCREMENT, AUTO_INCREMENT=14;
--
-- Database: `loginsystem`
--
CREATE DATABASE IF NOT EXISTS `loginsystem` DEFAULT CHARACTER SET utf8mb4 COLLATE utf8mb4_general_ci;
USE `loginsystem`;

-- --------------------------------------------------------

--
-- Table structure for table `reservation`
--

CREATE TABLE `reservation` (
  `reserv_id` int(11) NOT NULL,
  `f_name` text NOT NULL,
  `l_name` text NOT NULL,
  `num_guests` int(11) NOT NULL,
  `num_tables` int(11) NOT NULL,
  `rdate` date NOT NULL,
  `time_zone` text NOT NULL,
  `telephone` text NOT NULL,
  `comment` mediumtext NOT NULL,
  `reg_date` timestamp NOT NULL DEFAULT current_timestamp(),
  `user_fk` int(11) NOT NULL
) ENGINE=InnoDB DEFAULT CHARSET=utf8;

--
-- Dumping data for table `reservation`
--

INSERT INTO `reservation` (`reserv_id`, `f_name`, `l_name`, `num_guests`, `num_tables`, `rdate`, `time_zone`, `telephone`, `comment`, `reg_date`, `user_fk`) VALUES
(62, 'Bill', 'Fotos', 10, 4, '2019-05-30', '12:00 - 16:00', '21096321232', 'fsdfsd', '2019-05-04 23:38:47', 28),
(64, 'Bill', 'Foto', 6, 2, '2019-05-20', '12:00 - 16:00', '1321312', 'fdsfsd', '2019-05-04 23:43:58', 28),
(71, 'Bill', 'Fotos', 10, 4, '2019-05-14', '12:00 - 16:00', '2129632123', 'fsfsd', '2019-05-05 00:51:50', 28),
(72, 'Bill', 'Foto', 10, 4, '2019-05-15', '16:00 - 20:00', '2109632123', 'fsfsfsd', '2019-05-05 00:52:09', 28),
(73, 'Bill', 'dsadsadas', 30, 14, '2019-05-22', '12:00 - 16:00', '2109632123', 'dsadsadas', '2019-05-05 00:52:39', 28),
(74, 'Bill', 'Fotos', 6, 2, '2019-05-10', '12:00 - 16:00', '2129632123', '312312312', '2019-05-05 00:54:08', 28),
(75, 'Bill', 'Fotos', 6, 2, '2019-05-10', '16:00 - 20:00', '2109632123', '', '2019-05-05 00:54:40', 28),
(76, 'Bill', 'Fotos', 1, 1, '2019-05-24', '12:00 - 16:00', '2109632123', 'sfsdfsd', '2019-05-06 23:28:11', 28),
(77, 'Romuald', 'Adjimagbe', 1, 1, '2021-07-16', '12:00 - 16:00', '09088776655', 'i want good room', '2021-07-16 05:06:52', 35);

-- --------------------------------------------------------

--
-- Table structure for table `role`
--

CREATE TABLE `role` (
  `role_id` int(5) NOT NULL
) ENGINE=InnoDB DEFAULT CHARSET=utf8 COLLATE=utf8_bin;

--
-- Dumping data for table `role`
--

INSERT INTO `role` (`role_id`) VALUES
(1),
(2),
(3);

-- --------------------------------------------------------

--
-- Table structure for table `schedule`
--

CREATE TABLE `schedule` (
  `schedule_id` int(11) NOT NULL,
  `date` date NOT NULL,
  `open_time` time NOT NULL DEFAULT '12:00:00',
  `close_time` time NOT NULL DEFAULT '00:00:00'
) ENGINE=InnoDB DEFAULT CHARSET=utf8;

--
-- Dumping data for table `schedule`
--

INSERT INTO `schedule` (`schedule_id`, `date`, `open_time`, `close_time`) VALUES
(6, '2019-05-15', '03:11:00', '11:11:00'),
(7, '2019-05-16', '01:00:00', '01:00:00'),
(8, '2019-05-18', '02:01:00', '15:00:00');

-- --------------------------------------------------------

--
-- Table structure for table `tables`
--

CREATE TABLE `tables` (
  `tables_id` int(11) NOT NULL,
  `t_date` date NOT NULL,
  `t_tables` int(11) NOT NULL
) ENGINE=InnoDB DEFAULT CHARSET=utf8;

--
-- Dumping data for table `tables`
--

INSERT INTO `tables` (`tables_id`, `t_date`, `t_tables`) VALUES
(6, '2019-05-17', 5),
(7, '2019-05-15', 10),
(8, '2019-05-10', 2);

-- --------------------------------------------------------

--
-- Table structure for table `users`
--

CREATE TABLE `users` (
  `user_id` int(11) NOT NULL,
  `uidUsers` tinytext NOT NULL,
  `emailUsers` tinytext NOT NULL,
  `pwdUsers` longtext NOT NULL,
  `reg_date` timestamp NOT NULL DEFAULT current_timestamp(),
  `role_id` int(11) NOT NULL DEFAULT 1
) ENGINE=InnoDB DEFAULT CHARSET=utf8;

--
-- Dumping data for table `users`
--

INSERT INTO `users` (`user_id`, `uidUsers`, `emailUsers`, `pwdUsers`, `reg_date`, `role_id`) VALUES
(26, 'kappa', 'kapa@in.com', '$2y$10$AXUubKPLqRUX1DeorQ3AGOsBey7oaSNPF892EUR96unf..h25rsYq', '2019-04-30 19:51:07', 1),
(27, 'kappa1', 'ka11pa@in.com', '$2y$10$/VK5CmjZavvC4gdv3WFk5u.Th5luQTfpzigiYPSryoVdULSE57A.a', '2019-04-30 20:18:57', 1),
(28, 'kappa2', 'kappa2@hotmail.com', '$2y$10$jfiG7gFvyQo..Cx1ZwktaOcs.83Zhsn0fkvq.9CvQCRA4Ognb/cBK', '2019-04-30 20:46:20', 2),
(29, 'ddsa', 'kapa@in.comq', '$2y$10$sH8sr2sI//qD5bg/D/sGeuDYb3COyUEwvNCKTLBfWUitVi2s/Z0ZG', '2019-05-01 00:25:37', 1),
(30, 'kappakeepo', '1kapa@in.com', '$2y$10$ONn5KIyEJ.iyFKQIZVHjiurhibs/udkh6W8BLqz1Anj/z9j2VbL6y', '2019-05-01 00:37:43', 1),
(31, 'kappakeepo12', 'kap11a@in.com', '$2y$10$WZjlyFoTvyAy/loojjLiE.0Ekka5nwcfAUnwIGM2FaR0g11ieVjeq', '2019-05-02 21:54:09', 1),
(32, 'fwtis', 'kappa1@in.gr', '$2y$10$3rZoKKI5idzOeRK.YUfcwe/7bL66dkU0o54w2uQ/PWpFPYR7T/Zk2', '2019-05-03 01:11:03', 1),
(33, 'kopelitsoua', 'effgfdgfdg@hotmail.com', '$2y$10$Ha0vNgl399uQveyAsp.MyuKteq9ZXZRH1yZ7XY2KZXU1O0HiQ0.CK', '2019-05-03 18:05:05', 1),
(34, 'lolas', 'lolas@in.gr', '$2y$10$Fgzedyphz9nYpLkXaGOc2u.K2SZby5m5t23Uo/3u/4kC8a6Uf9xTe', '2019-05-05 00:59:10', 1),
(35, 'Romuald01', 'romualdadjimagbe2018@gmail.com', '$2y$10$PqMpqmrQzRnA41mnohr9KuoB59Lhq9eYRSNwPZTDgCz/2KFYC58Ja', '2021-07-16 05:04:54', 1);

--
-- Indexes for dumped tables
--

--
-- Indexes for table `reservation`
--
ALTER TABLE `reservation`
  ADD PRIMARY KEY (`reserv_id`),
  ADD KEY `users_fk` (`user_fk`);

--
-- Indexes for table `role`
--
ALTER TABLE `role`
  ADD PRIMARY KEY (`role_id`),
  ADD KEY `role_id` (`role_id`);

--
-- Indexes for table `schedule`
--
ALTER TABLE `schedule`
  ADD PRIMARY KEY (`schedule_id`);

--
-- Indexes for table `tables`
--
ALTER TABLE `tables`
  ADD PRIMARY KEY (`tables_id`);

--
-- Indexes for table `users`
--
ALTER TABLE `users`
  ADD PRIMARY KEY (`user_id`),
  ADD KEY `role_id` (`role_id`);

--
-- AUTO_INCREMENT for dumped tables
--

--
-- AUTO_INCREMENT for table `reservation`
--
ALTER TABLE `reservation`
  MODIFY `reserv_id` int(11) NOT NULL AUTO_INCREMENT, AUTO_INCREMENT=78;

--
-- AUTO_INCREMENT for table `role`
--
ALTER TABLE `role`
  MODIFY `role_id` int(5) NOT NULL AUTO_INCREMENT, AUTO_INCREMENT=4;

--
-- AUTO_INCREMENT for table `schedule`
--
ALTER TABLE `schedule`
  MODIFY `schedule_id` int(11) NOT NULL AUTO_INCREMENT, AUTO_INCREMENT=9;

--
-- AUTO_INCREMENT for table `tables`
--
ALTER TABLE `tables`
  MODIFY `tables_id` int(11) NOT NULL AUTO_INCREMENT, AUTO_INCREMENT=9;

--
-- AUTO_INCREMENT for table `users`
--
ALTER TABLE `users`
  MODIFY `user_id` int(11) NOT NULL AUTO_INCREMENT, AUTO_INCREMENT=36;

--
-- Constraints for dumped tables
--

--
-- Constraints for table `reservation`
--
ALTER TABLE `reservation`
  ADD CONSTRAINT `idusers` FOREIGN KEY (`user_fk`) REFERENCES `users` (`user_id`);

--
-- Constraints for table `users`
--
ALTER TABLE `users`
  ADD CONSTRAINT `users_ibfk_1` FOREIGN KEY (`role_id`) REFERENCES `role` (`role_id`) ON UPDATE NO ACTION;
--
-- Database: `login_register_pure_coding`
--
CREATE DATABASE IF NOT EXISTS `login_register_pure_coding` DEFAULT CHARACTER SET utf8mb4 COLLATE utf8mb4_general_ci;
USE `login_register_pure_coding`;

-- --------------------------------------------------------

--
-- Table structure for table `users`
--

CREATE TABLE `users` (
  `id` int(11) NOT NULL,
  `username` varchar(255) NOT NULL,
  `email` varchar(255) NOT NULL,
  `password` varchar(255) NOT NULL
) ENGINE=InnoDB DEFAULT CHARSET=utf8mb4;

--
-- Dumping data for table `users`
--

INSERT INTO `users` (`id`, `username`, `email`, `password`) VALUES
(8, 'Pure Coding', 'purecodingofficial@gmail.com', '0139a3c5cf42394be982e766c93f5ed0'),
(9, 'tolu', 'tolu@gmail.com', '733727b40acf66522254ab2c5c380aca'),
(10, 'rally', 'rally@gmail.com', '9231141efc24d7c523b59d02ca948868');

--
-- Indexes for dumped tables
--

--
-- Indexes for table `users`
--
ALTER TABLE `users`
  ADD PRIMARY KEY (`id`);

--
-- AUTO_INCREMENT for dumped tables
--

--
-- AUTO_INCREMENT for table `users`
--
ALTER TABLE `users`
  MODIFY `id` int(11) NOT NULL AUTO_INCREMENT, AUTO_INCREMENT=11;
--
-- Database: `maher`
--
CREATE DATABASE IF NOT EXISTS `maher` DEFAULT CHARACTER SET utf8mb4 COLLATE utf8mb4_general_ci;
USE `maher`;

-- --------------------------------------------------------

--
-- Table structure for table `addcart`
--

CREATE TABLE `addcart` (
  `id` bigint(12) NOT NULL,
  `p_id` bigint(12) NOT NULL,
  `u_id` varchar(50) NOT NULL,
  `price` bigint(12) NOT NULL,
  `qty` bigint(12) NOT NULL,
  `total` bigint(12) NOT NULL
) ENGINE=InnoDB DEFAULT CHARSET=latin1;

--
-- Dumping data for table `addcart`
--

INSERT INTO `addcart` (`id`, `p_id`, `u_id`, `price`, `qty`, `total`) VALUES
(2, 1, 'abcd', 100, 4, 400),
(3, 8, 'abcd', 30, 1, 30),
(4, 2, 'abcd', 100, 3, 300),
(5, 6, 'abcd', 30, 3, 90),
(6, 11, 'admin', 30, 2, 60),
(7, 9, 'Romuald01', 30, 5, 150);

-- --------------------------------------------------------

--
-- Table structure for table `admin`
--

CREATE TABLE `admin` (
  `adminid` varchar(50) NOT NULL,
  `password` varchar(50) NOT NULL
) ENGINE=InnoDB DEFAULT CHARSET=latin1;

--
-- Dumping data for table `admin`
--

INSERT INTO `admin` (`adminid`, `password`) VALUES
('admin', 'admin'),
('nilkanth', 'nilkanth');

-- --------------------------------------------------------

--
-- Table structure for table `checkout`
--

CREATE TABLE `checkout` (
  `id` bigint(12) NOT NULL,
  `p_id` bigint(12) NOT NULL,
  `u_id` varchar(50) NOT NULL,
  `name` varchar(100) NOT NULL,
  `mobile` bigint(12) NOT NULL,
  `email` varchar(150) NOT NULL,
  `location` text NOT NULL
) ENGINE=InnoDB DEFAULT CHARSET=latin1;

--
-- Dumping data for table `checkout`
--

INSERT INTO `checkout` (`id`, `p_id`, `u_id`, `name`, `mobile`, `email`, `location`) VALUES
(1, 1, 'abcd', '', 0, '', ''),
(2, 8, 'abcd', '', 0, '', ''),
(3, 1, 'abcd', '', 0, '', ''),
(4, 8, 'abcd', '', 0, '', ''),
(5, 1, 'abcd', 'nilkanth', 1234567890, 'abcd@yy.com', 'asdjkl asdjk sjdkl slas ask lkasd jasdkl jas'),
(6, 8, 'abcd', 'nilkanth', 1234567890, 'abcd@yy.com', 'asdjkl asdjk sjdkl slas ask lkasd jasdkl jas'),
(7, 1, 'abcd', '', 0, '', ''),
(8, 8, 'abcd', '', 0, '', ''),
(9, 1, 'abcd', '', 0, '', ''),
(10, 8, 'abcd', '', 0, '', ''),
(11, 1, 'abcd', 'jayesh', 20930912, 'abc@yahoo.com', 'a dakjklsakkk Enter your fill address'),
(12, 8, 'abcd', 'jayesh', 20930912, 'abc@yahoo.com', 'a dakjklsakkk Enter your fill address'),
(13, 1, 'abcd', 'mukesh', 1234567890, 'abc@yahoo.com', 'abcd xyz jk'),
(14, 8, 'abcd', 'mukesh', 1234567890, 'abc@yahoo.com', 'abcd xyz jk'),
(15, 1, 'abcd', 'mukesh', 1234567890, 'abc@yahoo.com', 'abcd xyz jk'),
(16, 8, 'abcd', 'mukesh', 1234567890, 'abc@yahoo.com', 'abcd xyz jk'),
(17, 1, 'abcd', '230490239', 1234567890, 'asdl@y.com', 'jaskdl sjdkjasd'),
(18, 8, 'abcd', '230490239', 1234567890, 'asdl@y.com', 'jaskdl sjdkjasd'),
(19, 1, 'abcd', '1234', 1234567890, 'abc@yahoo.com', 'abcd xyz jk'),
(20, 8, 'abcd', '1234', 1234567890, 'abc@yahoo.com', 'abcd xyz jk'),
(21, 1, 'abcd', 'nilkanth', 9987656789, 'abc@y.co', 'asjd'),
(22, 8, 'abcd', 'nilkanth', 9987656789, 'abc@y.co', 'asjd'),
(23, 11, 'admin', 'hello', 8978678909, 'h@yyy.com', 'jas skkslks kslda'),
(24, 9, 'Romuald01', 'Romuald', 1234567890, 'romualdadjimagbe2018@gmailcom', 'Oluwaseyi street');

-- --------------------------------------------------------

--
-- Table structure for table `food_cat`
--

CREATE TABLE `food_cat` (
  `id` bigint(12) NOT NULL,
  `catnm` varchar(100) NOT NULL,
  `sub_cat` varchar(120) NOT NULL
) ENGINE=InnoDB DEFAULT CHARSET=latin1;

--
-- Dumping data for table `food_cat`
--

INSERT INTO `food_cat` (`id`, `catnm`, `sub_cat`) VALUES
(1, 'kathiyawadi', 'Maher Special'),
(2, 'kathiyawadi', 'Ringan Olo'),
(3, 'kathiyawadi', 'Dahino Olo'),
(4, 'kathiyawadi', 'Dahi tikhari'),
(5, 'kathiyawadi', 'Bharela Ringna'),
(6, 'kathiyawadi', 'Rajwadi Bateta'),
(7, 'kathiyawadi', 'Masala bhindi'),
(8, 'kathiyawadi', 'Rajwadi Dhokli'),
(9, 'kathiyawadi', 'Save Tameta'),
(10, 'kathiyawadi', 'Mag Masala'),
(11, 'kathiyawadi', 'Chole Chana Masala'),
(12, 'kathiyawadi', 'Kaju gathiya'),
(13, 'kathiyawadi', 'Adadni Dal'),
(14, 'rajsthani', 'Bati'),
(20, 'rajsthani', 'Dal'),
(21, 'rajsthani', 'Salad'),
(22, 'rajsthani', 'Butter Milk'),
(23, 'rajsthani', 'Ghee'),
(24, 'rajsthani', 'Papad'),
(25, 'rise', 'Dal Rice'),
(26, 'rise', 'Kadhi-Khichadi'),
(27, 'rise', 'Vagharela Bhat'),
(28, 'rise', 'Rajwadi Khichadi'),
(29, 'tava', 'Rotli'),
(30, 'tava', 'Ghee Rotli'),
(31, 'tava', 'Rotla'),
(48, 'tava', 'Ghee Rotla'),
(49, 'tava', 'Bhakhari'),
(50, 'tava', 'Ghee Bhakhari'),
(51, 'tava', 'Tava Paratha'),
(52, 'tava', 'Rotlanu Churmu'),
(53, 'tava', 'Bhakhari nu Churmu'),
(54, 'tava', 'Dryfruit Churmu'),
(55, 'tava', 'Vagharelo Rotlo Dry'),
(56, 'tava', 'Vagharelo Rotlo Dahi');

-- --------------------------------------------------------

--
-- Table structure for table `food_parcel`
--

CREATE TABLE `food_parcel` (
  `id` bigint(12) NOT NULL,
  `name` varchar(100) NOT NULL,
  `mobile` bigint(12) NOT NULL,
  `email` varchar(150) NOT NULL,
  `address` text NOT NULL,
  `food_id` bigint(10) NOT NULL
) ENGINE=InnoDB DEFAULT CHARSET=latin1;

-- --------------------------------------------------------

--
-- Table structure for table `gallery`
--

CREATE TABLE `gallery` (
  `id` bigint(12) NOT NULL,
  `image` text NOT NULL
) ENGINE=InnoDB DEFAULT CHARSET=latin1;

--
-- Dumping data for table `gallery`
--

INSERT INTO `gallery` (`id`, `image`) VALUES
(3, 'img/5c7515fc03eded3e20e78a6f_1551177212604.jpg'),
(4, 'img/5e39236bc4b7bc0c2bb659c7_1580802923546.jpg'),
(5, 'img/the-gujarati-thali-served.jpg'),
(6, 'img/the-gujarati-thali-served.jpg'),
(7, 'img/images.jpg'),
(8, 'img/thali.jpg'),
(9, 'img/chines.jpg'),
(10, 'img/abc.jpg');

-- --------------------------------------------------------

--
-- Table structure for table `menu`
--

CREATE TABLE `menu` (
  `id` bigint(12) NOT NULL,
  `category` varchar(100) NOT NULL,
  `sub_cat` varchar(120) NOT NULL,
  `title` varchar(100) NOT NULL,
  `description` text NOT NULL,
  `price` bigint(6) NOT NULL,
  `image` text NOT NULL
) ENGINE=InnoDB DEFAULT CHARSET=latin1;

--
-- Dumping data for table `menu`
--

INSERT INTO `menu` (`id`, `category`, `sub_cat`, `title`, `description`, `price`, `image`) VALUES
(4, 'kathiyawadi', 'Rajwadi Bateta', 'rajwadi bateta nu shak', 'bateta cut and fry in oil make a shak', 40, 'mimg/e7e0aa16c95cca7deae0e222e8794bb5.jpg'),
(5, 'kathiyawadi', 'Dahi tikhari', 'dahi ni tikhari', 'fry dahi in shak', 50, 'mimg/---khthiyawadi-dahi-tikhari-recipe-in-hindi---.jpg'),
(6, 'kathiyawadi', 'Masala bhindi', 'masla bhindi nu shak', 'garam masala add in bhindi nu shak', 30, 'mimg/1bhindi.jpg'),
(7, 'kathiyawadi', 'Rajwadi Dhokli', 'rajwadi dhoki nu shak', 'dhokli fry in oil and fry in dal', 40, 'mimg/hqdefault.jpg'),
(8, 'kathiyawadi', 'Save Tameta', 'save tameta nu shak', 'save add a in tomato shak and fry', 30, 'mimg/save tameta.jpg'),
(9, 'kathiyawadi', 'Mag Masala', 'masala mag nu shak', 'masala add im mag shak ', 30, 'mimg/mag masala.jpg'),
(10, 'kathiyawadi', 'Chole Chana Masala', 'chole chana masala nu shak', 'chana fry in shak with masala', 30, 'mimg/chana-masala-recipe.jpg'),
(11, 'kathiyawadi', 'Adadni Dal', 'adad ni dal', 'adaa fry in dal with masala', 30, 'mimg/Kathiyawadi_Adal_Dal_.jpg'),
(12, 'rajsthani', 'Bati', 'bati', 'rajsthani bati make by bhak', 30, 'mimg/bati.jpg'),
(13, 'rajsthani', 'Dal', 'dal', 'dal make by tuver and alad', 30, 'mimg/dal-fry-recipe-1.jpg'),
(14, 'rajsthani', 'Salad', 'salad', 'salad make by onion,tomato,beet,racket', 15, 'mimg/best-salad-7.jpg'),
(15, 'rajsthani', 'Butter Milk', 'butter milk', 'butter milk make by dhorvu', 15, 'mimg/Masala-Chaas-Recipe.jpg'),
(16, 'rajsthani', 'Ghee', 'ghee', 'ghee make by makahn', 15, 'mimg/260px-Butterschmalz-3.jpg'),
(17, 'rajsthani', 'Papad', 'papad', 'papad make by adad and khichi', 15, 'mimg/papad.jpg'),
(18, 'tava', 'Rotli', 'rotli', 'rotli make by wheet lot', 20, 'mimg/rotli-2-960x1358.jpg'),
(19, 'tava', 'Ghee Rotli', 'ghwee rotli ', 'ghee add on rotli', 20, 'mimg/desi_ghee_roti-e1542006374654.jpg'),
(20, 'tava', 'Rotla', 'rotla', 'rotla make by bajra and makai lot', 20, 'mimg/rotla_dsc2818-(16)-9-186406.jpg'),
(21, 'tava', 'Bhakhari', 'bhakhari', 'bhakhari make by wheet lot', 20, 'mimg/jowar-bhakri-recipe-main-photo.jpg'),
(22, 'tava', 'Ghee Rotla', 'ghee rotla', 'ghee add in rotla', 20, 'mimg/blogger-image--689930619.jpg'),
(23, 'tava', 'Ghee Bhakhari', '20', 'ghee add on bhakhari', 20, 'mimg/Bhakri_1.jpg'),
(24, 'tava', 'Tava Paratha', 'tava paratha', 'paratha fry in tava', 20, 'mimg/Tawa_Paratha_Recipe-7956.jpg'),
(25, 'tava', 'Rotlanu Churmu', 'rotla nu churmu', 'churmu make by rotla', 20, 'mimg/rotla nu churmu.jpg'),
(26, 'tava', 'Bhakhari nu Churmu', 'bhakhari nu churmu', 'churmu make by bhakhari', 20, 'mimg/churma-step-by-step-recipe.webp'),
(27, 'tava', 'Dryfruit Churmu', 'drufruit churmu', 'dryfruit add in furmu', 20, 'mimg/rotla nu churmu.jpg'),
(28, 'tava', 'Vagharelo Rotlo Dry', 'vagharelo rotlo dry', 'rotlo dry in oil and fry', 20, 'mimg/Vageralo-rotlo-WS.jpg'),
(29, 'tava', 'Vagharelo Rotlo Dahi', 'vagahrelo rotlo dahi', 'dahi fry in rotlo', 20, 'mimg/Vageralo-rotlo-WS.jpg'),
(30, 'rise', 'Dal Rice', 'dal rice', 'rice add in dal', 30, 'mimg/DSC_0870.jpg'),
(31, 'rise', 'Kadhi-Khichadi', '25', 'khichadi add in kadhi', 25, 'mimg/kadhi khichadi.jpg'),
(32, 'rise', 'Vagharela Bhat', 'vagahrela bhat', 'bhat fry in oli ', 25, 'mimg/vagharela-bhaat-6.jpg'),
(33, 'rise', 'Rajwadi Khichadi', 'rajwadi khichadi', 'masala add in khichadi', 25, 'mimg/rajwadi-khichdi-recipe-main-photo.jpg'),
(34, 'rajsthani', 'Dal', 'jaydip', 'nathi', 1, 'mimg/chole bhature.jpg');

-- --------------------------------------------------------

--
-- Table structure for table `registration`
--

CREATE TABLE `registration` (
  `id` bigint(12) NOT NULL,
  `userid` varchar(50) NOT NULL,
  `password` varchar(50) NOT NULL,
  `email` varchar(150) NOT NULL
) ENGINE=InnoDB DEFAULT CHARSET=latin1;

--
-- Dumping data for table `registration`
--

INSERT INTO `registration` (`id`, `userid`, `password`, `email`) VALUES
(1, 'abcd', 'xyz', 'abc@yahoo.com'),
(2, 'aa', 'bb', 'cc@y.com'),
(3, 'nilkanth', 'nilkanth', 'aaabb@y.com'),
(4, 'abcd', 'ppp', 'abc@yahoo.com'),
(5, 'abcd', 'asdf', 'abc@yahoo.com'),
(6, 'Romuald01', 'temi01', 'romualdadjimagbe2018@gmail.com');

-- --------------------------------------------------------

--
-- Table structure for table `review`
--

CREATE TABLE `review` (
  `id` bigint(12) NOT NULL,
  `name` varchar(100) NOT NULL,
  `review` varchar(100) NOT NULL,
  `description` text NOT NULL
) ENGINE=InnoDB DEFAULT CHARSET=latin1;

--
-- Dumping data for table `review`
--

INSERT INTO `review` (`id`, `name`, `review`, `description`) VALUES
(5, 'Milan vagh', 'Exellent', 'best hotel oh gujarat'),
(6, 'naimish gadhiya', 'Exellent', 'abcdf');

--
-- Indexes for dumped tables
--

--
-- Indexes for table `addcart`
--
ALTER TABLE `addcart`
  ADD PRIMARY KEY (`id`);

--
-- Indexes for table `admin`
--
ALTER TABLE `admin`
  ADD PRIMARY KEY (`adminid`);

--
-- Indexes for table `checkout`
--
ALTER TABLE `checkout`
  ADD PRIMARY KEY (`id`);

--
-- Indexes for table `food_cat`
--
ALTER TABLE `food_cat`
  ADD PRIMARY KEY (`id`);

--
-- Indexes for table `gallery`
--
ALTER TABLE `gallery`
  ADD PRIMARY KEY (`id`);

--
-- Indexes for table `menu`
--
ALTER TABLE `menu`
  ADD PRIMARY KEY (`id`);

--
-- Indexes for table `registration`
--
ALTER TABLE `registration`
  ADD PRIMARY KEY (`id`);

--
-- Indexes for table `review`
--
ALTER TABLE `review`
  ADD PRIMARY KEY (`id`);

--
-- AUTO_INCREMENT for dumped tables
--

--
-- AUTO_INCREMENT for table `addcart`
--
ALTER TABLE `addcart`
  MODIFY `id` bigint(12) NOT NULL AUTO_INCREMENT, AUTO_INCREMENT=8;

--
-- AUTO_INCREMENT for table `checkout`
--
ALTER TABLE `checkout`
  MODIFY `id` bigint(12) NOT NULL AUTO_INCREMENT, AUTO_INCREMENT=25;

--
-- AUTO_INCREMENT for table `food_cat`
--
ALTER TABLE `food_cat`
  MODIFY `id` bigint(12) NOT NULL AUTO_INCREMENT, AUTO_INCREMENT=57;

--
-- AUTO_INCREMENT for table `gallery`
--
ALTER TABLE `gallery`
  MODIFY `id` bigint(12) NOT NULL AUTO_INCREMENT, AUTO_INCREMENT=11;

--
-- AUTO_INCREMENT for table `menu`
--
ALTER TABLE `menu`
  MODIFY `id` bigint(12) NOT NULL AUTO_INCREMENT, AUTO_INCREMENT=35;

--
-- AUTO_INCREMENT for table `registration`
--
ALTER TABLE `registration`
  MODIFY `id` bigint(12) NOT NULL AUTO_INCREMENT, AUTO_INCREMENT=7;

--
-- AUTO_INCREMENT for table `review`
--
ALTER TABLE `review`
  MODIFY `id` bigint(12) NOT NULL AUTO_INCREMENT, AUTO_INCREMENT=7;
--
-- Database: `museum_ng`
--
CREATE DATABASE IF NOT EXISTS `museum_ng` DEFAULT CHARACTER SET utf8mb4 COLLATE utf8mb4_general_ci;
USE `museum_ng`;

-- --------------------------------------------------------

--
-- Table structure for table `admin`
--

CREATE TABLE `admin` (
  `admin_id` int(11) NOT NULL,
  `username` varchar(120) NOT NULL,
  `password` text NOT NULL
) ENGINE=InnoDB DEFAULT CHARSET=utf8mb4;

--
-- Dumping data for table `admin`
--

INSERT INTO `admin` (`admin_id`, `username`, `password`) VALUES
(1, 'admin', '21232f297a57a5a743894a0e4a801fc3');

-- --------------------------------------------------------

--
-- Table structure for table `centre_categories`
--

CREATE TABLE `centre_categories` (
  `centre_category_id` int(11) NOT NULL,
  `centre_category` varchar(120) NOT NULL
) ENGINE=InnoDB DEFAULT CHARSET=utf8mb4;

--
-- Dumping data for table `centre_categories`
--

INSERT INTO `centre_categories` (`centre_category_id`, `centre_category`) VALUES
(1, 'Specialty Museum'),
(2, 'Art Museum');

-- --------------------------------------------------------

--
-- Table structure for table `museum_centres`
--

CREATE TABLE `museum_centres` (
  `centre_id` int(11) NOT NULL,
  `centre_category_id` int(11) NOT NULL,
  `centre_name` varchar(200) NOT NULL,
  `overview` text NOT NULL,
  `address` varchar(200) NOT NULL,
  `opening_hour` time NOT NULL,
  `closing_hour` time NOT NULL,
  `website` varchar(120) NOT NULL,
  `phone` varchar(20) NOT NULL,
  `email` varchar(150) NOT NULL,
  `likes` int(11) NOT NULL DEFAULT 0,
  `views` int(11) NOT NULL DEFAULT 0,
  `banner` varchar(70) NOT NULL,
  `date_added` timestamp NOT NULL DEFAULT current_timestamp()
) ENGINE=InnoDB DEFAULT CHARSET=utf8mb4;

--
-- Dumping data for table `museum_centres`
--

INSERT INTO `museum_centres` (`centre_id`, `centre_category_id`, `centre_name`, `overview`, `address`, `opening_hour`, `closing_hour`, `website`, `phone`, `email`, `likes`, `views`, `banner`, `date_added`) VALUES
(1, 1, 'Gidan Makama National Museum', '\r\nLorem ipsum dolor sit amet, consectetur adipiscing elit. Vestibulum velit tortor, interdum sed cursus eu, sagittis ut nunc. Sed vitae tellus et arcu aliquet faucibus fermentum non lacus.\r\n\r\nPraesent fringilla quis massa et placerat. Mauris eu dui eget urna pellentesque gravida vitae quis nibh. Ut at augue tortor. Pellentesque quis suscipit magna.\r\n\r\nLorem ipsum dolor sit amet, consectetur adipiscing elit. Sed quam tortor, ultrices accumsan mauris eget, pulvinar tincidunt erat. Sed nisi nisi, rutrum sit amet elit.\r\nSed mauris nulla, tempor eu est vel, dapibus hendrerit mauris curabitur dictum pharetra.\r\n\r\nEtiam mollis sem sed bibendum blandit. Aenean quis luctus ligula, vitae suscipit dui. Nunc diam orci, tincidunt eget consectetur sit amet, vulputate.', '56, Aboki Gida Area, Kano State', '08:00:00', '20:00:00', 'www.taiwo.com.ng', '09089870990', 'thenewxpat@gmail.com', 2, 74, 'gidan.jpg', '2021-01-09 14:02:05'),
(2, 1, 'Wasiu Ayinde International Museum', '\r\nLorem ipsum dolor sit amet, consectetur adipiscing elit. Vestibulum velit tortor, interdum sed cursus eu, sagittis ut nunc. Sed vitae tellus et arcu aliquet faucibus fermentum non lacus.\r\n\r\nPraesent fringilla quis massa et placerat. Mauris eu dui eget urna pellentesque gravida vitae quis nibh. Ut at augue tortor. Pellentesque quis suscipit magna.\r\n\r\nLorem ipsum dolor sit amet, consectetur adipiscing elit. Sed quam tortor, ultrices accumsan mauris eget, pulvinar tincidunt erat. Sed nisi nisi, rutrum sit amet elit.\r\nSed mauris nulla, tempor eu est vel, dapibus hendrerit mauris curabitur dictum pharetra.\r\n\r\nEtiam mollis sem sed bibendum blandit. Aenean quis luctus ligula, vitae suscipit dui. Nunc diam orci, tincidunt eget consectetur sit amet, vulputate.', '56, Yabatech Area of Pauma Junction', '08:00:00', '20:00:00', 'www.taiwo.com.ng', '09089870990', 'thenewxpat@gmail.com', 1, 39, 'national.jpg', '2021-01-09 14:02:34');

-- --------------------------------------------------------

--
-- Table structure for table `museum_centre_likes`
--

CREATE TABLE `museum_centre_likes` (
  `like_id` int(11) NOT NULL,
  `user_id` int(11) NOT NULL,
  `centre_id` int(11) NOT NULL
) ENGINE=InnoDB DEFAULT CHARSET=utf8mb4;

--
-- Dumping data for table `museum_centre_likes`
--

INSERT INTO `museum_centre_likes` (`like_id`, `user_id`, `centre_id`) VALUES
(9, 3, 2),
(10, 3, 1),
(12, 6, 1);

-- --------------------------------------------------------

--
-- Table structure for table `posts`
--

CREATE TABLE `posts` (
  `post_id` int(11) NOT NULL,
  `title` varchar(140) NOT NULL,
  `content` text NOT NULL,
  `cover_image` varchar(159) NOT NULL,
  `date_added` timestamp NOT NULL DEFAULT current_timestamp()
) ENGINE=InnoDB DEFAULT CHARSET=utf8mb4;

--
-- Dumping data for table `posts`
--

INSERT INTO `posts` (`post_id`, `title`, `content`, `cover_image`, `date_added`) VALUES
(1, 'The National Museum Promise to Hold an Event in 2021', 'What if I tell you the event is more of Lorem Ipsum? uh!\r\nYes, you heard me right!\r\n\r\nLorem ipsum dolor sit amet, consectetur adipisicing elit, sed do eiusmod\r\n            tempor incididunt ut labore et dolore magna aliqua. Ut enim ad minim veniam,\r\n            quis nostrud exercitation ullamco laboris nisi ut aliquip ex ea commodo\r\n            consequat. Duis aute irure dolor in reprehenderit in voluptate velit esse\r\n            cillum dolore eu fugiat nulla pariatur. Excepteur sint occaecat cupidatat non\r\n            proident, sunt in culpa qui officia deserunt mollit anim id est laborum.', 'national.jpg', '2021-01-10 16:15:52'),
(2, 'The Gidan Makama National Museum Promise to Hold an Event in 2022', 'What if I tell you the event is more of Lorem Ipsum? uh!\r\nYes, you heard me right!\r\n\r\nLorem ipsum dolor sit amet, consectetur adipisicing elit, sed do eiusmod\r\n            tempor incididunt ut labore et dolore magna aliqua. Ut enim ad minim veniam,\r\n            quis nostrud exercitation ullamco laboris nisi ut aliquip ex ea commodo\r\n            consequat. Duis aute irure dolor in reprehenderit in voluptate velit esse\r\n            cillum dolore eu fugiat nulla pariatur. Excepteur sint occaecat cupidatat non\r\n            proident, sunt in culpa qui officia deserunt mollit anim id est laborum.', 'gidan.jpg', '2021-01-10 16:28:20');

-- --------------------------------------------------------

--
-- Table structure for table `users`
--

CREATE TABLE `users` (
  `user_id` int(11) NOT NULL,
  `fullname` varchar(200) NOT NULL,
  `email` varchar(200) NOT NULL,
  `password` text NOT NULL,
  `date_joined` timestamp NOT NULL DEFAULT current_timestamp()
) ENGINE=InnoDB DEFAULT CHARSET=utf8mb4;

--
-- Dumping data for table `users`
--

INSERT INTO `users` (`user_id`, `fullname`, `email`, `password`, `date_joined`) VALUES
(1, 'Atobaje Wasiu', 'thenewxpat@gmail.com', 'b59c67bf196a4758191e42f76670ceba', '2021-01-10 00:44:11'),
(2, 'Jide Kodoko', 'thenewxpat11@gmail.com', '96e79218965eb72c92a549dd5a330112', '2021-01-10 00:45:34'),
(3, 'Remi Aluko', 'thenewxgpat@gmail.com', '9cafeef08db2dd477098a0293e71f90a', '2021-01-10 00:46:05'),
(4, 'Degbe Romuald', 'egbe@gmail.com', '02655af9a46873d8ac40e634a9693239', '2021-01-29 08:08:07'),
(5, 'Degbe Romuald', 'DR@gmail.com', 'defebfc9c5e85c72569dbf0203a0de64', '2021-02-07 02:40:10'),
(6, 'Degbe Romuald', 'romualdsoftwareengr@gmail.com', '0f0fb9d5505652a38c2c9f0228e98319', '2021-07-01 10:50:31');

--
-- Indexes for dumped tables
--

--
-- Indexes for table `admin`
--
ALTER TABLE `admin`
  ADD PRIMARY KEY (`admin_id`);

--
-- Indexes for table `centre_categories`
--
ALTER TABLE `centre_categories`
  ADD PRIMARY KEY (`centre_category_id`);

--
-- Indexes for table `museum_centres`
--
ALTER TABLE `museum_centres`
  ADD PRIMARY KEY (`centre_id`);

--
-- Indexes for table `museum_centre_likes`
--
ALTER TABLE `museum_centre_likes`
  ADD PRIMARY KEY (`like_id`);

--
-- Indexes for table `posts`
--
ALTER TABLE `posts`
  ADD PRIMARY KEY (`post_id`);

--
-- Indexes for table `users`
--
ALTER TABLE `users`
  ADD PRIMARY KEY (`user_id`);

--
-- AUTO_INCREMENT for dumped tables
--

--
-- AUTO_INCREMENT for table `admin`
--
ALTER TABLE `admin`
  MODIFY `admin_id` int(11) NOT NULL AUTO_INCREMENT, AUTO_INCREMENT=2;

--
-- AUTO_INCREMENT for table `centre_categories`
--
ALTER TABLE `centre_categories`
  MODIFY `centre_category_id` int(11) NOT NULL AUTO_INCREMENT, AUTO_INCREMENT=3;

--
-- AUTO_INCREMENT for table `museum_centres`
--
ALTER TABLE `museum_centres`
  MODIFY `centre_id` int(11) NOT NULL AUTO_INCREMENT, AUTO_INCREMENT=6;

--
-- AUTO_INCREMENT for table `museum_centre_likes`
--
ALTER TABLE `museum_centre_likes`
  MODIFY `like_id` int(11) NOT NULL AUTO_INCREMENT, AUTO_INCREMENT=13;

--
-- AUTO_INCREMENT for table `posts`
--
ALTER TABLE `posts`
  MODIFY `post_id` int(11) NOT NULL AUTO_INCREMENT, AUTO_INCREMENT=5;

--
-- AUTO_INCREMENT for table `users`
--
ALTER TABLE `users`
  MODIFY `user_id` int(11) NOT NULL AUTO_INCREMENT, AUTO_INCREMENT=7;
--
-- Database: `obcsdb`
--
CREATE DATABASE IF NOT EXISTS `obcsdb` DEFAULT CHARACTER SET utf8mb4 COLLATE utf8mb4_general_ci;
USE `obcsdb`;

-- --------------------------------------------------------

--
-- Table structure for table `tbladmin`
--

CREATE TABLE `tbladmin` (
  `ID` int(10) NOT NULL,
  `AdminName` varchar(200) DEFAULT NULL,
  `UserName` varchar(120) DEFAULT NULL,
  `MobileNumber` bigint(10) DEFAULT NULL,
  `Email` varchar(120) DEFAULT NULL,
  `Password` varchar(200) DEFAULT NULL,
  `AdminRegdate` timestamp NULL DEFAULT current_timestamp()
) ENGINE=InnoDB DEFAULT CHARSET=utf8mb4;

--
-- Dumping data for table `tbladmin`
--

INSERT INTO `tbladmin` (`ID`, `AdminName`, `UserName`, `MobileNumber`, `Email`, `Password`, `AdminRegdate`) VALUES
(1, 'Test', 'admin', 8979555556, 'adminuser@gmail.com', 'f925916e2754e5e03f75dd58a5733251', '2020-02-13 12:05:09');

-- --------------------------------------------------------

--
-- Table structure for table `tblapplication`
--

CREATE TABLE `tblapplication` (
  `ID` int(10) NOT NULL,
  `UserID` int(5) NOT NULL,
  `ApplicationID` varchar(200) DEFAULT NULL,
  `DateofBirth` varchar(200) DEFAULT NULL,
  `Gender` varchar(50) DEFAULT NULL,
  `FullName` varchar(200) DEFAULT NULL,
  `PlaceofBirth` varchar(200) DEFAULT NULL,
  `NameofFather` varchar(200) DEFAULT NULL,
  `PermanentAdd` mediumtext DEFAULT NULL,
  `PostalAdd` mediumtext DEFAULT NULL,
  `MobileNumber` bigint(10) DEFAULT NULL,
  `Email` varchar(200) DEFAULT NULL,
  `Dateofapply` timestamp NULL DEFAULT current_timestamp(),
  `Remark` varchar(200) DEFAULT NULL,
  `Status` varchar(50) DEFAULT NULL,
  `UpdationDate` timestamp NULL DEFAULT NULL ON UPDATE current_timestamp()
) ENGINE=InnoDB DEFAULT CHARSET=utf8mb4;

--
-- Dumping data for table `tblapplication`
--

INSERT INTO `tblapplication` (`ID`, `UserID`, `ApplicationID`, `DateofBirth`, `Gender`, `FullName`, `PlaceofBirth`, `NameofFather`, `PermanentAdd`, `PostalAdd`, `MobileNumber`, `Email`, `Dateofapply`, `Remark`, `Status`, `UpdationDate`) VALUES
(1, 1, '905226110', '2019-05-09', 'Female', 'Shravani', 'New Delhi', 'Mr. Tushar Singh', 'I-989, 9 floor Gaur Apartment Noida', 'I-989, 9 floor Gaur Apartment Noida', 7878878787, 'tushar@gmail.com', '2020-02-12 11:45:12', 'Your Application Has been Verified', 'Verified', '2020-02-13 14:35:50'),
(2, 2, '294108345', '2018-05-01', 'Male', 'Parth', 'Luckmow', 'Mr. Tushar Singh', 'I-989, 9 floor Gaur Apartment Noida', 'I-989, 9 floor Gaur Apartment Noida', 7878878787, 'tushar@gmail.com', '2020-02-13 06:06:45', 'Rejected due to incomplete information', 'Rejected', '2020-02-13 14:37:15'),
(3, 2, '555131983', '2020-02-07', 'Male', 'Tarun', 'Merrut', 'R.K Sukla', 'hgtyfrytrftfry', 'tyfyhgyhjgukygkg', 5465644545, 'p@gmail.com', '2020-02-14 12:31:37', NULL, NULL, NULL),
(4, 4, '868843519', '2019-11-09', 'Female', 'Abc', 'Max hospital New Delhi', 'XYZ', 'Mayur Vihar New Delhi', 'Mayur Vihar New Delhi', 9632123698, 'test@gmail.com', '2020-02-20 17:24:53', 'Record verified', 'Verified', '2020-02-20 17:26:10');

-- --------------------------------------------------------

--
-- Table structure for table `tbluser`
--

CREATE TABLE `tbluser` (
  `ID` int(10) NOT NULL,
  `FirstName` varchar(200) DEFAULT NULL,
  `LastName` varchar(200) DEFAULT NULL,
  `MobileNumber` bigint(10) DEFAULT NULL,
  `Address` mediumtext DEFAULT NULL,
  `Password` varchar(200) NOT NULL,
  `RegDate` timestamp NULL DEFAULT current_timestamp()
) ENGINE=InnoDB DEFAULT CHARSET=utf8mb4;

--
-- Dumping data for table `tbluser`
--

INSERT INTO `tbluser` (`ID`, `FirstName`, `LastName`, `MobileNumber`, `Address`, `Password`, `RegDate`) VALUES
(1, 'Himanshu', 'MIshra', 7987897897, 'J&K Block Laxmi Nagar New Delhi', '202cb962ac59075b964b07152d234b70', '2020-02-11 11:26:29'),
(2, 'Meera', 'Jain', 8797977797, 'U-890 VVIP Ghazibad', '202cb962ac59075b964b07152d234b70', '2020-02-11 11:27:35'),
(3, 'Kunal', 'Kumar', 9754774987, 'K-123, Nangloi New Delhi', '202cb962ac59075b964b07152d234b70', '2020-02-19 16:49:03'),
(4, 'Anuj', 'Kumar', 9632123698, 'New Delhi India 110001', '5c428d8875d2948607f3e3fe134d71b4', '2020-02-20 17:23:05'),
(5, 'Adewale', 'Opeyemi', 1234567891, '5,Okesalu street', 'fa6a6bd136dec26a1dd5e326b7e43254', '2021-07-22 05:16:56');

--
-- Indexes for dumped tables
--

--
-- Indexes for table `tbladmin`
--
ALTER TABLE `tbladmin`
  ADD PRIMARY KEY (`ID`);

--
-- Indexes for table `tblapplication`
--
ALTER TABLE `tblapplication`
  ADD PRIMARY KEY (`ID`);

--
-- Indexes for table `tbluser`
--
ALTER TABLE `tbluser`
  ADD PRIMARY KEY (`ID`);

--
-- AUTO_INCREMENT for dumped tables
--

--
-- AUTO_INCREMENT for table `tbladmin`
--
ALTER TABLE `tbladmin`
  MODIFY `ID` int(10) NOT NULL AUTO_INCREMENT, AUTO_INCREMENT=2;

--
-- AUTO_INCREMENT for table `tblapplication`
--
ALTER TABLE `tblapplication`
  MODIFY `ID` int(10) NOT NULL AUTO_INCREMENT, AUTO_INCREMENT=5;

--
-- AUTO_INCREMENT for table `tbluser`
--
ALTER TABLE `tbluser`
  MODIFY `ID` int(10) NOT NULL AUTO_INCREMENT, AUTO_INCREMENT=6;
--
-- Database: `odmsdb`
--
CREATE DATABASE IF NOT EXISTS `odmsdb` DEFAULT CHARACTER SET utf8mb4 COLLATE utf8mb4_general_ci;
USE `odmsdb`;

-- --------------------------------------------------------

--
-- Table structure for table `tbladmin`
--

CREATE TABLE `tbladmin` (
  `ID` int(10) NOT NULL,
  `AdminName` varchar(120) DEFAULT NULL,
  `UserName` varchar(120) DEFAULT NULL,
  `MobileNumber` bigint(10) DEFAULT NULL,
  `Email` varchar(200) DEFAULT NULL,
  `Password` varchar(120) DEFAULT NULL,
  `AdminRegdate` timestamp NULL DEFAULT current_timestamp()
) ENGINE=InnoDB DEFAULT CHARSET=utf8mb4;

--
-- Dumping data for table `tbladmin`
--

INSERT INTO `tbladmin` (`ID`, `AdminName`, `UserName`, `MobileNumber`, `Email`, `Password`, `AdminRegdate`) VALUES
(1, 'Test', 'admin', 5689784589, 'admin@gmail.com', 'f925916e2754e5e03f75dd58a5733251', '2020-01-21 11:48:13');

-- --------------------------------------------------------

--
-- Table structure for table `tblbooking`
--

CREATE TABLE `tblbooking` (
  `ID` int(10) NOT NULL,
  `BookingID` int(10) DEFAULT NULL,
  `ServiceID` int(10) DEFAULT NULL,
  `Name` varchar(200) DEFAULT NULL,
  `MobileNumber` bigint(10) DEFAULT NULL,
  `Email` varchar(200) DEFAULT NULL,
  `EventDate` varchar(200) DEFAULT NULL,
  `EventStartingtime` varchar(200) DEFAULT NULL,
  `EventEndingtime` varchar(200) DEFAULT NULL,
  `VenueAddress` mediumtext DEFAULT NULL,
  `EventType` varchar(200) DEFAULT NULL,
  `AdditionalInformation` mediumtext DEFAULT NULL,
  `BookingDate` timestamp NULL DEFAULT current_timestamp(),
  `Remark` varchar(200) DEFAULT NULL,
  `Status` varchar(200) DEFAULT NULL,
  `UpdationDate` timestamp NULL DEFAULT NULL ON UPDATE current_timestamp()
) ENGINE=InnoDB DEFAULT CHARSET=utf8mb4;

--
-- Dumping data for table `tblbooking`
--

INSERT INTO `tblbooking` (`ID`, `BookingID`, `ServiceID`, `Name`, `MobileNumber`, `Email`, `EventDate`, `EventStartingtime`, `EventEndingtime`, `VenueAddress`, `EventType`, `AdditionalInformation`, `BookingDate`, `Remark`, `Status`, `UpdationDate`) VALUES
(1, 233064613, 1, 'Ashutosh', 8798787977, 'ashu@gmail.com', '2020-01-31', '2 p.m', '10 p.m', 'ABC park, Jawahar Nahar New Delhi ', 'Engagement', 'jguytugvnvjhgh', '2020-01-24 12:46:29', 'Approved', 'Approved', '2020-01-24 13:50:44'),
(2, 750016128, 1, 'Jone', 4654644648, 'jon@gmail.com', '2020-01-30', '2 p.m', '7 p.m', 'Harikesh Nagar Block C JKL park', 'Social', 'kjhiuyughjvhsdadfs', '2020-01-28 05:44:37', 'Approved', 'Approved', '2020-01-28 11:11:17'),
(3, 215398258, 3, 'Kishore Jha', 7846466478, 'kis@gmail.com', '2020-01-29', '1 p.m', '10 p.m', 'Kamla bhadhur road malvi bhavan  New delhi', 'Government', 'kjiououbouiosydieskjfhbbcxmcbjhfkdsfkjdljkdljfkdn', '2020-01-28 05:47:10', 'Approved', 'Approved', '2020-01-28 11:12:01'),
(4, 206423586, 3, 'Gunjan Singh', 5555643433, 'gun@gmail.com', '2020-02-02', '11 a.m', '3 p.m', 'J-234 J&K block laxmi Nager,New Delhi', 'Sangeet', 'ghjgjhuywergcnxcjyhgfsdnbvxnzcgdsygtewghdfc', '2020-01-29 05:37:40', NULL, NULL, NULL),
(5, 365319422, 5, 'Test', 8097867576, 'test@gmail.com', '2020-02-12', '7 p.m', '10 p.m', 'R-789 KW Raj Nagar Ghaziabad', 'Get Together', 'xskjhj nbzxjhgagwejmb gdjswgdscbxzmnb', '2020-01-29 05:39:29', 'Cancelled', 'Cancelled', '2020-01-29 05:44:23'),
(6, 534626649, 6, 'Raj Kumar', 7674343543, 'raj@gmail.com', '2020-01-31', '9 a.m', '4 p.m', 'T-980 Mahagun Noida Sector 62', 'Concert', 'gjydywetyuavxeweytugauygshghwgfdyasywsgdg', '2020-01-29 05:41:01', NULL, NULL, NULL),
(7, 761769920, 1, 'Anuj kumar', 1234567890, 'phpgurukulofficial@gmail.com', '2020-02-29', '6 p.m', '10 p.m', 'New Delhi India', 'Wedding', 'NA', '2020-02-10 15:32:17', 'Test remark', 'Approved', '2020-02-10 15:33:44');

-- --------------------------------------------------------

--
-- Table structure for table `tbleventtype`
--

CREATE TABLE `tbleventtype` (
  `ID` int(10) NOT NULL,
  `EventType` varchar(200) DEFAULT NULL,
  `CreationDate` timestamp NULL DEFAULT current_timestamp()
) ENGINE=InnoDB DEFAULT CHARSET=utf8mb4;

--
-- Dumping data for table `tbleventtype`
--

INSERT INTO `tbleventtype` (`ID`, `EventType`, `CreationDate`) VALUES
(1, 'Anniversary', '2020-01-22 07:01:39'),
(2, 'Birthday Party', '2020-01-22 07:02:34'),
(3, 'Charity', '2020-01-22 07:02:43'),
(4, 'Cocktail', '2020-01-22 07:03:00'),
(5, 'College', '2020-01-22 07:03:11'),
(6, 'Community', '2020-01-22 07:03:24'),
(7, 'Concert', '2020-01-22 07:03:35'),
(8, 'Engagement', '2020-01-22 07:03:51'),
(9, 'Get Together', '2020-01-22 07:04:04'),
(10, 'Government', '2020-01-22 07:04:15'),
(11, 'Night Club', '2020-01-22 07:04:26'),
(13, 'Post Wedding', '2020-01-22 07:05:01'),
(14, 'Pre Engagement', '2020-01-22 07:05:18'),
(15, 'Religious', '2020-01-22 07:05:27'),
(16, 'Sangeet', '2020-01-22 07:05:43'),
(17, 'Social', '2020-01-22 07:05:58'),
(18, 'Wedding', '2020-01-22 07:06:07');

-- --------------------------------------------------------

--
-- Table structure for table `tblpage`
--

CREATE TABLE `tblpage` (
  `ID` int(10) NOT NULL,
  `PageType` varchar(100) DEFAULT NULL,
  `PageTitle` mediumtext DEFAULT NULL,
  `PageDescription` mediumtext DEFAULT NULL,
  `Email` varchar(200) DEFAULT NULL,
  `MobileNumber` bigint(10) DEFAULT NULL,
  `UpdationDate` timestamp NULL DEFAULT NULL ON UPDATE current_timestamp()
) ENGINE=InnoDB DEFAULT CHARSET=utf8mb4;

--
-- Dumping data for table `tblpage`
--

INSERT INTO `tblpage` (`ID`, `PageType`, `PageTitle`, `PageDescription`, `Email`, `MobileNumber`, `UpdationDate`) VALUES
(1, 'aboutus', 'About Us', '<b>Online DJ Management System</b><div><b>ODMS&nbsp;is one of the Internet\'s largest and trusted Online DJ Booking Service. ODMS has done several placements locally &amp; globally for top artists.</b></div><div><b><br></b></div><div><b>&nbsp;Test data for testing.</b></div>', NULL, NULL, '2020-02-10 15:36:25'),
(2, 'contactus', 'Contact Us', 'D-204, Hole Town South West,Delhi-110096,India', 'info@gmail.com', 1234567890, '2020-02-10 15:37:04');

-- --------------------------------------------------------

--
-- Table structure for table `tblservice`
--

CREATE TABLE `tblservice` (
  `ID` int(10) NOT NULL,
  `ServiceName` varchar(200) DEFAULT NULL,
  `SerDes` varchar(250) NOT NULL,
  `ServicePrice` varchar(200) DEFAULT NULL,
  `CreationDate` timestamp NULL DEFAULT current_timestamp()
) ENGINE=InnoDB DEFAULT CHARSET=utf8mb4;

--
-- Dumping data for table `tblservice`
--

INSERT INTO `tblservice` (`ID`, `ServiceName`, `SerDes`, `ServicePrice`, `CreationDate`) VALUES
(1, 'Wedding DJ', '(we install the DJ equipment before your ceremony or after your wedding breakfast)', '800', '2020-01-24 07:17:43'),
(2, 'Party DJ', '(we install the DJ equipment 1 hour before your selected event start time)', '700', '2020-01-24 07:18:32'),
(3, 'Ceremony Music', 'Our ceremony music service is a popular add on to our wedding DJ stay all day hire.', '650', '2020-01-24 07:19:14'),
(4, 'Photo Booth Hire', '(early equipment setup included)', '500', '2020-01-24 07:19:51'),
(5, 'Karaoke Add-on', 'Karaoke is a great alternative to a disco. Its perfect for staff parties and childrens parties.', '450', '2020-01-24 07:20:36'),
(6, 'Uplighters', 'Uplighters are bright lighting fixtures which are installed on the floor and shine a vibrant wash of colour over the walls of your venue', '200', '2020-01-24 07:21:14');

-- --------------------------------------------------------

--
-- Table structure for table `tbluser`
--

CREATE TABLE `tbluser` (
  `ID` int(10) NOT NULL,
  `Name` varchar(200) DEFAULT NULL,
  `MobileNumber` bigint(10) DEFAULT NULL,
  `Email` varchar(200) DEFAULT NULL,
  `Message` mediumtext DEFAULT NULL,
  `MsgDate` timestamp NULL DEFAULT current_timestamp(),
  `IsRead` int(5) DEFAULT NULL
) ENGINE=InnoDB DEFAULT CHARSET=utf8mb4;

--
-- Dumping data for table `tbluser`
--

INSERT INTO `tbluser` (`ID`, `Name`, `MobileNumber`, `Email`, `Message`, `MsgDate`, `IsRead`) VALUES
(1, 'Test', 7887878787, 'test@gmail.com', 'Hello', '2020-01-24 07:00:34', 1),
(2, 'Poonam', 5545445444, 'poonam@yahoo.com', 'Hello Iwan to know you are take booking for Haryana', '2020-01-24 07:02:57', 1),
(3, 'Test', 7654659878, 'test@gmail.com', 'Sample test.', '2020-01-29 06:05:08', NULL),
(4, 'Anuj', 9999857867, 'phpgurukulofficial@gmail.com', 'NA', '2020-02-10 15:37:38', 1);

--
-- Indexes for dumped tables
--

--
-- Indexes for table `tbladmin`
--
ALTER TABLE `tbladmin`
  ADD PRIMARY KEY (`ID`);

--
-- Indexes for table `tblbooking`
--
ALTER TABLE `tblbooking`
  ADD PRIMARY KEY (`ID`),
  ADD KEY `ServiceID` (`ServiceID`),
  ADD KEY `EventType` (`EventType`);

--
-- Indexes for table `tbleventtype`
--
ALTER TABLE `tbleventtype`
  ADD PRIMARY KEY (`ID`),
  ADD KEY `EventType` (`EventType`);

--
-- Indexes for table `tblpage`
--
ALTER TABLE `tblpage`
  ADD PRIMARY KEY (`ID`);

--
-- Indexes for table `tblservice`
--
ALTER TABLE `tblservice`
  ADD PRIMARY KEY (`ID`),
  ADD KEY `ID` (`ID`);

--
-- Indexes for table `tbluser`
--
ALTER TABLE `tbluser`
  ADD PRIMARY KEY (`ID`);

--
-- AUTO_INCREMENT for dumped tables
--

--
-- AUTO_INCREMENT for table `tbladmin`
--
ALTER TABLE `tbladmin`
  MODIFY `ID` int(10) NOT NULL AUTO_INCREMENT, AUTO_INCREMENT=2;

--
-- AUTO_INCREMENT for table `tblbooking`
--
ALTER TABLE `tblbooking`
  MODIFY `ID` int(10) NOT NULL AUTO_INCREMENT, AUTO_INCREMENT=8;

--
-- AUTO_INCREMENT for table `tbleventtype`
--
ALTER TABLE `tbleventtype`
  MODIFY `ID` int(10) NOT NULL AUTO_INCREMENT, AUTO_INCREMENT=20;

--
-- AUTO_INCREMENT for table `tblpage`
--
ALTER TABLE `tblpage`
  MODIFY `ID` int(10) NOT NULL AUTO_INCREMENT, AUTO_INCREMENT=3;

--
-- AUTO_INCREMENT for table `tblservice`
--
ALTER TABLE `tblservice`
  MODIFY `ID` int(10) NOT NULL AUTO_INCREMENT, AUTO_INCREMENT=8;

--
-- AUTO_INCREMENT for table `tbluser`
--
ALTER TABLE `tbluser`
  MODIFY `ID` int(10) NOT NULL AUTO_INCREMENT, AUTO_INCREMENT=5;
--
-- Database: `onlineblog`
--
CREATE DATABASE IF NOT EXISTS `onlineblog` DEFAULT CHARACTER SET utf8mb4 COLLATE utf8mb4_general_ci;
USE `onlineblog`;

-- --------------------------------------------------------

--
-- Table structure for table `comments`
--

CREATE TABLE `comments` (
  `postID` int(11) NOT NULL,
  `commentID` int(11) NOT NULL,
  `commentDesc` varchar(500) NOT NULL,
  `commentAuthor` varchar(500) NOT NULL,
  `commentTime` timestamp NOT NULL DEFAULT current_timestamp() ON UPDATE current_timestamp()
) ENGINE=InnoDB DEFAULT CHARSET=latin1;

--
-- Dumping data for table `comments`
--

INSERT INTO `comments` (`postID`, `commentID`, `commentDesc`, `commentAuthor`, `commentTime`) VALUES
(2, 3, 'yuppy', 'qt', '2015-08-22 12:36:50'),
(2, 4, 'nice :-)', 'qt', '2015-08-22 12:36:59'),
(2, 5, 'nice op you are great !!', 'qt', '2015-08-22 12:37:21'),
(6, 7, 'nice :P', 'qt', '2015-08-22 12:41:19'),
(6, 8, 'cuteee :P', 'qt', '2015-08-22 12:55:13'),
(6, 9, 'Very good line The college has well-established Central Learning resource centers like Central library, Central Computer Centre, Entrepreneurship Development Cell, Continuing Education Centre and Physical Education Section. The college also has a very active Training & Placement section. ', 'qt', '2015-08-22 13:05:11'),
(6, 10, 'My comment', 'qt', '2015-08-22 13:14:45'),
(6, 11, '          Really appriciable _/\\_', 'rtkasodariya', '2015-08-22 13:17:38'),
(0, 12, 'dklvn', 'qt', '2015-08-22 13:34:42'),
(6, 13, '          test comment', 'rtkasodariya', '2015-08-23 08:10:05'),
(6, 14, '          opps', 'rtkasodariya', '2015-08-23 16:30:09'),
(6, 15, '          I am witness', 'qt', '2015-08-30 13:36:24'),
(7, 16, '    Thanks', 'qt', '2015-09-02 08:00:32'),
(7, 17, '          Nice Explanation :-)', 'rtkasodariya', '2015-09-02 08:01:13'),
(2, 18, '          Very well... Good start..', 'rtkasodariya', '2015-09-02 08:05:22');

-- --------------------------------------------------------

--
-- Table structure for table `messages`
--

CREATE TABLE `messages` (
  `id` int(11) NOT NULL,
  `name` varchar(100) NOT NULL,
  `email` varchar(100) NOT NULL,
  `message` varchar(500) NOT NULL,
  `time` datetime NOT NULL DEFAULT current_timestamp()
) ENGINE=InnoDB DEFAULT CHARSET=latin1;

--
-- Dumping data for table `messages`
--

INSERT INTO `messages` (`id`, `name`, `email`, `message`, `time`) VALUES
(1, ' rtkasodariya', 'kasodariyarajan@gmail.com', 'dfvd', '2015-09-06 20:03:55'),
(2, ' spy_007', 'yashgolechha@ymail.com', 'popat', '2015-09-06 20:03:55');

-- --------------------------------------------------------

--
-- Table structure for table `posts`
--

CREATE TABLE `posts` (
  `postID` int(11) NOT NULL,
  `postTitle` varchar(200) NOT NULL,
  `postDesc` varchar(10000) NOT NULL,
  `postTime` timestamp NOT NULL DEFAULT current_timestamp() ON UPDATE current_timestamp(),
  `postTag` varchar(40) NOT NULL,
  `postAuthor` varchar(40) NOT NULL
) ENGINE=InnoDB DEFAULT CHARSET=latin1;

--
-- Dumping data for table `posts`
--

INSERT INTO `posts` (`postID`, `postTitle`, `postDesc`, `postTime`, `postTag`, `postAuthor`) VALUES
(2, 'op', 'op', '2015-08-12 09:51:46', 'dp', 'sai'),
(5, 'Hello', '<p>Recently I made one&nbsp;one blog expcode.wordpress.com. <img alt=\"enlightened\" src=\"http://localhost/Blog/ckeditor/plugins/smiley/images/lightbulb.png\" style=\"height:23px; width:23px\" title=\"enlightened\" /></p>\r\n\r\n<p>Follow and contribute . <img alt=\"blush\" src=\"http://localhost/Blog/ckeditor/plugins/smiley/images/embarrassed_smile.png\" style=\"height:23px; width:23px\" title=\"blush\" /></p>\r\n\r\n<p>Thanks</p>\r\n', '2015-08-21 14:24:13', 'blog', 'expcode'),
(6, 'ACM NIT Surat', '<p>Sardar Vallabhbhai National Institute Of Technology, Surat is one of the 17 Regional Engineering Colleges that were established as joint venture of the Government of India and the Government of Gujarat. It was established in June 1961 with facilities to run Bachelor&#39;s Degree Programmes in Civil, Electrical and Mechanical Engineering disciplines. It is now changed to National Institute of Technology along with other RECs.&nbsp;<br />\r\n<br />\r\nThe college has now been given the status of Deemed University.&nbsp;<br />\r\n<br />\r\nThe college has well-established Central Learning resource centers like Central library, Central Computer Centre, Entrepreneurship Development Cell, Continuing Education Centre and Physical Education Section. The college also has a very active Training &amp; Placement section.&nbsp;<br />\r\n<br />\r\nThe college has a campus of its own, spread over 100 hectares of land on the Surat-Dumas Highway. The college is progressing with the construction of the buildings of the academic sector. The college is having in all seven hostels, six for boys &amp; one for girls students, accommodating 990 students. The total of 191 units of staff quarters for different categories have been built on the campus. The college has a Canteen, a Students Store, a Dispensary, a Guest House, a Post Office, a branch of the State Bank of India and play ground for some of the major games, viz. Football, Basketball, Volleyball and Cricket.</p>\r\n', '2015-08-22 09:55:25', 'acm', 'qt'),
(7, 'GIVEN', '<p><strong>Problem Statement :&nbsp;</strong><br />\r\nGiven an array of stock prices for each day. We need to find out maximum profit that can be earned by one transaction (Buy and sell only one time).<br />\r\n<strong>Example :&nbsp;</strong><br />\r\nTake an example Stock Prices :&nbsp;<strong>100 &ndash; &nbsp;80 &ndash; 120 &ndash; 130 &ndash; 70 &nbsp;&ndash; 60 &nbsp;&ndash; &nbsp;100 &nbsp;&ndash; &nbsp;125.</strong><br />\r\nSo Buy stock at Rs.&nbsp;<strong>60</strong>&nbsp;and sell it at&nbsp;<strong>125</strong>. Maximum profit is&nbsp;<strong>65</strong>.</p>\r\n\r\n<p><strong>1. Naive Approach :&nbsp;</strong><br />\r\nNaive approach tooks time complexity O(n<sup>2</sup>). In this method buy stock at&nbsp;<strong>i</strong>&nbsp;th day and then check for all&nbsp;<strong>i</strong>&nbsp;to&nbsp;<strong>n</strong>&nbsp;day for maximum stock value.</p>\r\n\r\n<p><strong>Algorithm :</strong></p>\r\n\r\n<p>Function : FindMaximumProfit( StockPrices , N )</p>\r\n\r\n<ol>\r\n	<li>max_profit = -&prop;</li>\r\n	<li>for i = 1 to N</li>\r\n	<li>&nbsp; &nbsp; &nbsp;for j=i to N</li>\r\n	<li>&nbsp; &nbsp; &nbsp; &nbsp; &nbsp; &nbsp;max_profit = max( max_profit , a[ j ] &nbsp;&ndash; a[ i ] )</li>\r\n</ol>\r\n\r\n<p><strong>2. Dynamic programming Approach.</strong></p>\r\n\r\n<p style=\"text-align: center;\"><a href=\"https://expcode.files.wordpress.com/2015/08/stock-buy-and-sell1.png\"><img alt=\"Stock - Buy and Sell\" src=\"https://expcode.files.wordpress.com/2015/08/stock-buy-and-sell1.png?w=620\" /></a><br />\r\nThink about each selling possibility. We must sell between day&nbsp;<strong>1</strong>&nbsp;to day&nbsp;<strong>N</strong>. So if we are selling stock at&nbsp;<strong>i</strong>th day we must have bought it when it has lowest prize between days&nbsp;<strong>1</strong>&nbsp;to&nbsp;<strong>i</strong>&nbsp;. Let&rsquo;s think about 3rd day. So assume we are Selling our stock on 3rd day. So we must have bought it between day 1 to day 3 whenever price was lowest. Here lowest is 80 from day 1 to 3. So if we sell Stock on day 3 we can get maximim profit 40.</p>\r\n\r\n<p>This can be stated as below.<br />\r\nMaximim profit if we sell stock on ith day.<br />\r\nMax_profit = StockPrice on&nbsp;<strong>i</strong><sup>th</sup>&nbsp;day(selling price) &ndash; &nbsp;minimum price between day 1 to day i (buying price)</p>\r\n\r\n<p><strong>Algorithm :&nbsp;</strong></p>\r\n\r\n<ol>\r\n	<li>min_buying_price =&nbsp;&prop;</li>\r\n	<li>max_profit &nbsp;= &ndash;&nbsp;&prop;</li>\r\n	<li>for i= 1 to N</li>\r\n	<li>&nbsp; &nbsp; &nbsp;min_buying_price = min( min_buying_price , a[ i ] )</li>\r\n	<li>&nbsp; &nbsp; &nbsp;benifit_if_sell_today &nbsp;= &nbsp;a[ i ] &ndash; min_buying_price</li>\r\n	<li>&nbsp; &nbsp; &nbsp;max_benifit = max(benifit_if_sell_today , max_benifit &nbsp;)</li>\r\n</ol>\r\n\r\n<p><strong>Implementation :&nbsp;</strong></p>\r\n\r\n<table border=\"0\" cellpadding=\"0\" cellspacing=\"0\">\r\n	<tbody>\r\n		<tr>\r\n			<td>\r\n			<p>1</p>\r\n\r\n			<p>2</p>\r\n\r\n			<p>3</p>\r\n\r\n			<p>4</p>\r\n\r\n			<p>5</p>\r\n\r\n			<p>6</p>\r\n\r\n			<p>7</p>\r\n\r\n			<p>8</p>\r\n\r\n			<p>9</p>\r\n\r\n			<p>10</p>\r\n\r\n			<p>11</p>\r\n\r\n			<p>12</p>\r\n\r\n			<p>13</p>\r\n\r\n			<p>14</p>\r\n			</td>\r\n			<td>\r\n			<p><code>int</code> <code>findMaximumProfit(</code><code>int</code> <code>a[] , </code><code>int</code> <code>n) {</code></p>\r\n\r\n			<p>&nbsp;</p>\r\n\r\n			<p><code>&nbsp;&nbsp;&nbsp;&nbsp;</code><code>int</code> <code>MIN=INT_MAX;</code></p>\r\n\r\n			<p><code>&nbsp;&nbsp;&nbsp;&nbsp;</code><code>int</code> <code>benifit , max_benifit=INT_MIN;</code></p>\r\n\r\n			<p>&nbsp;</p>\r\n\r\n			<p><code>&nbsp;&nbsp;&nbsp;&nbsp;</code><code>for</code><code>(</code><code>int</code> <code>i=0;i</code></p>\r\n\r\n			<p><code><code>&nbsp;&nbsp;&nbsp;&nbsp;&nbsp;&nbsp;&nbsp;&nbsp;</code><code>MIN = min(MIN , a[i]);</code></code></p>\r\n\r\n			<p><code><code>&nbsp;&nbsp;&nbsp;&nbsp;&nbsp;&nbsp;&nbsp;&nbsp;</code><code>benifit=a[i] - MIN;</code></code></p>\r\n\r\n			<p><code><code>&nbsp;&nbsp;&nbsp;&nbsp;&nbsp;&nbsp;&nbsp;&nbsp;</code><code>max_benifit=max(benifit , max_benifit);</code></code></p>\r\n\r\n			<p><code>&nbsp;</code></p>\r\n\r\n			<p><code><code>&nbsp;&nbsp;&nbsp;&nbsp;</code><code>}</code></code></p>\r\n\r\n			<p><code>&nbsp;</code></p>\r\n\r\n			<p><code><code>&nbsp;&nbsp;&nbsp;&nbsp;</code><code>return</code> <code>max_benifit;</code></code></p>\r\n\r\n			<p><code><code>}</code></code></p>\r\n			</td>\r\n		</tr>\r\n	</tbody>\r\n</table>\r\n', '2015-09-06 15:08:35', 'DP', 'qt'),
(16, 'qt1', '<p>qt2</p>\r\n', '2015-09-06 13:44:27', 'qt3', 'qt');

-- --------------------------------------------------------

--
-- Table structure for table `posts_buffer`
--

CREATE TABLE `posts_buffer` (
  `postID` int(11) NOT NULL,
  `postTitle` varchar(100) NOT NULL,
  `postDesc` varchar(5000) NOT NULL,
  `postTime` timestamp NOT NULL DEFAULT current_timestamp(),
  `postTag` varchar(20) NOT NULL,
  `postAuthor` varchar(20) NOT NULL
) ENGINE=InnoDB DEFAULT CHARSET=latin1;

-- --------------------------------------------------------

--
-- Table structure for table `users`
--

CREATE TABLE `users` (
  `id` int(11) NOT NULL,
  `username` varchar(40) NOT NULL,
  `firstname` varchar(40) NOT NULL,
  `password` varchar(40) NOT NULL,
  `emailid` varchar(40) NOT NULL,
  `createdon` timestamp NOT NULL DEFAULT current_timestamp() ON UPDATE current_timestamp(),
  `usertype` varchar(50) NOT NULL DEFAULT 'normal'
) ENGINE=InnoDB DEFAULT CHARSET=latin1;

--
-- Dumping data for table `users`
--

INSERT INTO `users` (`id`, `username`, `firstname`, `password`, `emailid`, `createdon`, `usertype`) VALUES
(1, 'qt', 'Rajan Kasodariya', 'qt', 'qt@gmail.com', '2015-08-19 12:57:02', 'normal'),
(2, 'rtkasodariya', 'Rajan', '123', '123@gmail.com', '2015-08-12 18:00:05', 'normal'),
(5, 'expcode', 'Expert Code', 'rajan', 'expcode@gmail.com', '2015-08-21 14:01:26', 'normal'),
(6, 'admin', 'admin', 'admin', 'admin@admin.com', '2015-08-22 13:34:00', 'admin');

-- --------------------------------------------------------

--
-- Table structure for table `users_buffer`
--

CREATE TABLE `users_buffer` (
  `id` int(11) NOT NULL,
  `username` varchar(20) NOT NULL,
  `firstname` varchar(40) NOT NULL,
  `password` varchar(40) NOT NULL,
  `emailid` varchar(40) NOT NULL,
  `createdon` timestamp NOT NULL DEFAULT current_timestamp(),
  `usertype` varchar(20) NOT NULL DEFAULT 'nornal'
) ENGINE=InnoDB DEFAULT CHARSET=latin1;

-- --------------------------------------------------------

--
-- Table structure for table `user_post`
--

CREATE TABLE `user_post` (
  `postAuthor` varchar(40) NOT NULL,
  `postID` int(11) NOT NULL,
  `postLikes` int(11) NOT NULL DEFAULT 0,
  `postDisLikes` int(11) NOT NULL,
  `postComments` int(11) NOT NULL DEFAULT 0,
  `postViews` int(11) NOT NULL DEFAULT 0
) ENGINE=InnoDB DEFAULT CHARSET=latin1 COMMENT='User and Post relation Table';

--
-- Dumping data for table `user_post`
--

INSERT INTO `user_post` (`postAuthor`, `postID`, `postLikes`, `postDisLikes`, `postComments`, `postViews`) VALUES
('qt', 1, 4, 0, 0, 20),
('sai', 2, 0, 0, 0, 7),
('expcode', 5, 0, 0, 0, 48),
('qt', 6, 0, 0, 0, 127),
('qt', 7, 0, 0, 0, 10),
('qt', 16, 0, 0, 0, 1);

--
-- Indexes for dumped tables
--

--
-- Indexes for table `comments`
--
ALTER TABLE `comments`
  ADD UNIQUE KEY `commentID` (`commentID`);

--
-- Indexes for table `messages`
--
ALTER TABLE `messages`
  ADD PRIMARY KEY (`id`);

--
-- Indexes for table `posts`
--
ALTER TABLE `posts`
  ADD PRIMARY KEY (`postID`),
  ADD UNIQUE KEY `postTitle` (`postTitle`);

--
-- Indexes for table `posts_buffer`
--
ALTER TABLE `posts_buffer`
  ADD PRIMARY KEY (`postID`);

--
-- Indexes for table `users`
--
ALTER TABLE `users`
  ADD PRIMARY KEY (`id`),
  ADD UNIQUE KEY `username` (`username`);

--
-- Indexes for table `users_buffer`
--
ALTER TABLE `users_buffer`
  ADD PRIMARY KEY (`id`),
  ADD UNIQUE KEY `username` (`username`,`emailid`);

--
-- Indexes for table `user_post`
--
ALTER TABLE `user_post`
  ADD PRIMARY KEY (`postID`),
  ADD UNIQUE KEY `postID` (`postID`);

--
-- AUTO_INCREMENT for dumped tables
--

--
-- AUTO_INCREMENT for table `comments`
--
ALTER TABLE `comments`
  MODIFY `commentID` int(11) NOT NULL AUTO_INCREMENT, AUTO_INCREMENT=19;

--
-- AUTO_INCREMENT for table `messages`
--
ALTER TABLE `messages`
  MODIFY `id` int(11) NOT NULL AUTO_INCREMENT, AUTO_INCREMENT=3;

--
-- AUTO_INCREMENT for table `posts`
--
ALTER TABLE `posts`
  MODIFY `postID` int(11) NOT NULL AUTO_INCREMENT, AUTO_INCREMENT=17;

--
-- AUTO_INCREMENT for table `posts_buffer`
--
ALTER TABLE `posts_buffer`
  MODIFY `postID` int(11) NOT NULL AUTO_INCREMENT, AUTO_INCREMENT=10;

--
-- AUTO_INCREMENT for table `users`
--
ALTER TABLE `users`
  MODIFY `id` int(11) NOT NULL AUTO_INCREMENT, AUTO_INCREMENT=8;

--
-- AUTO_INCREMENT for table `users_buffer`
--
ALTER TABLE `users_buffer`
  MODIFY `id` int(11) NOT NULL AUTO_INCREMENT, AUTO_INCREMENT=5;
--
-- Database: `online_rest`
--
CREATE DATABASE IF NOT EXISTS `online_rest` DEFAULT CHARACTER SET utf8mb4 COLLATE utf8mb4_general_ci;
USE `online_rest`;

-- --------------------------------------------------------

--
-- Table structure for table `admin`
--

CREATE TABLE `admin` (
  `adm_id` int(222) NOT NULL,
  `username` varchar(222) NOT NULL,
  `password` varchar(222) NOT NULL,
  `email` varchar(222) NOT NULL,
  `code` varchar(222) NOT NULL,
  `date` timestamp NOT NULL DEFAULT current_timestamp() ON UPDATE current_timestamp()
) ENGINE=InnoDB DEFAULT CHARSET=latin1;

--
-- Dumping data for table `admin`
--

INSERT INTO `admin` (`adm_id`, `username`, `password`, `email`, `code`, `date`) VALUES
(6, 'admin', '81dc9bdb52d04dc20036dbd8313ed055', 'admin@gmail.com', '', '2018-04-09 07:36:18'),
(8, 'abc888', '6d0361d5777656072438f6e314a852bc', 'abc@gmail.com', 'QX5ZMN', '2018-04-13 18:12:30');

-- --------------------------------------------------------

--
-- Table structure for table `admin_codes`
--

CREATE TABLE `admin_codes` (
  `id` int(222) NOT NULL,
  `codes` varchar(6) NOT NULL
) ENGINE=InnoDB DEFAULT CHARSET=latin1;

--
-- Dumping data for table `admin_codes`
--

INSERT INTO `admin_codes` (`id`, `codes`) VALUES
(1, 'QX5ZMN'),
(2, 'QFE6ZM'),
(3, 'QMZR92'),
(4, 'QPGIOV'),
(5, 'QSTE52'),
(6, 'QMTZ2J');

-- --------------------------------------------------------

--
-- Table structure for table `dishes`
--

CREATE TABLE `dishes` (
  `d_id` int(222) NOT NULL,
  `rs_id` int(222) NOT NULL,
  `title` varchar(222) NOT NULL,
  `slogan` varchar(222) NOT NULL,
  `price` decimal(10,2) NOT NULL,
  `img` varchar(222) NOT NULL
) ENGINE=InnoDB DEFAULT CHARSET=latin1;

--
-- Dumping data for table `dishes`
--

INSERT INTO `dishes` (`d_id`, `rs_id`, `title`, `slogan`, `price`, `img`) VALUES
(11, 48, 'Bonefish', 'Three ounces of lightly seasoned fresh tilapia ', '55.77', '5ad7582e2ec9c.jpg'),
(12, 48, 'Hard Rock Cafe', 'A mix of chopped lettuces, shredded cheese, chicken cubes', '22.12', '5ad7590d9702b.jpg'),
(13, 49, 'Uno Pizzeria & Grill', 'Kids can choose their pasta shape, type of sauce, favorite veggies (like broccoli or mushrooms)', '12.35', '5ad7597aa0479.jpg'),
(14, 50, 'Red Robins Chick on a Stick', 'Plain grilled chicken breast? Blah.', '34.99', '5ad759e1546fc.jpg'),
(15, 51, 'Lyfe Kitchens Tofu Taco', 'This chain, known for a wide selection of vegetarian and vegan choices', '11.99', '5ad75a1869e93.jpg'),
(16, 52, 'Houlihans Mini Cheeseburger', 'Creekstone Farms, where no antibiotics or growth hormones are used', '22.55', '5ad75a5dbb329.jpg'),
(17, 53, 'jklmno', 'great taste great whatever', '17.99', '5ad79fcf59e66.jpg');

-- --------------------------------------------------------

--
-- Table structure for table `remark`
--

CREATE TABLE `remark` (
  `id` int(11) NOT NULL,
  `frm_id` int(11) NOT NULL,
  `status` varchar(255) NOT NULL,
  `remark` mediumtext NOT NULL,
  `remarkDate` timestamp NOT NULL DEFAULT current_timestamp()
) ENGINE=InnoDB DEFAULT CHARSET=latin1;

--
-- Dumping data for table `remark`
--

INSERT INTO `remark` (`id`, `frm_id`, `status`, `remark`, `remarkDate`) VALUES
(62, 32, 'in process', 'hi', '2018-04-18 17:35:52'),
(63, 32, 'closed', 'cc', '2018-04-18 17:36:46'),
(64, 32, 'in process', 'fff', '2018-04-18 18:01:37'),
(65, 32, 'closed', 'its delv', '2018-04-18 18:08:55'),
(66, 34, 'in process', 'on a way', '2018-04-18 18:56:32'),
(67, 35, 'closed', 'ok', '2018-04-18 18:59:08'),
(68, 37, 'in process', 'on the way!', '2018-04-18 19:50:06'),
(69, 37, 'rejected', 'if admin cancel for any reason this box is for remark only for buter perposes', '2018-04-18 19:51:19'),
(70, 37, 'closed', 'delivered success', '2018-04-18 19:51:50');

-- --------------------------------------------------------

--
-- Table structure for table `restaurant`
--

CREATE TABLE `restaurant` (
  `rs_id` int(222) NOT NULL,
  `c_id` int(222) NOT NULL,
  `title` varchar(222) NOT NULL,
  `email` varchar(222) NOT NULL,
  `phone` varchar(222) NOT NULL,
  `url` varchar(222) NOT NULL,
  `o_hr` varchar(222) NOT NULL,
  `c_hr` varchar(222) NOT NULL,
  `o_days` varchar(222) NOT NULL,
  `address` text NOT NULL,
  `image` text NOT NULL,
  `date` timestamp NOT NULL DEFAULT current_timestamp() ON UPDATE current_timestamp()
) ENGINE=InnoDB DEFAULT CHARSET=latin1;

--
-- Dumping data for table `restaurant`
--

INSERT INTO `restaurant` (`rs_id`, `c_id`, `title`, `email`, `phone`, `url`, `o_hr`, `c_hr`, `o_days`, `address`, `image`, `date`) VALUES
(48, 5, 'Hari Burger', 'HariBurger@gmail.com', ' 090412 64676', 'HariBurger.com', '7am', '4pm', 'mon-tue', ' Palace,   natwar jalandhar', '5ad74ce37c383.jpg', '2018-04-18 13:49:23'),
(49, 5, 'The Great Kabab Factory', 'kwbab@gmail.com', '011 2677 9070', 'kwbab.com', '6am', '5pm', 'mon-fri', 'Radisson Blu Plaza Hotel, Delhi Airport, NH-8, New Delhi, 110037', '5ad74de005016.jpg', '2018-04-18 13:53:36'),
(50, 6, 'Aarkay Vaishno Dhaba', 'Vaishno@gmail.com', '090410 35147', 'Vaishno.com', '6am', '6pm', 'mon-sat', 'Bhargav Nagar, Jalandhar - Nakodar Rd, Jalandhar, Punjab 144003', '5ad74e5310ae4.jpg', '2018-04-18 13:55:31'),
(51, 7, 'Martini', 'martin@gmail.com', '3454345654', 'martin.com', '8am', '4pm', 'mon-thu', '399 L Near Apple Showroom, Model Town,', '5ad74ebf1d103.jpg', '2018-04-18 13:57:19'),
(52, 8, 'hudson', 'hud@gmail.com', '2345434567', 'hudson.com', '6am', '7pm', 'mon-fri', 'Opposite Lovely Sweets, Nakodar Road, Jalandhar, Punjab 144001', '5ad756f1429e3.jpg', '2018-04-18 14:32:17'),
(53, 9, 'kriyana store', 'kari@gmail.com', '4512545784', 'kari.com', '7am', '7pm', 'mon-sat', 'near kalu gali hotel india what everrrr.', '5ad79e7d01c5a.jpg', '2018-04-18 19:37:33');

-- --------------------------------------------------------

--
-- Table structure for table `res_category`
--

CREATE TABLE `res_category` (
  `c_id` int(222) NOT NULL,
  `c_name` varchar(222) NOT NULL,
  `date` timestamp NOT NULL DEFAULT current_timestamp() ON UPDATE current_timestamp()
) ENGINE=InnoDB DEFAULT CHARSET=latin1;

--
-- Dumping data for table `res_category`
--

INSERT INTO `res_category` (`c_id`, `c_name`, `date`) VALUES
(5, 'grill', '2018-04-14 18:45:28'),
(6, 'pizza', '2018-04-14 18:44:56'),
(7, 'pasta', '2018-04-14 18:45:13'),
(8, 'thaifood', '2018-04-14 18:32:56'),
(9, 'fish', '2018-04-14 18:44:33');

-- --------------------------------------------------------

--
-- Table structure for table `users`
--

CREATE TABLE `users` (
  `u_id` int(222) NOT NULL,
  `username` varchar(222) NOT NULL,
  `f_name` varchar(222) NOT NULL,
  `l_name` varchar(222) NOT NULL,
  `email` varchar(222) NOT NULL,
  `phone` varchar(222) NOT NULL,
  `password` varchar(222) NOT NULL,
  `address` text NOT NULL,
  `status` int(222) NOT NULL DEFAULT 1,
  `date` timestamp NOT NULL DEFAULT current_timestamp() ON UPDATE current_timestamp()
) ENGINE=InnoDB DEFAULT CHARSET=latin1;

--
-- Dumping data for table `users`
--

INSERT INTO `users` (`u_id`, `username`, `f_name`, `l_name`, `email`, `phone`, `password`, `address`, `status`, `date`) VALUES
(31, 'navjot789', 'navjot', 'singh', 'ns949405@gmail.com', '9041240385', '6d0361d5777656072438f6e314a852bc', 'badri col phase 2', 1, '2018-04-18 10:05:03'),
(32, 'navjot890', 'nav', 'singh', 'nds949405@gmail.com', '6232125458', '6d0361d5777656072438f6e314a852bc', 'badri col phase 1', 1, '2018-04-18 09:50:56'),
(33, 'Romuald01', 'Romuald', 'Degbe', 'romualdadjimagbe2018@gmail.com', '09077777777', 'af5a9f38d9eeaffebd138ea659249029', 'pahayi', 1, '2021-09-06 14:32:09'),
(34, 'admin', 'Adewale', 'Opeyemi', 'seyiadewale@gmail.com', '0909998877', 'dce44e278bb087fdd9c1038b91aed6c1', '5,Okesalu street', 1, '2021-09-09 18:41:56');

-- --------------------------------------------------------

--
-- Table structure for table `users_orders`
--

CREATE TABLE `users_orders` (
  `o_id` int(222) NOT NULL,
  `u_id` int(222) NOT NULL,
  `title` varchar(222) NOT NULL,
  `quantity` int(222) NOT NULL,
  `price` decimal(10,2) NOT NULL,
  `status` varchar(222) DEFAULT NULL,
  `date` timestamp NOT NULL DEFAULT current_timestamp() ON UPDATE current_timestamp()
) ENGINE=InnoDB DEFAULT CHARSET=latin1;

--
-- Dumping data for table `users_orders`
--

INSERT INTO `users_orders` (`o_id`, `u_id`, `title`, `quantity`, `price`, `status`, `date`) VALUES
(37, 31, 'jklmno', 5, '17.99', 'closed', '2018-04-18 19:51:50'),
(38, 31, 'Red Robins Chick on a Stick', 2, '34.99', NULL, '2018-04-18 19:52:34'),
(39, 33, 'Bonefish', 99, '55.77', NULL, '2021-09-06 14:33:15'),
(40, 33, 'Bonefish', 99, '55.77', NULL, '2021-09-06 14:33:28'),
(41, 33, 'Bonefish', 99, '55.77', NULL, '2021-09-06 14:34:15'),
(42, 34, 'Bonefish', 16, '55.77', NULL, '2021-09-09 18:45:28'),
(43, 34, 'Bonefish', 654, '55.77', NULL, '2021-09-09 19:13:55'),
(44, 34, 'Bonefish', 654, '55.77', NULL, '2021-09-09 19:14:53');

--
-- Indexes for dumped tables
--

--
-- Indexes for table `admin`
--
ALTER TABLE `admin`
  ADD PRIMARY KEY (`adm_id`);

--
-- Indexes for table `admin_codes`
--
ALTER TABLE `admin_codes`
  ADD PRIMARY KEY (`id`);

--
-- Indexes for table `dishes`
--
ALTER TABLE `dishes`
  ADD PRIMARY KEY (`d_id`);

--
-- Indexes for table `remark`
--
ALTER TABLE `remark`
  ADD PRIMARY KEY (`id`);

--
-- Indexes for table `restaurant`
--
ALTER TABLE `restaurant`
  ADD PRIMARY KEY (`rs_id`);

--
-- Indexes for table `res_category`
--
ALTER TABLE `res_category`
  ADD PRIMARY KEY (`c_id`);

--
-- Indexes for table `users`
--
ALTER TABLE `users`
  ADD PRIMARY KEY (`u_id`);

--
-- Indexes for table `users_orders`
--
ALTER TABLE `users_orders`
  ADD PRIMARY KEY (`o_id`);

--
-- AUTO_INCREMENT for dumped tables
--

--
-- AUTO_INCREMENT for table `admin`
--
ALTER TABLE `admin`
  MODIFY `adm_id` int(222) NOT NULL AUTO_INCREMENT, AUTO_INCREMENT=9;

--
-- AUTO_INCREMENT for table `admin_codes`
--
ALTER TABLE `admin_codes`
  MODIFY `id` int(222) NOT NULL AUTO_INCREMENT, AUTO_INCREMENT=7;

--
-- AUTO_INCREMENT for table `dishes`
--
ALTER TABLE `dishes`
  MODIFY `d_id` int(222) NOT NULL AUTO_INCREMENT, AUTO_INCREMENT=18;

--
-- AUTO_INCREMENT for table `remark`
--
ALTER TABLE `remark`
  MODIFY `id` int(11) NOT NULL AUTO_INCREMENT, AUTO_INCREMENT=71;

--
-- AUTO_INCREMENT for table `restaurant`
--
ALTER TABLE `restaurant`
  MODIFY `rs_id` int(222) NOT NULL AUTO_INCREMENT, AUTO_INCREMENT=54;

--
-- AUTO_INCREMENT for table `res_category`
--
ALTER TABLE `res_category`
  MODIFY `c_id` int(222) NOT NULL AUTO_INCREMENT, AUTO_INCREMENT=11;

--
-- AUTO_INCREMENT for table `users`
--
ALTER TABLE `users`
  MODIFY `u_id` int(222) NOT NULL AUTO_INCREMENT, AUTO_INCREMENT=35;

--
-- AUTO_INCREMENT for table `users_orders`
--
ALTER TABLE `users_orders`
  MODIFY `o_id` int(222) NOT NULL AUTO_INCREMENT, AUTO_INCREMENT=45;
--
-- Database: `pft`
--
CREATE DATABASE IF NOT EXISTS `pft` DEFAULT CHARACTER SET utf8mb4 COLLATE utf8mb4_general_ci;
USE `pft`;

-- --------------------------------------------------------

--
-- Table structure for table `table_data`
--

CREATE TABLE `table_data` (
  `id` int(11) NOT NULL,
  `col1` varchar(100) NOT NULL,
  `col2` int(100) NOT NULL,
  `col3` int(100) NOT NULL,
  `col4` int(100) NOT NULL,
  `col5` int(100) NOT NULL
) ENGINE=InnoDB DEFAULT CHARSET=utf8mb4;

--
-- Dumping data for table `table_data`
--

INSERT INTO `table_data` (`id`, `col1`, `col2`, `col3`, `col4`, `col5`) VALUES
(1, '', 0, 0, 0, 0),
(2, '', 0, 0, 0, 0);

--
-- Indexes for dumped tables
--

--
-- Indexes for table `table_data`
--
ALTER TABLE `table_data`
  ADD PRIMARY KEY (`id`);

--
-- AUTO_INCREMENT for dumped tables
--

--
-- AUTO_INCREMENT for table `table_data`
--
ALTER TABLE `table_data`
  MODIFY `id` int(11) NOT NULL AUTO_INCREMENT, AUTO_INCREMENT=3;
--
-- Database: `phpmyadmin`
--
CREATE DATABASE IF NOT EXISTS `phpmyadmin` DEFAULT CHARACTER SET utf8 COLLATE utf8_bin;
USE `phpmyadmin`;

-- --------------------------------------------------------

--
-- Table structure for table `pma__bookmark`
--

CREATE TABLE `pma__bookmark` (
  `id` int(10) UNSIGNED NOT NULL,
  `dbase` varchar(255) COLLATE utf8_bin NOT NULL DEFAULT '',
  `user` varchar(255) COLLATE utf8_bin NOT NULL DEFAULT '',
  `label` varchar(255) CHARACTER SET utf8 NOT NULL DEFAULT '',
  `query` text COLLATE utf8_bin NOT NULL
) ENGINE=InnoDB DEFAULT CHARSET=utf8 COLLATE=utf8_bin COMMENT='Bookmarks';

-- --------------------------------------------------------

--
-- Table structure for table `pma__central_columns`
--

CREATE TABLE `pma__central_columns` (
  `db_name` varchar(64) COLLATE utf8_bin NOT NULL,
  `col_name` varchar(64) COLLATE utf8_bin NOT NULL,
  `col_type` varchar(64) COLLATE utf8_bin NOT NULL,
  `col_length` text COLLATE utf8_bin DEFAULT NULL,
  `col_collation` varchar(64) COLLATE utf8_bin NOT NULL,
  `col_isNull` tinyint(1) NOT NULL,
  `col_extra` varchar(255) COLLATE utf8_bin DEFAULT '',
  `col_default` text COLLATE utf8_bin DEFAULT NULL
) ENGINE=InnoDB DEFAULT CHARSET=utf8 COLLATE=utf8_bin COMMENT='Central list of columns';

-- --------------------------------------------------------

--
-- Table structure for table `pma__column_info`
--

CREATE TABLE `pma__column_info` (
  `id` int(5) UNSIGNED NOT NULL,
  `db_name` varchar(64) COLLATE utf8_bin NOT NULL DEFAULT '',
  `table_name` varchar(64) COLLATE utf8_bin NOT NULL DEFAULT '',
  `column_name` varchar(64) COLLATE utf8_bin NOT NULL DEFAULT '',
  `comment` varchar(255) CHARACTER SET utf8 NOT NULL DEFAULT '',
  `mimetype` varchar(255) CHARACTER SET utf8 NOT NULL DEFAULT '',
  `transformation` varchar(255) COLLATE utf8_bin NOT NULL DEFAULT '',
  `transformation_options` varchar(255) COLLATE utf8_bin NOT NULL DEFAULT '',
  `input_transformation` varchar(255) COLLATE utf8_bin NOT NULL DEFAULT '',
  `input_transformation_options` varchar(255) COLLATE utf8_bin NOT NULL DEFAULT ''
) ENGINE=InnoDB DEFAULT CHARSET=utf8 COLLATE=utf8_bin COMMENT='Column information for phpMyAdmin';

-- --------------------------------------------------------

--
-- Table structure for table `pma__designer_settings`
--

CREATE TABLE `pma__designer_settings` (
  `username` varchar(64) COLLATE utf8_bin NOT NULL,
  `settings_data` text COLLATE utf8_bin NOT NULL
) ENGINE=InnoDB DEFAULT CHARSET=utf8 COLLATE=utf8_bin COMMENT='Settings related to Designer';

-- --------------------------------------------------------

--
-- Table structure for table `pma__export_templates`
--

CREATE TABLE `pma__export_templates` (
  `id` int(5) UNSIGNED NOT NULL,
  `username` varchar(64) COLLATE utf8_bin NOT NULL,
  `export_type` varchar(10) COLLATE utf8_bin NOT NULL,
  `template_name` varchar(64) COLLATE utf8_bin NOT NULL,
  `template_data` text COLLATE utf8_bin NOT NULL
) ENGINE=InnoDB DEFAULT CHARSET=utf8 COLLATE=utf8_bin COMMENT='Saved export templates';

-- --------------------------------------------------------

--
-- Table structure for table `pma__favorite`
--

CREATE TABLE `pma__favorite` (
  `username` varchar(64) COLLATE utf8_bin NOT NULL,
  `tables` text COLLATE utf8_bin NOT NULL
) ENGINE=InnoDB DEFAULT CHARSET=utf8 COLLATE=utf8_bin COMMENT='Favorite tables';

-- --------------------------------------------------------

--
-- Table structure for table `pma__history`
--

CREATE TABLE `pma__history` (
  `id` bigint(20) UNSIGNED NOT NULL,
  `username` varchar(64) COLLATE utf8_bin NOT NULL DEFAULT '',
  `db` varchar(64) COLLATE utf8_bin NOT NULL DEFAULT '',
  `table` varchar(64) COLLATE utf8_bin NOT NULL DEFAULT '',
  `timevalue` timestamp NOT NULL DEFAULT current_timestamp(),
  `sqlquery` text COLLATE utf8_bin NOT NULL
) ENGINE=InnoDB DEFAULT CHARSET=utf8 COLLATE=utf8_bin COMMENT='SQL history for phpMyAdmin';

-- --------------------------------------------------------

--
-- Table structure for table `pma__navigationhiding`
--

CREATE TABLE `pma__navigationhiding` (
  `username` varchar(64) COLLATE utf8_bin NOT NULL,
  `item_name` varchar(64) COLLATE utf8_bin NOT NULL,
  `item_type` varchar(64) COLLATE utf8_bin NOT NULL,
  `db_name` varchar(64) COLLATE utf8_bin NOT NULL,
  `table_name` varchar(64) COLLATE utf8_bin NOT NULL
) ENGINE=InnoDB DEFAULT CHARSET=utf8 COLLATE=utf8_bin COMMENT='Hidden items of navigation tree';

-- --------------------------------------------------------

--
-- Table structure for table `pma__pdf_pages`
--

CREATE TABLE `pma__pdf_pages` (
  `db_name` varchar(64) COLLATE utf8_bin NOT NULL DEFAULT '',
  `page_nr` int(10) UNSIGNED NOT NULL,
  `page_descr` varchar(50) CHARACTER SET utf8 NOT NULL DEFAULT ''
) ENGINE=InnoDB DEFAULT CHARSET=utf8 COLLATE=utf8_bin COMMENT='PDF relation pages for phpMyAdmin';

-- --------------------------------------------------------

--
-- Table structure for table `pma__recent`
--

CREATE TABLE `pma__recent` (
  `username` varchar(64) COLLATE utf8_bin NOT NULL,
  `tables` text COLLATE utf8_bin NOT NULL
) ENGINE=InnoDB DEFAULT CHARSET=utf8 COLLATE=utf8_bin COMMENT='Recently accessed tables';

-- --------------------------------------------------------

--
-- Table structure for table `pma__relation`
--

CREATE TABLE `pma__relation` (
  `master_db` varchar(64) COLLATE utf8_bin NOT NULL DEFAULT '',
  `master_table` varchar(64) COLLATE utf8_bin NOT NULL DEFAULT '',
  `master_field` varchar(64) COLLATE utf8_bin NOT NULL DEFAULT '',
  `foreign_db` varchar(64) COLLATE utf8_bin NOT NULL DEFAULT '',
  `foreign_table` varchar(64) COLLATE utf8_bin NOT NULL DEFAULT '',
  `foreign_field` varchar(64) COLLATE utf8_bin NOT NULL DEFAULT ''
) ENGINE=InnoDB DEFAULT CHARSET=utf8 COLLATE=utf8_bin COMMENT='Relation table';

-- --------------------------------------------------------

--
-- Table structure for table `pma__savedsearches`
--

CREATE TABLE `pma__savedsearches` (
  `id` int(5) UNSIGNED NOT NULL,
  `username` varchar(64) COLLATE utf8_bin NOT NULL DEFAULT '',
  `db_name` varchar(64) COLLATE utf8_bin NOT NULL DEFAULT '',
  `search_name` varchar(64) COLLATE utf8_bin NOT NULL DEFAULT '',
  `search_data` text COLLATE utf8_bin NOT NULL
) ENGINE=InnoDB DEFAULT CHARSET=utf8 COLLATE=utf8_bin COMMENT='Saved searches';

-- --------------------------------------------------------

--
-- Table structure for table `pma__table_coords`
--

CREATE TABLE `pma__table_coords` (
  `db_name` varchar(64) COLLATE utf8_bin NOT NULL DEFAULT '',
  `table_name` varchar(64) COLLATE utf8_bin NOT NULL DEFAULT '',
  `pdf_page_number` int(11) NOT NULL DEFAULT 0,
  `x` float UNSIGNED NOT NULL DEFAULT 0,
  `y` float UNSIGNED NOT NULL DEFAULT 0
) ENGINE=InnoDB DEFAULT CHARSET=utf8 COLLATE=utf8_bin COMMENT='Table coordinates for phpMyAdmin PDF output';

-- --------------------------------------------------------

--
-- Table structure for table `pma__table_info`
--

CREATE TABLE `pma__table_info` (
  `db_name` varchar(64) COLLATE utf8_bin NOT NULL DEFAULT '',
  `table_name` varchar(64) COLLATE utf8_bin NOT NULL DEFAULT '',
  `display_field` varchar(64) COLLATE utf8_bin NOT NULL DEFAULT ''
) ENGINE=InnoDB DEFAULT CHARSET=utf8 COLLATE=utf8_bin COMMENT='Table information for phpMyAdmin';

-- --------------------------------------------------------

--
-- Table structure for table `pma__table_uiprefs`
--

CREATE TABLE `pma__table_uiprefs` (
  `username` varchar(64) COLLATE utf8_bin NOT NULL,
  `db_name` varchar(64) COLLATE utf8_bin NOT NULL,
  `table_name` varchar(64) COLLATE utf8_bin NOT NULL,
  `prefs` text COLLATE utf8_bin NOT NULL,
  `last_update` timestamp NOT NULL DEFAULT current_timestamp() ON UPDATE current_timestamp()
) ENGINE=InnoDB DEFAULT CHARSET=utf8 COLLATE=utf8_bin COMMENT='Tables'' UI preferences';

-- --------------------------------------------------------

--
-- Table structure for table `pma__tracking`
--

CREATE TABLE `pma__tracking` (
  `db_name` varchar(64) COLLATE utf8_bin NOT NULL,
  `table_name` varchar(64) COLLATE utf8_bin NOT NULL,
  `version` int(10) UNSIGNED NOT NULL,
  `date_created` datetime NOT NULL,
  `date_updated` datetime NOT NULL,
  `schema_snapshot` text COLLATE utf8_bin NOT NULL,
  `schema_sql` text COLLATE utf8_bin DEFAULT NULL,
  `data_sql` longtext COLLATE utf8_bin DEFAULT NULL,
  `tracking` set('UPDATE','REPLACE','INSERT','DELETE','TRUNCATE','CREATE DATABASE','ALTER DATABASE','DROP DATABASE','CREATE TABLE','ALTER TABLE','RENAME TABLE','DROP TABLE','CREATE INDEX','DROP INDEX','CREATE VIEW','ALTER VIEW','DROP VIEW') COLLATE utf8_bin DEFAULT NULL,
  `tracking_active` int(1) UNSIGNED NOT NULL DEFAULT 1
) ENGINE=InnoDB DEFAULT CHARSET=utf8 COLLATE=utf8_bin COMMENT='Database changes tracking for phpMyAdmin';

-- --------------------------------------------------------

--
-- Table structure for table `pma__userconfig`
--

CREATE TABLE `pma__userconfig` (
  `username` varchar(64) COLLATE utf8_bin NOT NULL,
  `timevalue` timestamp NOT NULL DEFAULT current_timestamp() ON UPDATE current_timestamp(),
  `config_data` text COLLATE utf8_bin NOT NULL
) ENGINE=InnoDB DEFAULT CHARSET=utf8 COLLATE=utf8_bin COMMENT='User preferences storage for phpMyAdmin';

--
-- Dumping data for table `pma__userconfig`
--

INSERT INTO `pma__userconfig` (`username`, `timevalue`, `config_data`) VALUES
('root', '2020-11-18 22:30:42', '{\"Console\\/Mode\":\"collapse\"}');

-- --------------------------------------------------------

--
-- Table structure for table `pma__usergroups`
--

CREATE TABLE `pma__usergroups` (
  `usergroup` varchar(64) COLLATE utf8_bin NOT NULL,
  `tab` varchar(64) COLLATE utf8_bin NOT NULL,
  `allowed` enum('Y','N') COLLATE utf8_bin NOT NULL DEFAULT 'N'
) ENGINE=InnoDB DEFAULT CHARSET=utf8 COLLATE=utf8_bin COMMENT='User groups with configured menu items';

-- --------------------------------------------------------

--
-- Table structure for table `pma__users`
--

CREATE TABLE `pma__users` (
  `username` varchar(64) COLLATE utf8_bin NOT NULL,
  `usergroup` varchar(64) COLLATE utf8_bin NOT NULL
) ENGINE=InnoDB DEFAULT CHARSET=utf8 COLLATE=utf8_bin COMMENT='Users and their assignments to user groups';

--
-- Indexes for dumped tables
--

--
-- Indexes for table `pma__bookmark`
--
ALTER TABLE `pma__bookmark`
  ADD PRIMARY KEY (`id`);

--
-- Indexes for table `pma__central_columns`
--
ALTER TABLE `pma__central_columns`
  ADD PRIMARY KEY (`db_name`,`col_name`);

--
-- Indexes for table `pma__column_info`
--
ALTER TABLE `pma__column_info`
  ADD PRIMARY KEY (`id`),
  ADD UNIQUE KEY `db_name` (`db_name`,`table_name`,`column_name`);

--
-- Indexes for table `pma__designer_settings`
--
ALTER TABLE `pma__designer_settings`
  ADD PRIMARY KEY (`username`);

--
-- Indexes for table `pma__export_templates`
--
ALTER TABLE `pma__export_templates`
  ADD PRIMARY KEY (`id`),
  ADD UNIQUE KEY `u_user_type_template` (`username`,`export_type`,`template_name`);

--
-- Indexes for table `pma__favorite`
--
ALTER TABLE `pma__favorite`
  ADD PRIMARY KEY (`username`);

--
-- Indexes for table `pma__history`
--
ALTER TABLE `pma__history`
  ADD PRIMARY KEY (`id`),
  ADD KEY `username` (`username`,`db`,`table`,`timevalue`);

--
-- Indexes for table `pma__navigationhiding`
--
ALTER TABLE `pma__navigationhiding`
  ADD PRIMARY KEY (`username`,`item_name`,`item_type`,`db_name`,`table_name`);

--
-- Indexes for table `pma__pdf_pages`
--
ALTER TABLE `pma__pdf_pages`
  ADD PRIMARY KEY (`page_nr`),
  ADD KEY `db_name` (`db_name`);

--
-- Indexes for table `pma__recent`
--
ALTER TABLE `pma__recent`
  ADD PRIMARY KEY (`username`);

--
-- Indexes for table `pma__relation`
--
ALTER TABLE `pma__relation`
  ADD PRIMARY KEY (`master_db`,`master_table`,`master_field`),
  ADD KEY `foreign_field` (`foreign_db`,`foreign_table`);

--
-- Indexes for table `pma__savedsearches`
--
ALTER TABLE `pma__savedsearches`
  ADD PRIMARY KEY (`id`),
  ADD UNIQUE KEY `u_savedsearches_username_dbname` (`username`,`db_name`,`search_name`);

--
-- Indexes for table `pma__table_coords`
--
ALTER TABLE `pma__table_coords`
  ADD PRIMARY KEY (`db_name`,`table_name`,`pdf_page_number`);

--
-- Indexes for table `pma__table_info`
--
ALTER TABLE `pma__table_info`
  ADD PRIMARY KEY (`db_name`,`table_name`);

--
-- Indexes for table `pma__table_uiprefs`
--
ALTER TABLE `pma__table_uiprefs`
  ADD PRIMARY KEY (`username`,`db_name`,`table_name`);

--
-- Indexes for table `pma__tracking`
--
ALTER TABLE `pma__tracking`
  ADD PRIMARY KEY (`db_name`,`table_name`,`version`);

--
-- Indexes for table `pma__userconfig`
--
ALTER TABLE `pma__userconfig`
  ADD PRIMARY KEY (`username`);

--
-- Indexes for table `pma__usergroups`
--
ALTER TABLE `pma__usergroups`
  ADD PRIMARY KEY (`usergroup`,`tab`,`allowed`);

--
-- Indexes for table `pma__users`
--
ALTER TABLE `pma__users`
  ADD PRIMARY KEY (`username`,`usergroup`);

--
-- AUTO_INCREMENT for dumped tables
--

--
-- AUTO_INCREMENT for table `pma__bookmark`
--
ALTER TABLE `pma__bookmark`
  MODIFY `id` int(10) UNSIGNED NOT NULL AUTO_INCREMENT;

--
-- AUTO_INCREMENT for table `pma__column_info`
--
ALTER TABLE `pma__column_info`
  MODIFY `id` int(5) UNSIGNED NOT NULL AUTO_INCREMENT;

--
-- AUTO_INCREMENT for table `pma__export_templates`
--
ALTER TABLE `pma__export_templates`
  MODIFY `id` int(5) UNSIGNED NOT NULL AUTO_INCREMENT;

--
-- AUTO_INCREMENT for table `pma__history`
--
ALTER TABLE `pma__history`
  MODIFY `id` bigint(20) UNSIGNED NOT NULL AUTO_INCREMENT;

--
-- AUTO_INCREMENT for table `pma__pdf_pages`
--
ALTER TABLE `pma__pdf_pages`
  MODIFY `page_nr` int(10) UNSIGNED NOT NULL AUTO_INCREMENT;

--
-- AUTO_INCREMENT for table `pma__savedsearches`
--
ALTER TABLE `pma__savedsearches`
  MODIFY `id` int(5) UNSIGNED NOT NULL AUTO_INCREMENT;
--
-- Database: `pms`
--
CREATE DATABASE IF NOT EXISTS `pms` DEFAULT CHARACTER SET utf8mb4 COLLATE utf8mb4_general_ci;
USE `pms`;

-- --------------------------------------------------------

--
-- Table structure for table `admins`
--

CREATE TABLE `admins` (
  `id` int(11) NOT NULL,
  `fname` varchar(100) NOT NULL,
  `lname` varchar(100) NOT NULL,
  `email` varchar(100) NOT NULL,
  `phone` varchar(100) NOT NULL,
  `password` varchar(100) NOT NULL,
  `role` varchar(100) NOT NULL DEFAULT 'admin',
  `avatar` varchar(255) NOT NULL DEFAULT 'avatar.png'
) ENGINE=InnoDB DEFAULT CHARSET=utf8;

--
-- Dumping data for table `admins`
--

INSERT INTO `admins` (`id`, `fname`, `lname`, `email`, `phone`, `password`, `role`, `avatar`) VALUES
(2, 'Admin', 'admin', 'admin@admin.com', '1704307608', '$2y$10$Gm8rjHKAIWKqJszM77XA2.1KgGHgDQap.hqcVb8DmITigFHe7IHTa', 'admin', 'images.png');

-- --------------------------------------------------------

--
-- Table structure for table `managers`
--

CREATE TABLE `managers` (
  `id` int(11) NOT NULL,
  `fname` varchar(100) NOT NULL,
  `lname` varchar(100) NOT NULL,
  `email` varchar(100) NOT NULL,
  `phone` varchar(100) NOT NULL,
  `password` varchar(100) NOT NULL,
  `role` varchar(100) NOT NULL DEFAULT 'manager',
  `avatar` varchar(255) NOT NULL DEFAULT 'avatar.png'
) ENGINE=InnoDB DEFAULT CHARSET=utf8;

--
-- Dumping data for table `managers`
--

INSERT INTO `managers` (`id`, `fname`, `lname`, `email`, `phone`, `password`, `role`, `avatar`) VALUES
(6, 'John', 'Sina', 'john@sina.com', '01700000000', '$2y$10$q47GJObI5t2mQ1CNwbmFyOlqDC/yKkxFRv4XOxryuhZvKeMhhxc7.', 'manager', 'avatar.png'),
(7, 'Brock', 'Lesnar', 'brock@lesnar.com', '01700000000', '$2y$10$7l2gCp07viznC2PyWouDeuKB85JuxOtHUYmMt8Fs.8LDa7RZBEaRW', 'manager', 'avatar.png'),
(8, 'Smith', 'Seigmon', 'smithseigmon@gmail.com', '12345678910', '$2y$10$kFcH9XmYBkX2OlMhk65OfOzdDHRFKGKx5xhJiBcdhRbWmHRqXIATK', 'manager', 'avatar.png');

-- --------------------------------------------------------

--
-- Table structure for table `pharmacists`
--

CREATE TABLE `pharmacists` (
  `id` int(11) NOT NULL,
  `fname` varchar(100) NOT NULL,
  `lname` varchar(100) NOT NULL,
  `email` varchar(100) NOT NULL,
  `phone` varchar(100) NOT NULL,
  `password` varchar(100) NOT NULL,
  `role` varchar(100) NOT NULL DEFAULT 'pharmacist',
  `avatar` varchar(255) NOT NULL DEFAULT 'avatar.png'
) ENGINE=InnoDB DEFAULT CHARSET=utf8;

--
-- Dumping data for table `pharmacists`
--

INSERT INTO `pharmacists` (`id`, `fname`, `lname`, `email`, `phone`, `password`, `role`, `avatar`) VALUES
(7, 'Pharmacist', 'Two', 'pharmacist@two.com', '01700000000', '$2y$10$5pi1bPBuaQt4s83hGFcTH.eRZvFqsMDDN.onp6.HJENwo0jqJqKjq', 'pharmacist', 'avatar.png'),
(8, 'Pharmacist', 'Three', 'pharmacist@three.com', '0170000000', '$2y$10$RqNzWY0cxl9UCf01J.N9LOTTPb7GKarWAwM7/i8T8koNoFqQQk1Li', 'pharmacist', 'avatar.png'),
(9, 'Pharmacist', 'Four', 'pharmacist@four.com', '01700000000', '$2y$10$GVggPVg5obYkaX87nzDA/u7uyMA.ej4A96RNXtLXpFWeENLxed.T6', 'pharmacist', 'avatar.png'),
(10, 'Pharmacist', 'Five', 'pharmacist@five.com', '01700000000', '$2y$10$It21v0CAlfE8vMM4BN2hIukLIiR/RFBWvRdN3PirzkW6.r28Ls0AW', 'pharmacist', 'avatar.png'),
(11, 'kollins', 'jane', 'kollinsjane@gmail.com', '12233445599', '$2y$10$daWGvqv3UPnbjc4yS6XaSuRfNFSiuTB5DLBGGUgSOSS80vpqyFQUW', 'pharmacist', 'avatar.png');

-- --------------------------------------------------------

--
-- Table structure for table `salesmans`
--

CREATE TABLE `salesmans` (
  `id` int(11) NOT NULL,
  `fname` varchar(100) NOT NULL,
  `lname` varchar(100) NOT NULL,
  `email` varchar(100) NOT NULL,
  `phone` varchar(100) NOT NULL,
  `password` varchar(100) NOT NULL,
  `role` varchar(100) NOT NULL DEFAULT 'salesman',
  `avatar` varchar(255) NOT NULL DEFAULT 'avatar.png'
) ENGINE=InnoDB DEFAULT CHARSET=utf8;

--
-- Dumping data for table `salesmans`
--

INSERT INTO `salesmans` (`id`, `fname`, `lname`, `email`, `phone`, `password`, `role`, `avatar`) VALUES
(9, 'Salesman', 'One', 'salesman@one.com', '01700000000', '$2y$10$QcBETp.yv7xnE2gtnGKN2eQiwCW4jwobEPoOBGK/qQ3knrW4OsEdG', 'salesman', 'avatar.png');

--
-- Indexes for dumped tables
--

--
-- Indexes for table `admins`
--
ALTER TABLE `admins`
  ADD PRIMARY KEY (`id`);

--
-- Indexes for table `managers`
--
ALTER TABLE `managers`
  ADD PRIMARY KEY (`id`),
  ADD UNIQUE KEY `email` (`email`);

--
-- Indexes for table `pharmacists`
--
ALTER TABLE `pharmacists`
  ADD PRIMARY KEY (`id`),
  ADD UNIQUE KEY `email` (`email`);

--
-- Indexes for table `salesmans`
--
ALTER TABLE `salesmans`
  ADD PRIMARY KEY (`id`),
  ADD UNIQUE KEY `email` (`email`);

--
-- AUTO_INCREMENT for dumped tables
--

--
-- AUTO_INCREMENT for table `admins`
--
ALTER TABLE `admins`
  MODIFY `id` int(11) NOT NULL AUTO_INCREMENT, AUTO_INCREMENT=3;

--
-- AUTO_INCREMENT for table `managers`
--
ALTER TABLE `managers`
  MODIFY `id` int(11) NOT NULL AUTO_INCREMENT, AUTO_INCREMENT=9;

--
-- AUTO_INCREMENT for table `pharmacists`
--
ALTER TABLE `pharmacists`
  MODIFY `id` int(11) NOT NULL AUTO_INCREMENT, AUTO_INCREMENT=12;

--
-- AUTO_INCREMENT for table `salesmans`
--
ALTER TABLE `salesmans`
  MODIFY `id` int(11) NOT NULL AUTO_INCREMENT, AUTO_INCREMENT=10;
--
-- Database: `poll`
--
CREATE DATABASE IF NOT EXISTS `poll` DEFAULT CHARACTER SET utf8mb4 COLLATE utf8mb4_general_ci;
USE `poll`;

-- --------------------------------------------------------

--
-- Table structure for table `tbadministrators`
--

CREATE TABLE `tbadministrators` (
  `admin_id` int(5) NOT NULL,
  `first_name` varchar(45) NOT NULL,
  `last_name` varchar(45) NOT NULL,
  `email` varchar(45) NOT NULL,
  `password` varchar(45) NOT NULL
) ENGINE=InnoDB DEFAULT CHARSET=latin1;

--
-- Dumping data for table `tbadministrators`
--

INSERT INTO `tbadministrators` (`admin_id`, `first_name`, `last_name`, `email`, `password`) VALUES
(1, 'Md. Rezwanul', 'Haque', 'admin@gmail.com', '21232f297a57a5a743894a0e4a801fc3');

-- --------------------------------------------------------

--
-- Table structure for table `tbcandidates`
--

CREATE TABLE `tbcandidates` (
  `candidate_id` int(5) NOT NULL,
  `candidate_name` varchar(45) NOT NULL,
  `candidate_position` varchar(45) NOT NULL,
  `candidate_cvotes` int(11) NOT NULL
) ENGINE=InnoDB DEFAULT CHARSET=latin1;

--
-- Dumping data for table `tbcandidates`
--

INSERT INTO `tbcandidates` (`candidate_id`, `candidate_name`, `candidate_position`, `candidate_cvotes`) VALUES
(1, 'Mamun', 'Chairman', 0),
(2, 'Emran', 'Chairman', 0),
(3, 'Sabuj', 'Vice-Chairman', 0),
(4, 'Sajedul', 'Vice-Chairman', 0);

-- --------------------------------------------------------

--
-- Table structure for table `tbmembers`
--

CREATE TABLE `tbmembers` (
  `member_id` int(5) NOT NULL,
  `first_name` varchar(45) NOT NULL,
  `last_name` varchar(45) NOT NULL,
  `email` varchar(45) NOT NULL,
  `voter_id` varchar(45) NOT NULL,
  `password_details` varchar(45) NOT NULL
) ENGINE=InnoDB DEFAULT CHARSET=latin1;

--
-- Dumping data for table `tbmembers`
--

INSERT INTO `tbmembers` (`member_id`, `first_name`, `last_name`, `email`, `voter_id`, `password_details`) VALUES
(1, 'Md. Rezwanul', 'Haque', 'rezwan@gmail.com', '19964714075000192', '7d9b087beffc9879ead55e7291d6b541'),
(2, 'Mahbub', 'Alam', 'mahbub@gmail.com', '19864714075000186', '939d2ad38c88fda9c0bad11086e4e057');

-- --------------------------------------------------------

--
-- Table structure for table `tbpositions`
--

CREATE TABLE `tbpositions` (
  `position_id` int(5) NOT NULL,
  `position_name` varchar(45) NOT NULL
) ENGINE=InnoDB DEFAULT CHARSET=latin1;

--
-- Dumping data for table `tbpositions`
--

INSERT INTO `tbpositions` (`position_id`, `position_name`) VALUES
(1, 'Chairman'),
(2, 'Vice-Chairman'),
(3, 'Secretary'),
(4, 'Vice-Secretary'),
(5, 'Organizing-Secretary'),
(6, 'Treasurer'),
(7, 'Vice-Treasurer'),
(8, 'Member'),
(9, 'Woman-Member');

--
-- Indexes for dumped tables
--

--
-- Indexes for table `tbadministrators`
--
ALTER TABLE `tbadministrators`
  ADD PRIMARY KEY (`admin_id`);

--
-- Indexes for table `tbcandidates`
--
ALTER TABLE `tbcandidates`
  ADD PRIMARY KEY (`candidate_id`);

--
-- Indexes for table `tbmembers`
--
ALTER TABLE `tbmembers`
  ADD PRIMARY KEY (`member_id`);

--
-- Indexes for table `tbpositions`
--
ALTER TABLE `tbpositions`
  ADD PRIMARY KEY (`position_id`);

--
-- AUTO_INCREMENT for dumped tables
--

--
-- AUTO_INCREMENT for table `tbadministrators`
--
ALTER TABLE `tbadministrators`
  MODIFY `admin_id` int(5) NOT NULL AUTO_INCREMENT, AUTO_INCREMENT=3;

--
-- AUTO_INCREMENT for table `tbcandidates`
--
ALTER TABLE `tbcandidates`
  MODIFY `candidate_id` int(5) NOT NULL AUTO_INCREMENT, AUTO_INCREMENT=23;

--
-- AUTO_INCREMENT for table `tbmembers`
--
ALTER TABLE `tbmembers`
  MODIFY `member_id` int(5) NOT NULL AUTO_INCREMENT, AUTO_INCREMENT=4;

--
-- AUTO_INCREMENT for table `tbpositions`
--
ALTER TABLE `tbpositions`
  MODIFY `position_id` int(5) NOT NULL AUTO_INCREMENT, AUTO_INCREMENT=12;
--
-- Database: `positronx_db`
--
CREATE DATABASE IF NOT EXISTS `positronx_db` DEFAULT CHARACTER SET utf8mb4 COLLATE utf8mb4_general_ci;
USE `positronx_db`;

-- --------------------------------------------------------

--
-- Table structure for table `users`
--

CREATE TABLE `users` (
  `id` int(11) NOT NULL,
  `firstname` varchar(100) NOT NULL,
  `lastname` varchar(100) NOT NULL,
  `email` varchar(50) NOT NULL,
  `mobilenumber` varchar(50) NOT NULL,
  `password` varchar(255) NOT NULL,
  `token` varchar(255) NOT NULL,
  `is_active` enum('0','1') NOT NULL,
  `date_time` date NOT NULL
) ENGINE=InnoDB DEFAULT CHARSET=utf8;
--
-- Database: `restaurant`
--
CREATE DATABASE IF NOT EXISTS `restaurant` DEFAULT CHARACTER SET utf8mb4 COLLATE utf8mb4_general_ci;
USE `restaurant`;

-- --------------------------------------------------------

--
-- Table structure for table `msg`
--

CREATE TABLE `msg` (
  `id` int(11) NOT NULL,
  `sender_name` varchar(100) NOT NULL,
  `email` varchar(200) NOT NULL,
  `phone_number` int(50) NOT NULL,
  `message_content` varchar(1000) NOT NULL
) ENGINE=InnoDB DEFAULT CHARSET=utf8mb4;

--
-- Dumping data for table `msg`
--

INSERT INTO `msg` (`id`, `sender_name`, `email`, `phone_number`, `message_content`) VALUES
(1, 'uhfkjsdn', 'seyiadewale@gmail.com', 2147483647, '                       \r\n                    kuhvlnsdf,.vnkdsfl,vns.,d'),
(2, 'Degbe Romuald', 'romualdadjimagbe2018@gmail.com', 2147483647, '                  i love your meal since when i have been ordering\r\nbut i want you to work on the pastries it is salty,thanks.      \r\n                    '),
(3, 'Degbe Romuald', 'romualdadjimagbe2018@gmail.com', 2147483647, '                  i love your meal since when i have been ordering\r\nbut i want you to work on the pastries it is salty,thanks.      \r\n                    '),
(4, 'Degbe Romuald', 'romualdadjimagbe2018@gmail.com', 2147483647, '                  i love your meal since when i have been ordering\r\nbut i want you to work on the pastries it is salty,thanks.      \r\n                    '),
(5, 'Degbe Romuald', 'romualdadjimagbe2018@gmail.com', 2147483647, '                  i love your meal since when i have been ordering\r\nbut i want you to work on the pastries it is salty,thanks.      \r\n                    '),
(6, 'Degbe Romuald', 'romualdadjimagbe2018@gmail.com', 2147483647, '                  i love your meal since when i have been ordering\r\nbut i want you to work on the pastries it is salty,thanks.      \r\n                    '),
(7, 'Degbe Romuald', 'romualdadjimagbe2018@gmail.com', 2147483647, '                  i love your meal since when i have been ordering\r\nbut i want you to work on the pastries it is salty,thanks.      \r\n                    '),
(8, 'Alexander', 'alexander@gamil.com', 908786755, 'we love your service keep it up'),
(9, 'Alexander', 'alexander@gamil.com', 908786755, 'we love your service keep it up'),
(10, 'Seyi Adeleke', 'seyiadewale@gmail.com', 2147483647, 'ishkjfgisufamsda'),
(11, 'Seyi Adeleke', 'seyiadewale@gmail.com', 2147483647, 'ishkjfgisufamsda'),
(12, 'Adewale Seyi Opeyemi', 'seyiadewale@gmail.com', 2147483647, 'ilhf;klsdvzdjoaskld'),
(13, '', '', 0, ''),
(14, '', '', 0, ''),
(15, 'David', 'david@gmail.com', 2147483647, 'your food are delicious'),
(16, 'David', 'david@gmail.com', 2147483647, 'your food are delicious'),
(17, 'David', 'david@gmail.com', 2147483647, 'your food are delicious'),
(18, 'Isaiah', 'Isaiah123@gmail.com', 2147483647, 'i8qhlidghaulskdugasilhdA');

-- --------------------------------------------------------

--
-- Table structure for table `users`
--

CREATE TABLE `users` (
  `id` int(11) NOT NULL,
  `first_name` varchar(100) NOT NULL,
  `last_name` varchar(100) NOT NULL,
  `phone_number` int(255) NOT NULL,
  `email` varchar(100) NOT NULL,
  `password` varchar(50) NOT NULL
) ENGINE=InnoDB DEFAULT CHARSET=utf8mb4;

--
-- Dumping data for table `users`
--

INSERT INTO `users` (`id`, `first_name`, `last_name`, `phone_number`, `email`, `password`) VALUES
(52, 'john', 'mason', 908877111, 'mason@gmail.com', 'mason'),
(53, 'ade', 'sanya', 9000000, 'adesanya@gmail.com', 'ade');

-- --------------------------------------------------------

--
-- Table structure for table `user_login`
--

CREATE TABLE `user_login` (
  `id` int(11) NOT NULL,
  `email` varchar(250) NOT NULL,
  `password` varchar(100) NOT NULL
) ENGINE=InnoDB DEFAULT CHARSET=utf8mb4;

--
-- Indexes for dumped tables
--

--
-- Indexes for table `msg`
--
ALTER TABLE `msg`
  ADD PRIMARY KEY (`id`);

--
-- Indexes for table `users`
--
ALTER TABLE `users`
  ADD PRIMARY KEY (`id`),
  ADD KEY `first_name` (`first_name`),
  ADD KEY `last_name` (`last_name`);

--
-- Indexes for table `user_login`
--
ALTER TABLE `user_login`
  ADD PRIMARY KEY (`id`);

--
-- AUTO_INCREMENT for dumped tables
--

--
-- AUTO_INCREMENT for table `msg`
--
ALTER TABLE `msg`
  MODIFY `id` int(11) NOT NULL AUTO_INCREMENT, AUTO_INCREMENT=19;

--
-- AUTO_INCREMENT for table `users`
--
ALTER TABLE `users`
  MODIFY `id` int(11) NOT NULL AUTO_INCREMENT, AUTO_INCREMENT=54;

--
-- AUTO_INCREMENT for table `user_login`
--
ALTER TABLE `user_login`
  MODIFY `id` int(11) NOT NULL AUTO_INCREMENT;
--
-- Database: `shopping`
--
CREATE DATABASE IF NOT EXISTS `shopping` DEFAULT CHARACTER SET utf8mb4 COLLATE utf8mb4_general_ci;
USE `shopping`;

-- --------------------------------------------------------

--
-- Table structure for table `admin`
--

CREATE TABLE `admin` (
  `id` int(11) NOT NULL,
  `username` varchar(255) NOT NULL,
  `password` varchar(255) NOT NULL,
  `creationDate` timestamp NOT NULL DEFAULT current_timestamp(),
  `updationDate` varchar(255) NOT NULL
) ENGINE=InnoDB DEFAULT CHARSET=latin1;

--
-- Dumping data for table `admin`
--

INSERT INTO `admin` (`id`, `username`, `password`, `creationDate`, `updationDate`) VALUES
(1, 'admin', 'f925916e2754e5e03f75dd58a5733251', '2017-01-24 16:21:18', '21-06-2018 08:27:55 PM');

-- --------------------------------------------------------

--
-- Table structure for table `category`
--

CREATE TABLE `category` (
  `id` int(11) NOT NULL,
  `categoryName` varchar(255) DEFAULT NULL,
  `categoryDescription` longtext DEFAULT NULL,
  `creationDate` timestamp NOT NULL DEFAULT current_timestamp(),
  `updationDate` varchar(255) DEFAULT NULL
) ENGINE=InnoDB DEFAULT CHARSET=latin1;

--
-- Dumping data for table `category`
--

INSERT INTO `category` (`id`, `categoryName`, `categoryDescription`, `creationDate`, `updationDate`) VALUES
(3, 'Books', 'Test anuj', '2017-01-24 19:17:37', '30-01-2017 12:22:24 AM'),
(4, 'Electronics', 'Electronic Products', '2017-01-24 19:19:32', ''),
(5, 'Furniture', 'test', '2017-01-24 19:19:54', ''),
(6, 'Fashion', 'Fashion', '2017-02-20 19:18:52', '');

-- --------------------------------------------------------

--
-- Table structure for table `orders`
--

CREATE TABLE `orders` (
  `id` int(11) NOT NULL,
  `userId` int(11) DEFAULT NULL,
  `productId` varchar(255) DEFAULT NULL,
  `quantity` int(11) DEFAULT NULL,
  `orderDate` timestamp NOT NULL DEFAULT current_timestamp(),
  `paymentMethod` varchar(50) DEFAULT NULL,
  `orderStatus` varchar(55) DEFAULT NULL
) ENGINE=InnoDB DEFAULT CHARSET=latin1;

--
-- Dumping data for table `orders`
--

INSERT INTO `orders` (`id`, `userId`, `productId`, `quantity`, `orderDate`, `paymentMethod`, `orderStatus`) VALUES
(1, 1, '3', 1, '2017-03-07 19:32:57', 'COD', NULL),
(3, 1, '4', 1, '2017-03-10 19:43:04', 'Debit / Credit card', 'Delivered'),
(4, 1, '17', 1, '2017-03-08 16:14:17', 'COD', 'in Process'),
(5, 1, '3', 1, '2017-03-08 19:21:38', 'COD', NULL),
(6, 1, '4', 1, '2017-03-08 19:21:38', 'COD', NULL),
(7, 0, '17', 1, '2021-07-20 16:49:50', 'COD', NULL),
(8, 24, '14', 1, '2021-08-10 09:21:46', 'COD', NULL),
(9, 24, '1', 1, '2021-08-18 20:57:21', 'COD', NULL),
(10, 24, '3', 1, '2021-08-18 20:57:22', 'COD', NULL),
(11, 24, '16', 1, '2021-08-18 20:57:22', 'COD', NULL),
(12, 24, '18', 1, '2021-08-18 20:57:22', 'COD', NULL),
(13, 6, '1', 0, '2021-09-02 14:33:45', 'COD', NULL);

-- --------------------------------------------------------

--
-- Table structure for table `ordertrackhistory`
--

CREATE TABLE `ordertrackhistory` (
  `id` int(11) NOT NULL,
  `orderId` int(11) DEFAULT NULL,
  `status` varchar(255) DEFAULT NULL,
  `remark` mediumtext DEFAULT NULL,
  `postingDate` timestamp NOT NULL DEFAULT current_timestamp()
) ENGINE=InnoDB DEFAULT CHARSET=latin1;

--
-- Dumping data for table `ordertrackhistory`
--

INSERT INTO `ordertrackhistory` (`id`, `orderId`, `status`, `remark`, `postingDate`) VALUES
(1, 3, 'in Process', 'Order has been Shipped.', '2017-03-10 19:36:45'),
(2, 1, 'Delivered', 'Order Has been delivered', '2017-03-10 19:37:31'),
(3, 3, 'Delivered', 'Product delivered successfully', '2017-03-10 19:43:04'),
(4, 4, 'in Process', 'Product ready for Shipping', '2017-03-10 19:50:36');

-- --------------------------------------------------------

--
-- Table structure for table `productreviews`
--

CREATE TABLE `productreviews` (
  `id` int(11) NOT NULL,
  `productId` int(11) DEFAULT NULL,
  `quality` int(11) DEFAULT NULL,
  `price` int(11) DEFAULT NULL,
  `value` int(11) DEFAULT NULL,
  `name` varchar(255) DEFAULT NULL,
  `summary` varchar(255) DEFAULT NULL,
  `review` longtext DEFAULT NULL,
  `reviewDate` timestamp NOT NULL DEFAULT current_timestamp()
) ENGINE=InnoDB DEFAULT CHARSET=latin1;

--
-- Dumping data for table `productreviews`
--

INSERT INTO `productreviews` (`id`, `productId`, `quality`, `price`, `value`, `name`, `summary`, `review`, `reviewDate`) VALUES
(2, 3, 4, 5, 5, 'Anuj Kumar', 'BEST PRODUCT FOR ME :)', 'BEST PRODUCT FOR ME :)', '2017-02-26 20:43:57'),
(3, 3, 3, 4, 3, 'Sarita pandey', 'Nice Product', 'Value for money', '2017-02-26 20:52:46'),
(4, 3, 3, 4, 3, 'Sarita pandey', 'Nice Product', 'Value for money', '2017-02-26 20:59:19');

-- --------------------------------------------------------

--
-- Table structure for table `products`
--

CREATE TABLE `products` (
  `id` int(11) NOT NULL,
  `category` int(11) NOT NULL,
  `subCategory` int(11) DEFAULT NULL,
  `productName` varchar(255) DEFAULT NULL,
  `productCompany` varchar(255) DEFAULT NULL,
  `productPrice` int(11) DEFAULT NULL,
  `productPriceBeforeDiscount` int(11) DEFAULT NULL,
  `productDescription` longtext DEFAULT NULL,
  `productImage1` varchar(255) DEFAULT NULL,
  `productImage2` varchar(255) DEFAULT NULL,
  `productImage3` varchar(255) DEFAULT NULL,
  `shippingCharge` int(11) DEFAULT NULL,
  `productAvailability` varchar(255) DEFAULT NULL,
  `postingDate` timestamp NULL DEFAULT current_timestamp(),
  `updationDate` varchar(255) DEFAULT NULL
) ENGINE=InnoDB DEFAULT CHARSET=latin1;

--
-- Dumping data for table `products`
--

INSERT INTO `products` (`id`, `category`, `subCategory`, `productName`, `productCompany`, `productPrice`, `productPriceBeforeDiscount`, `productDescription`, `productImage1`, `productImage2`, `productImage3`, `shippingCharge`, `productAvailability`, `postingDate`, `updationDate`) VALUES
(1, 4, 3, 'Micromax 81cm (32) HD Ready LED TV  (32T6175MHD, 2 x HDMI, 2 x USB)', 'Micromax test', 139900, 0, '<div class=\"HoUsOy\" style=\"box-sizing: border-box; margin: 0px; padding: 0px 0px 16px; font-size: 18px; white-space: nowrap; line-height: 1.4; color: rgb(33, 33, 33); font-family: Roboto, Arial, sans-serif;\">General</div><ul style=\"box-sizing: border-box; margin-bottom: 0px; margin-left: 0px; color: rgb(33, 33, 33); font-family: Roboto, Arial, sans-serif; font-size: 14px;\"><li class=\"_1KuY3T row\" style=\"box-sizing: border-box; margin: 0px; padding: 0px 0px 16px; list-style: none; display: flex; flex-flow: row wrap; width: 731px;\"><div class=\"vmXPri col col-3-12\" style=\"box-sizing: border-box; margin: 0px; padding: 0px 8px 0px 0px; width: 182.75px; display: inline-block; vertical-align: top; color: rgb(135, 135, 135);\">Sales Package</div><ul class=\"_3dG3ix col col-9-12\" style=\"box-sizing: border-box; margin-left: 0px; width: 548.25px; display: inline-block; vertical-align: top; line-height: 1.4;\"><li class=\"sNqDog\" style=\"box-sizing: border-box; margin: 0px; padding: 0px; list-style: none;\">1 TV Unit, Remote Controller, Battery (For Remote Controller), Quick Installation Guide and User Manual: All in One, Wall Mount Support</li></ul></li><li class=\"_1KuY3T row\" style=\"box-sizing: border-box; margin: 0px; padding: 0px 0px 16px; list-style: none; display: flex; flex-flow: row wrap; width: 731px;\"><div class=\"vmXPri col col-3-12\" style=\"box-sizing: border-box; margin: 0px; padding: 0px 8px 0px 0px; width: 182.75px; display: inline-block; vertical-align: top; color: rgb(135, 135, 135);\">Model Name</div><ul class=\"_3dG3ix col col-9-12\" style=\"box-sizing: border-box; margin-left: 0px; width: 548.25px; display: inline-block; vertical-align: top; line-height: 1.4;\"><li class=\"sNqDog\" style=\"box-sizing: border-box; margin: 0px; padding: 0px; list-style: none;\">32T6175MHD</li></ul></li><li class=\"_1KuY3T row\" style=\"box-sizing: border-box; margin: 0px; padding: 0px 0px 16px; list-style: none; display: flex; flex-flow: row wrap; width: 731px;\"><div class=\"vmXPri col col-3-12\" style=\"box-sizing: border-box; margin: 0px; padding: 0px 8px 0px 0px; width: 182.75px; display: inline-block; vertical-align: top; color: rgb(135, 135, 135);\">Display Size</div><ul class=\"_3dG3ix col col-9-12\" style=\"box-sizing: border-box; margin-left: 0px; width: 548.25px; display: inline-block; vertical-align: top; line-height: 1.4;\"><li class=\"sNqDog\" style=\"box-sizing: border-box; margin: 0px; padding: 0px; list-style: none;\">81 cm (32)</li></ul></li><li class=\"_1KuY3T row\" style=\"box-sizing: border-box; margin: 0px; padding: 0px 0px 16px; list-style: none; display: flex; flex-flow: row wrap; width: 731px;\"><div class=\"vmXPri col col-3-12\" style=\"box-sizing: border-box; margin: 0px; padding: 0px 8px 0px 0px; width: 182.75px; display: inline-block; vertical-align: top; color: rgb(135, 135, 135);\">Screen Type</div><ul class=\"_3dG3ix col col-9-12\" style=\"box-sizing: border-box; margin-left: 0px; width: 548.25px; display: inline-block; vertical-align: top; line-height: 1.4;\"><li class=\"sNqDog\" style=\"box-sizing: border-box; margin: 0px; padding: 0px; list-style: none;\">LED</li></ul></li><li class=\"_1KuY3T row\" style=\"box-sizing: border-box; margin: 0px; padding: 0px 0px 16px; list-style: none; display: flex; flex-flow: row wrap; width: 731px;\"><div class=\"vmXPri col col-3-12\" style=\"box-sizing: border-box; margin: 0px; padding: 0px 8px 0px 0px; width: 182.75px; display: inline-block; vertical-align: top; color: rgb(135, 135, 135);\">HD Technology &amp; Resolutiontest</div><ul class=\"_3dG3ix col col-9-12\" style=\"box-sizing: border-box; margin-left: 0px; width: 548.25px; display: inline-block; vertical-align: top; line-height: 1.4;\"><li class=\"sNqDog\" style=\"box-sizing: border-box; margin: 0px; padding: 0px; list-style: none;\">HD Ready, 1366 x 768</li></ul></li></ul>', 'micromax1.jpeg', 'micromax main image.jpg', 'micromax main image.jpg', 1200, 'In Stock', '2017-01-30 16:54:35', ''),
(2, 4, 4, 'Apple iPhone 6 (Silver, 16 GB)', 'Apple INC', 36990, 0, '<div class=\"_2PF8IO\" style=\"box-sizing: border-box; margin: 0px 0px 0px 110px; padding: 0px; flex: 1 1 0%; color: rgb(33, 33, 33); font-family: Roboto, Arial, sans-serif; font-size: 14px;\"><ul style=\"box-sizing: border-box; margin-bottom: 0px; margin-left: 0px;\"><li class=\"_1tMfkh\" style=\"box-sizing: border-box; margin: 0px; padding: 0px 0px 8px 16px; list-style: none; position: relative;\">1 GB RAM | 16 GB ROM |</li><li class=\"_1tMfkh\" style=\"box-sizing: border-box; margin: 0px; padding: 0px 0px 8px 16px; list-style: none; position: relative;\">4.7 inch Retina HD Display</li><li class=\"_1tMfkh\" style=\"box-sizing: border-box; margin: 0px; padding: 0px 0px 8px 16px; list-style: none; position: relative;\">8MP Primary Camera | 1.2MP Front</li><li class=\"_1tMfkh\" style=\"box-sizing: border-box; margin: 0px; padding: 0px 0px 8px 16px; list-style: none; position: relative;\">Li-Ion Battery</li><li class=\"_1tMfkh\" style=\"box-sizing: border-box; margin: 0px; padding: 0px 0px 8px 16px; list-style: none; position: relative;\">A8 Chip with 64-bit Architecture and M8 Motion Co-processor Processor</li></ul></div>', 'apple-iphone-6-1.jpeg', 'apple-iphone-6-2.jpeg', 'apple-iphone-6-3.jpeg', 0, 'In Stock', '2017-01-30 16:59:00', ''),
(3, 4, 4, 'Redmi Note 4 (Gold, 32 GB)  (With 3 GB RAM)', 'Redmi', 10999, 0, '<br><div><ol><li>3 GB RAM | 32 GB ROM | Expandable Upto 128 GB<br></li><li>5.5 inch Full HD Display<br></li><li>13MP Primary Camera | 5MP Front<br></li><li>4100 mAh Li-Polymer Battery<br></li><li>Qualcomm Snapdragon 625 64-bit Processor<br></li></ol></div>', 'mi-redmi-note-4-1.jpeg', 'mi-redmi-note-4-2.jpeg', 'mi-redmi-note-4-3.jpeg', 0, 'In Stock', '2017-02-04 04:03:15', ''),
(4, 4, 4, 'Lenovo K6 Power (Silver, 32 GB) ', 'Lenovo', 9999, 0, '<ul><li>3 GB RAM | 32 GB ROM | Expandable Upto 128 GB<br></li><li>5 inch Full HD Display<br></li><li>13MP Primary Camera | 8MP Front<br></li><li>4000 mAh Li-Polymer Battery<br></li><li>Qualcomm Snapdragon 430 Processor<br></li></ul>', 'lenovo-k6-power-k33a42-1.jpeg', 'lenovo-k6-power-k33a42-2.jpeg', 'lenovo-k6-power-k33a42-3.jpeg', 45, 'In Stock', '2017-02-04 04:04:43', ''),
(5, 4, 4, 'Lenovo Vibe K5 Note (Gold, 32 GB)  ', 'Lenovo', 11999, 0, '<ul><li>3 GB RAM | 32 GB ROM | Expandable Upto 128 GB<br></li><li>5.5 inch Full HD Display<br></li><li>13MP Primary Camera | 8MP Front<br></li><li>3500 mAh Li-Ion Polymer Battery<br></li><li>Helio P10 64-bit Processor<br></li></ul>', 'lenovo-k5-note-pa330010in-1.jpeg', 'lenovo-k5-note-pa330116in-2.jpeg', 'lenovo-k5-note-pa330116in-3.jpeg', 0, 'In Stock', '2017-02-04 04:06:17', ''),
(6, 4, 4, 'Micromax Canvas Mega 4G', 'Micromax', 6999, 0, '<ul><li>3 GB RAM | 16 GB ROM |<br></li><li>5.5 inch HD Display<br></li><li>13MP Primary Camera | 5MP Front<br></li><li>2500 mAh Battery<br></li><li>MT6735 Processor<br></li></ul>', 'micromax-canvas-mega-4g-1.jpeg', 'micromax-canvas-mega-4g-2.jpeg', 'micromax-canvas-mega-4g-3.jpeg', 35, 'In Stock', '2017-02-04 04:08:07', ''),
(7, 4, 4, 'SAMSUNG Galaxy On5', 'SAMSUNG', 7490, 0, '<ul><li>1.5 GB RAM | 8 GB ROM | Expandable Upto 128 GB<br></li><li>5 inch HD Display<br></li><li>8MP Primary Camera | 5MP Front<br></li><li>2600 mAh Li-Ion Battery<br></li><li>Exynos 3475 Processor<br></li></ul>', 'samsung-galaxy-on7-sm-1.jpeg', 'samsung-galaxy-on5-sm-2.jpeg', 'samsung-galaxy-on5-sm-3.jpeg', 20, 'In Stock', '2017-02-04 04:10:17', ''),
(8, 4, 4, 'OPPO A57', 'OPPO', 14990, 0, '<ul><li>3 GB RAM | 32 GB ROM | Expandable Upto 256 GB<br></li><li>5.2 inch HD Display<br></li><li>13MP Primary Camera | 16MP Front<br></li><li>2900 mAh Battery<br></li><li>Qualcomm MSM8940 64-bit Processor<br></li></ul>', 'oppo-a57-na-original-1.jpeg', 'oppo-a57-na-original-2.jpeg', 'oppo-a57-na-original-3.jpeg', 0, 'In Stock', '2017-02-04 04:11:54', ''),
(9, 4, 5, 'Affix Back Cover for Mi Redmi Note 4', 'Techguru', 259, 0, '<ul><li>Suitable For: Mobile<br></li><li>Material: Polyurethane<br></li><li>Theme: No Theme<br></li><li>Type: Back Cover<br></li><li>Waterproof<br></li></ul>', 'amzer-amz98947-original-1.jpeg', 'amzer-amz98947-original-2.jpeg', 'amzer-amz98947-original-3.jpeg', 10, 'In Stock', '2017-02-04 04:17:03', ''),
(11, 4, 6, 'Acer ES 15 Pentium Quad Core', 'Acer', 19990, 0, '<ul><li>Intel Pentium Quad Core Processor ( )<br></li><li>4 GB DDR3 RAM<br></li><li>Linux/Ubuntu Operating System<br></li><li>1 TB HDD<br></li><li>15.6 inch Display<br></li></ul>', 'acer-aspire-notebook-original-1.jpeg', 'acer-aspire-notebook-original-2.jpeg', 'acer-aspire-notebook-original-3.jpeg', 0, 'In Stock', '2017-02-04 04:26:17', ''),
(12, 4, 6, 'Micromax Canvas Laptab II (WIFI) Atom 4th Gen', 'Micromax', 10999, 0, '<ul><li>Intel Atom Processor ( 4th Gen )<br></li><li>2 GB DDR3 RAM<br></li><li>32 bit Windows 10 Operating System<br></li><li>11.6 inch Touchscreen Display<br></li></ul>', 'micromax-lt777w-2-in-1-laptop-original-1.jpeg', 'micromax-lt777w-2-in-1-laptop-original-2.jpeg', 'micromax-lt777w-2-in-1-laptop-original-3.jpeg', 0, 'In Stock', '2017-02-04 04:28:17', ''),
(13, 4, 6, 'HP Core i5 5th Gen', 'HP', 41990, 0, '<span style=\"color: rgb(33, 33, 33); font-family: Roboto, Arial, sans-serif; font-size: 18px;\">HP Core i5 5th Gen - (4 GB/1 TB HDD/Windows 10 Home/2 GB Graphics) N8M28PA 15-ac123tx Notebook</span><span style=\"color: rgb(33, 33, 33); font-family: Roboto, Arial, sans-serif; font-size: 18px;\">&nbsp;&nbsp;(15.6 inch, Turbo SIlver, 2.19 kg)</span><br><div><ul><li>Intel Core i5 Processor ( 5th Gen )<br></li><li>4 GB DDR3 RAM<br></li><li>64 bit Windows 10 Operating System<br></li><li>1 TB HDD<br></li><li>15.6 inch Display<br></li></ul></div>', 'hp-notebook-original-1.jpeg', 'hp-notebook-original-2.jpeg', 'hp-notebook-original-3.jpeg', 0, 'In Stock', '2017-02-04 04:30:24', ''),
(14, 4, 6, 'Lenovo Ideapad 110 APU Quad Core A6 6th Gen', 'Lenovo', 22990, 0, '<span style=\"color: rgb(33, 33, 33); font-family: Roboto, Arial, sans-serif; font-size: 18px;\">Lenovo Ideapad 110 APU Quad Core A6 6th Gen - (4 GB/500 GB HDD/Windows 10 Home) 80TJ00D2IH IP110 15ACL Notebook</span><span style=\"color: rgb(33, 33, 33); font-family: Roboto, Arial, sans-serif; font-size: 18px;\">&nbsp;&nbsp;(15.6 inch, Black, 2.2 kg)</span><br><div><ul><li>AMD APU Quad Core A6 Processor ( 6th Gen )<br></li><li>4 GB DDR3 RAM<br></li><li>64 bit Windows 10 Operating System<br></li><li>500 GB HDD<br></li><li>15.6 inch Display<br></li></ul></div>', 'lenovo-ideapad-notebook-original-1.jpeg', 'lenovo-ideapad-notebook-original-2.jpeg', 'lenovo-ideapad-notebook-3.jpeg', 0, 'In Stock', '2017-02-04 04:32:15', ''),
(15, 3, 8, 'The Wimpy Kid Do -It- Yourself Book', 'ABC', 205, 250, '<span style=\"color: rgb(33, 33, 33); font-family: Roboto, Arial, sans-serif; font-size: 18px;\">The Wimpy Kid Do -It- Yourself Book</span><span style=\"color: rgb(33, 33, 33); font-family: Roboto, Arial, sans-serif; font-size: 18px;\">&nbsp;&nbsp;(English, Paperback, Jeff Kinney)</span><br><div><ul><li>Language: English<br></li><li>Binding: Paperback<br></li><li>Publisher: Penguin Books Ltd<br></li><li>ISBN: 9780141339665, 0141339667<br></li><li>Edition: 1<br></li></ul></div>', 'diary-of-a-wimpy-kid-do-it-yourself-book-original-1.jpeg', 'diary-of-a-wimpy-kid-do-it-yourself-book-original-1.jpeg', 'diary-of-a-wimpy-kid-do-it-yourself-book-original-1.jpeg', 50, 'In Stock', '2017-02-04 04:35:13', ''),
(16, 3, 8, 'Thea Stilton and the Tropical Treasure ', 'XYZ', 240, 0, '<ul><li>Language: English<br></li><li>Binding: Paperback<br></li><li>Publisher: Scholastic<br></li><li>ISBN: 9789351032083, 9351032086<br></li><li>Edition: 2015<br></li><li>Pages: 176<br></li></ul>', '22-thea-stilton-and-the-tropical-treasure-original-1.jpeg', '22-thea-stilton-and-the-tropical-treasure-original-1.jpeg', '22-thea-stilton-and-the-tropical-treasure-original-1.jpeg', 30, 'In Stock', '2017-02-04 04:36:23', ''),
(17, 5, 9, 'Induscraft Solid Wood King Bed With Storage', 'Induscraft', 32566, 0, '<span style=\"color: rgb(33, 33, 33); font-family: Roboto, Arial, sans-serif; font-size: 18px;\">Induscraft Solid Wood King Bed With Storage</span><span style=\"color: rgb(33, 33, 33); font-family: Roboto, Arial, sans-serif; font-size: 18px;\">&nbsp;&nbsp;(Finish Color - Honey Brown)</span><br><div><ul><li>Material Subtype: Rosewood (Sheesham)<br></li><li>W x H x D: 1850 mm x 875 mm x 2057.5 mm<br></li><li>Floor Clearance: 8 mm<br></li><li>Delivery Condition: Knock Down<br></li></ul></div>', 'inaf245-queen-rosewood-sheesham-induscraft-na-honey-brown-original-1.jpeg', 'inaf245-queen-rosewood-sheesham-induscraft-na-honey-brown-original-2.jpeg', 'inaf245-queen-rosewood-sheesham-induscraft-na-honey-brown-original-3.jpeg', 0, 'In Stock', '2017-02-04 04:40:37', ''),
(18, 5, 10, 'Nilkamal Ursa Metal Queen Bed', 'Nilkamal', 6523, 0, '<span style=\"color: rgb(33, 33, 33); font-family: Roboto, Arial, sans-serif; font-size: 18px;\">@home by Nilkamal Ursa Metal Queen Bed</span><span style=\"color: rgb(33, 33, 33); font-family: Roboto, Arial, sans-serif; font-size: 18px;\">&nbsp;&nbsp;(Finish Color - NA)</span><br><div><ul><li>Material Subtype: Carbon Steel<br></li><li>W x H x D: 1590 mm x 910 mm x 2070 mm<br></li><li>Floor Clearance: 341 mm<br></li><li>Delivery Condition: Knock Down<br></li></ul></div>', 'flbdorsabrqbblk-queen-carbon-steel-home-by-nilkamal-na-na-original-1.jpeg', 'flbdorsabrqbblk-queen-carbon-steel-home-by-nilkamal-na-na-original-2.jpeg', 'flbdorsabrqbblk-queen-carbon-steel-home-by-nilkamal-na-na-original-3.jpeg', 0, 'In Stock', '2017-02-04 04:42:27', ''),
(19, 6, 12, 'Asian Casuals  (White, White)', 'Asian', 379, 0, '<ul style=\"box-sizing: border-box; margin-bottom: 0px; margin-left: 0px; color: rgb(33, 33, 33); font-family: Roboto, Arial, sans-serif; font-size: 14px;\"><li class=\"_2-riNZ\" style=\"box-sizing: border-box; margin: 0px; padding: 0px 0px 8px 16px; list-style: none; position: relative;\">Colour: White, White</li><li class=\"_2-riNZ\" style=\"box-sizing: border-box; margin: 0px; padding: 0px 0px 0px 16px; list-style: none; position: relative;\">Outer Material: Denim</li><li class=\"_1KuY3T row\" style=\"box-sizing: border-box; margin: 0px; padding: 0px 0px 16px; list-style: none; display: flex; flex-flow: row wrap; width: 731px;\"><div class=\"vmXPri col col-3-12\" style=\"box-sizing: border-box; margin: 0px; padding: 0px 8px 0px 0px; width: 182.75px; display: inline-block; vertical-align: top; color: rgb(135, 135, 135);\"><br></div></li></ul>', '1.jpeg', '2.jpeg', '3.jpeg', 45, 'In Stock', '2017-03-10 20:16:03', ''),
(20, 6, 12, 'Adidas MESSI 16.3 TF Football turf Shoes  (Blue)', 'Adidas', 4129, 5000, '<ul style=\"box-sizing: border-box; margin-bottom: 0px; margin-left: 0px; color: rgb(33, 33, 33); font-family: Roboto, Arial, sans-serif; font-size: 14px;\"><li class=\"_2-riNZ\" style=\"box-sizing: border-box; margin: 0px; padding: 0px 0px 8px 16px; list-style: none; position: relative;\">Colour: Blue</li><li class=\"_2-riNZ\" style=\"box-sizing: border-box; margin: 0px; padding: 0px 0px 0px 16px; list-style: none; position: relative;\">Closure: Laced</li><li class=\"_1KuY3T row\" style=\"box-sizing: border-box; margin: 0px; padding: 0px 0px 16px; list-style: none; display: flex; flex-flow: row wrap; width: 731px;\"><div class=\"vmXPri col col-3-12\" style=\"text-align: left; box-sizing: border-box; margin: 0px; padding: 0px 8px 0px 0px; width: 182.75px; display: inline-block; vertical-align: top; color: rgb(135, 135, 135);\"><b>Weight</b></div><ul class=\"_3dG3ix col col-9-12\" style=\"box-sizing: border-box; margin-left: 0px; width: 548.25px; display: inline-block; vertical-align: top; line-height: 1.4;\"><li class=\"sNqDog\" style=\"text-align: left; box-sizing: border-box; margin: 0px; padding: 0px; list-style: none;\"><b>200 g (per single Shoe) - Weight of the product may vary depending on size.</b></li></ul></li><li class=\"_1KuY3T row\" style=\"box-sizing: border-box; margin: 0px; padding: 0px 0px 16px; list-style: none; display: flex; flex-flow: row wrap; width: 731px;\"><div class=\"vmXPri col col-3-12\" style=\"text-align: left; box-sizing: border-box; margin: 0px; padding: 0px 8px 0px 0px; width: 182.75px; display: inline-block; vertical-align: top; color: rgb(135, 135, 135);\"><b>Style</b></div><ul class=\"_3dG3ix col col-9-12\" style=\"box-sizing: border-box; margin-left: 0px; width: 548.25px; display: inline-block; vertical-align: top; line-height: 1.4;\"><li class=\"sNqDog\" style=\"text-align: left; box-sizing: border-box; margin: 0px; padding: 0px; list-style: none;\"><b>Panel and Stitch Detail, Textured Detail</b></li></ul></li><li class=\"_1KuY3T row\" style=\"box-sizing: border-box; margin: 0px; padding: 0px 0px 16px; list-style: none; display: flex; flex-flow: row wrap; width: 731px;\"><div class=\"vmXPri col col-3-12\" style=\"text-align: left; box-sizing: border-box; margin: 0px; padding: 0px 8px 0px 0px; width: 182.75px; display: inline-block; vertical-align: top; color: rgb(135, 135, 135);\"><b>Tip Shape</b></div><ul class=\"_3dG3ix col col-9-12\" style=\"box-sizing: border-box; margin-left: 0px; width: 548.25px; display: inline-block; vertical-align: top; line-height: 1.4;\"><li class=\"sNqDog\" style=\"text-align: left; box-sizing: border-box; margin: 0px; padding: 0px; list-style: none;\"><b>Round</b></li></ul></li><li class=\"_1KuY3T row\" style=\"box-sizing: border-box; margin: 0px; padding: 0px 0px 16px; list-style: none; display: flex; flex-flow: row wrap; width: 731px;\"><div class=\"vmXPri col col-3-12\" style=\"text-align: left; box-sizing: border-box; margin: 0px; padding: 0px 8px 0px 0px; width: 182.75px; display: inline-block; vertical-align: top; color: rgb(135, 135, 135);\"><b>Season</b></div><ul class=\"_3dG3ix col col-9-12\" style=\"box-sizing: border-box; margin-left: 0px; width: 548.25px; display: inline-block; vertical-align: top; line-height: 1.4;\"><li class=\"sNqDog\" style=\"text-align: left; box-sizing: border-box; margin: 0px; padding: 0px; list-style: none;\"><b>AW16</b></li></ul></li><li class=\"_1KuY3T row\" style=\"box-sizing: border-box; margin: 0px; padding: 0px; list-style: none; display: flex; flex-flow: row wrap; width: 731px;\"><div class=\"vmXPri col col-3-12\" style=\"text-align: left; box-sizing: border-box; margin: 0px; padding: 0px 8px 0px 0px; width: 182.75px; display: inline-block; vertical-align: top; color: rgb(135, 135, 135);\"><b>Closure</b></div><ul class=\"_3dG3ix col col-9-12\" style=\"box-sizing: border-box; margin-left: 0px; width: 548.25px; display: inline-block; vertical-align: top; line-height: 1.4;\"><li class=\"sNqDog\" style=\"text-align: left; box-sizing: border-box; margin: 0px; padding: 0px; list-style: none;\"><b>Laced</b></li></ul></li></ul>', '1.jpeg', '2.jpeg', '3.jpeg', 0, 'In Stock', '2017-03-10 20:19:22', '');

-- --------------------------------------------------------

--
-- Table structure for table `subcategory`
--

CREATE TABLE `subcategory` (
  `id` int(11) NOT NULL,
  `categoryid` int(11) DEFAULT NULL,
  `subcategory` varchar(255) DEFAULT NULL,
  `creationDate` timestamp NULL DEFAULT current_timestamp(),
  `updationDate` varchar(255) DEFAULT NULL
) ENGINE=InnoDB DEFAULT CHARSET=latin1;

--
-- Dumping data for table `subcategory`
--

INSERT INTO `subcategory` (`id`, `categoryid`, `subcategory`, `creationDate`, `updationDate`) VALUES
(2, 4, 'Led Television', '2017-01-26 16:24:52', '26-01-2017 11:03:40 PM'),
(3, 4, 'Television', '2017-01-26 16:29:09', ''),
(4, 4, 'Mobiles', '2017-01-30 16:55:48', ''),
(5, 4, 'Mobile Accessories', '2017-02-04 04:12:40', ''),
(6, 4, 'Laptops', '2017-02-04 04:13:00', ''),
(7, 4, 'Computers', '2017-02-04 04:13:27', ''),
(8, 3, 'Comics', '2017-02-04 04:13:54', ''),
(9, 5, 'Beds', '2017-02-04 04:36:45', ''),
(10, 5, 'Sofas', '2017-02-04 04:37:02', ''),
(11, 5, 'Dining Tables', '2017-02-04 04:37:51', ''),
(12, 6, 'Men Footwears', '2017-03-10 20:12:59', ''),
(13, 5, 'Wardrobes', '2021-07-20 16:58:43', NULL);

-- --------------------------------------------------------

--
-- Table structure for table `userlog`
--

CREATE TABLE `userlog` (
  `id` int(11) NOT NULL,
  `userEmail` varchar(255) DEFAULT NULL,
  `userip` binary(16) DEFAULT NULL,
  `loginTime` timestamp NULL DEFAULT current_timestamp(),
  `logout` varchar(255) DEFAULT NULL,
  `status` int(11) DEFAULT NULL
) ENGINE=InnoDB DEFAULT CHARSET=latin1;

--
-- Dumping data for table `userlog`
--

INSERT INTO `userlog` (`id`, `userEmail`, `userip`, `loginTime`, `logout`, `status`) VALUES
(1, 'anuj.lpu1@gmail.com', 0x3a3a3100000000000000000000000000, '2017-02-26 11:18:50', '', 1),
(2, 'anuj.lpu1@gmail.com', 0x3a3a3100000000000000000000000000, '2017-02-26 11:29:33', '', 1),
(3, 'anuj.lpu1@gmail.com', 0x3a3a3100000000000000000000000000, '2017-02-26 11:30:11', '', 1),
(4, 'anuj.lpu1@gmail.com', 0x3a3a3100000000000000000000000000, '2017-02-26 15:00:23', '26-02-2017 11:12:06 PM', 1),
(5, 'anuj.lpu1@gmail.com', 0x3a3a3100000000000000000000000000, '2017-02-26 18:08:58', '', 0),
(6, 'anuj.lpu1@gmail.com', 0x3a3a3100000000000000000000000000, '2017-02-26 18:09:41', '', 0),
(7, 'anuj.lpu1@gmail.com', 0x3a3a3100000000000000000000000000, '2017-02-26 18:10:04', '', 0),
(8, 'anuj.lpu1@gmail.com', 0x3a3a3100000000000000000000000000, '2017-02-26 18:10:31', '', 0),
(9, 'anuj.lpu1@gmail.com', 0x3a3a3100000000000000000000000000, '2017-02-26 18:13:43', '', 1),
(10, 'anuj.lpu1@gmail.com', 0x3a3a3100000000000000000000000000, '2017-02-27 18:52:58', '', 0),
(11, 'anuj.lpu1@gmail.com', 0x3a3a3100000000000000000000000000, '2017-02-27 18:53:07', '', 1),
(12, 'anuj.lpu1@gmail.com', 0x3a3a3100000000000000000000000000, '2017-03-03 18:00:09', '', 0),
(13, 'anuj.lpu1@gmail.com', 0x3a3a3100000000000000000000000000, '2017-03-03 18:00:15', '', 1),
(14, 'anuj.lpu1@gmail.com', 0x3a3a3100000000000000000000000000, '2017-03-06 18:10:26', '', 1),
(15, 'anuj.lpu1@gmail.com', 0x3a3a3100000000000000000000000000, '2017-03-07 12:28:16', '', 1),
(16, 'anuj.lpu1@gmail.com', 0x3a3a3100000000000000000000000000, '2017-03-07 18:43:27', '', 1),
(17, 'anuj.lpu1@gmail.com', 0x3a3a3100000000000000000000000000, '2017-03-07 18:55:33', '', 1),
(18, 'anuj.lpu1@gmail.com', 0x3a3a3100000000000000000000000000, '2017-03-07 19:44:29', '', 1),
(19, 'anuj.lpu1@gmail.com', 0x3a3a3100000000000000000000000000, '2017-03-08 19:21:15', '', 1),
(20, 'anuj.lpu1@gmail.com', 0x3a3a3100000000000000000000000000, '2017-03-15 17:19:38', '', 1),
(21, 'anuj.lpu1@gmail.com', 0x3a3a3100000000000000000000000000, '2017-03-15 17:20:36', '15-03-2017 10:50:39 PM', 1),
(22, 'anuj.lpu1@gmail.com', 0x3a3a3100000000000000000000000000, '2017-03-16 01:13:57', '', 1),
(23, 'hgfhgf@gmass.com', 0x3a3a3100000000000000000000000000, '2018-04-29 09:30:40', '', 1),
(24, 'romualdadjimagbe2018@gmail.com', 0x3a3a3100000000000000000000000000, '2021-08-21 20:27:09', NULL, 0),
(25, 'dayo@gmail.com', 0x3a3a3100000000000000000000000000, '2021-08-21 20:28:08', NULL, 1),
(26, 'peter01@gmail.com', 0x3a3a3100000000000000000000000000, '2021-09-02 14:30:29', NULL, 0),
(27, 'peter01@gmaill.com', 0x3a3a3100000000000000000000000000, '2021-09-02 14:31:18', NULL, 0),
(28, 'peter@gmail.com', 0x3a3a3100000000000000000000000000, '2021-09-02 14:31:26', NULL, 0),
(29, 'peter@gmail.com', 0x3a3a3100000000000000000000000000, '2021-09-02 14:32:01', NULL, 1);

-- --------------------------------------------------------

--
-- Table structure for table `users`
--

CREATE TABLE `users` (
  `id` int(11) NOT NULL,
  `name` varchar(255) DEFAULT NULL,
  `email` varchar(255) DEFAULT NULL,
  `contactno` bigint(11) DEFAULT NULL,
  `password` varchar(255) DEFAULT NULL,
  `shippingAddress` longtext DEFAULT NULL,
  `shippingState` varchar(255) DEFAULT NULL,
  `shippingCity` varchar(255) DEFAULT NULL,
  `shippingPincode` int(11) DEFAULT NULL,
  `billingAddress` longtext DEFAULT NULL,
  `billingState` varchar(255) DEFAULT NULL,
  `billingCity` varchar(255) DEFAULT NULL,
  `billingPincode` int(11) DEFAULT NULL,
  `regDate` timestamp NOT NULL DEFAULT current_timestamp(),
  `updationDate` varchar(255) DEFAULT NULL
) ENGINE=InnoDB DEFAULT CHARSET=latin1;

--
-- Dumping data for table `users`
--

INSERT INTO `users` (`id`, `name`, `email`, `contactno`, `password`, `shippingAddress`, `shippingState`, `shippingCity`, `shippingPincode`, `billingAddress`, `billingState`, `billingCity`, `billingPincode`, `regDate`, `updationDate`) VALUES
(1, 'Anuj Kumar', 'anuj.lpu1@gmail.com', 9009857868, 'f925916e2754e5e03f75dd58a5733251', 'CS New Delhi', 'New Delhi', 'Delhi', 110001, 'New Delhi', 'New Delhi', 'Delhi', 110092, '2017-02-04 19:30:50', ''),
(2, 'Amit ', 'amit@gmail.com', 8285703355, '5c428d8875d2948607f3e3fe134d71b4', '', '', '', 0, '', '', '', 0, '2017-03-15 17:21:22', ''),
(3, 'hg', 'hgfhgf@gmass.com', 1121312312, '827ccb0eea8a706c4c34a16891f84e7b', '', '', '', 0, '', '', '', 0, '2018-04-29 09:30:32', ''),
(4, 'dayo', 'dayo@gmail.com', 903836203, '388a6817b107a151c5e6a627fbde3a94', '5,Okesalu street', 'Dadra and Nagar Haveli (UT)', 'Ikotun', 909090, NULL, NULL, NULL, NULL, '2021-08-21 20:27:46', NULL),
(5, 'Peter', 'peter01@gmail', 903836203, 'bc0cbcacee08d345efe88f4e447db6ab', NULL, NULL, NULL, NULL, NULL, NULL, NULL, NULL, '2021-09-02 14:30:58', NULL),
(6, 'Peter', 'peter@gmail.com', 903836203, 'bc0cbcacee08d345efe88f4e447db6ab', '5,Okesalu street', 'Dadra and Nagar Haveli (UT)', 'Ikotun', 909090, NULL, NULL, NULL, NULL, '2021-09-02 14:31:54', NULL);

-- --------------------------------------------------------

--
-- Table structure for table `wishlist`
--

CREATE TABLE `wishlist` (
  `id` int(11) NOT NULL,
  `userId` int(11) DEFAULT NULL,
  `productId` int(11) DEFAULT NULL,
  `postingDate` timestamp NOT NULL DEFAULT current_timestamp()
) ENGINE=InnoDB DEFAULT CHARSET=latin1;

--
-- Dumping data for table `wishlist`
--

INSERT INTO `wishlist` (`id`, `userId`, `productId`, `postingDate`) VALUES
(1, 1, 0, '2017-02-27 18:53:17');

--
-- Indexes for dumped tables
--

--
-- Indexes for table `admin`
--
ALTER TABLE `admin`
  ADD PRIMARY KEY (`id`);

--
-- Indexes for table `category`
--
ALTER TABLE `category`
  ADD PRIMARY KEY (`id`);

--
-- Indexes for table `orders`
--
ALTER TABLE `orders`
  ADD PRIMARY KEY (`id`);

--
-- Indexes for table `ordertrackhistory`
--
ALTER TABLE `ordertrackhistory`
  ADD PRIMARY KEY (`id`);

--
-- Indexes for table `productreviews`
--
ALTER TABLE `productreviews`
  ADD PRIMARY KEY (`id`);

--
-- Indexes for table `products`
--
ALTER TABLE `products`
  ADD PRIMARY KEY (`id`);

--
-- Indexes for table `subcategory`
--
ALTER TABLE `subcategory`
  ADD PRIMARY KEY (`id`);

--
-- Indexes for table `userlog`
--
ALTER TABLE `userlog`
  ADD PRIMARY KEY (`id`);

--
-- Indexes for table `users`
--
ALTER TABLE `users`
  ADD PRIMARY KEY (`id`);

--
-- Indexes for table `wishlist`
--
ALTER TABLE `wishlist`
  ADD PRIMARY KEY (`id`);

--
-- AUTO_INCREMENT for dumped tables
--

--
-- AUTO_INCREMENT for table `admin`
--
ALTER TABLE `admin`
  MODIFY `id` int(11) NOT NULL AUTO_INCREMENT, AUTO_INCREMENT=2;

--
-- AUTO_INCREMENT for table `category`
--
ALTER TABLE `category`
  MODIFY `id` int(11) NOT NULL AUTO_INCREMENT, AUTO_INCREMENT=7;

--
-- AUTO_INCREMENT for table `orders`
--
ALTER TABLE `orders`
  MODIFY `id` int(11) NOT NULL AUTO_INCREMENT, AUTO_INCREMENT=14;

--
-- AUTO_INCREMENT for table `ordertrackhistory`
--
ALTER TABLE `ordertrackhistory`
  MODIFY `id` int(11) NOT NULL AUTO_INCREMENT, AUTO_INCREMENT=5;

--
-- AUTO_INCREMENT for table `productreviews`
--
ALTER TABLE `productreviews`
  MODIFY `id` int(11) NOT NULL AUTO_INCREMENT, AUTO_INCREMENT=5;

--
-- AUTO_INCREMENT for table `products`
--
ALTER TABLE `products`
  MODIFY `id` int(11) NOT NULL AUTO_INCREMENT, AUTO_INCREMENT=21;

--
-- AUTO_INCREMENT for table `subcategory`
--
ALTER TABLE `subcategory`
  MODIFY `id` int(11) NOT NULL AUTO_INCREMENT, AUTO_INCREMENT=14;

--
-- AUTO_INCREMENT for table `userlog`
--
ALTER TABLE `userlog`
  MODIFY `id` int(11) NOT NULL AUTO_INCREMENT, AUTO_INCREMENT=30;

--
-- AUTO_INCREMENT for table `users`
--
ALTER TABLE `users`
  MODIFY `id` int(11) NOT NULL AUTO_INCREMENT, AUTO_INCREMENT=7;

--
-- AUTO_INCREMENT for table `wishlist`
--
ALTER TABLE `wishlist`
  MODIFY `id` int(11) NOT NULL AUTO_INCREMENT, AUTO_INCREMENT=3;
--
-- Database: `test`
--
CREATE DATABASE IF NOT EXISTS `test` DEFAULT CHARACTER SET latin1 COLLATE latin1_swedish_ci;
USE `test`;
--
-- Database: `tms`
--
CREATE DATABASE IF NOT EXISTS `tms` DEFAULT CHARACTER SET utf8mb4 COLLATE utf8mb4_general_ci;
USE `tms`;

-- --------------------------------------------------------

--
-- Table structure for table `admin`
--

CREATE TABLE `admin` (
  `id` int(11) NOT NULL,
  `UserName` varchar(100) DEFAULT NULL,
  `Password` varchar(100) DEFAULT NULL,
  `updationDate` timestamp NULL DEFAULT NULL
) ENGINE=InnoDB DEFAULT CHARSET=latin1;

--
-- Dumping data for table `admin`
--

INSERT INTO `admin` (`id`, `UserName`, `Password`, `updationDate`) VALUES
(1, 'admin', 'f925916e2754e5e03f75dd58a5733251', '2020-05-11 11:18:49');

-- --------------------------------------------------------

--
-- Table structure for table `tblbooking`
--

CREATE TABLE `tblbooking` (
  `BookingId` int(11) NOT NULL,
  `PackageId` int(11) DEFAULT NULL,
  `UserEmail` varchar(100) DEFAULT NULL,
  `FromDate` varchar(100) DEFAULT NULL,
  `ToDate` varchar(100) DEFAULT NULL,
  `Comment` mediumtext DEFAULT NULL,
  `RegDate` timestamp NULL DEFAULT current_timestamp(),
  `status` int(11) DEFAULT NULL,
  `CancelledBy` varchar(5) DEFAULT NULL,
  `UpdationDate` timestamp NULL DEFAULT NULL ON UPDATE current_timestamp()
) ENGINE=InnoDB DEFAULT CHARSET=latin1;

--
-- Dumping data for table `tblbooking`
--

INSERT INTO `tblbooking` (`BookingId`, `PackageId`, `UserEmail`, `FromDate`, `ToDate`, `Comment`, `RegDate`, `status`, `CancelledBy`, `UpdationDate`) VALUES
(1, 1, 'test@gmail.com', '2020-07-11', '2020-07-18', 'I want this package.', '2020-07-08 06:38:36', 2, 'u', '2020-07-08 06:53:45'),
(2, 2, 'test@gmail.com', '2020-07-10', '2020-07-13', 'There is some discount', '2020-07-08 06:43:25', 1, NULL, '2020-07-08 06:52:44'),
(3, 4, 'abir@gmail.com', '2020-07-11', '2020-07-15', 'When I get conformation', '2020-07-08 06:44:39', 2, 'a', '2020-07-08 06:49:55'),
(4, 1, 'admin', '2021-07-20', '2021-07-21', 'i want to got oghana', '2021-07-20 16:41:39', 0, NULL, NULL);

-- --------------------------------------------------------

--
-- Table structure for table `tblenquiry`
--

CREATE TABLE `tblenquiry` (
  `id` int(11) NOT NULL,
  `FullName` varchar(100) DEFAULT NULL,
  `EmailId` varchar(100) DEFAULT NULL,
  `MobileNumber` char(10) DEFAULT NULL,
  `Subject` varchar(100) DEFAULT NULL,
  `Description` mediumtext DEFAULT NULL,
  `PostingDate` timestamp NULL DEFAULT current_timestamp(),
  `Status` int(1) DEFAULT NULL
) ENGINE=InnoDB DEFAULT CHARSET=latin1;

--
-- Dumping data for table `tblenquiry`
--

INSERT INTO `tblenquiry` (`id`, `FullName`, `EmailId`, `MobileNumber`, `Subject`, `Description`, `PostingDate`, `Status`) VALUES
(1, 'Jone Paaire', 'jone@gmail.com', '4646464646', 'Enquiry for Manali Trip', 'Kindly provide me more offer.', '2020-07-08 06:30:32', 1),
(2, 'Kishan Twaerea', 'kishan@gmail.com', '6797947987', 'Enquiry', 'Any Offer for North Trip', '2020-07-08 06:31:38', NULL),
(3, 'Jacaob', 'Jai@gmail.com', '1646689721', 'Any offer for North', 'Any Offer for north', '2020-07-08 06:32:41', 1);

-- --------------------------------------------------------

--
-- Table structure for table `tblissues`
--

CREATE TABLE `tblissues` (
  `id` int(11) NOT NULL,
  `UserEmail` varchar(100) DEFAULT NULL,
  `Issue` varchar(100) DEFAULT NULL,
  `Description` mediumtext DEFAULT NULL,
  `PostingDate` timestamp NULL DEFAULT current_timestamp(),
  `AdminRemark` mediumtext DEFAULT NULL,
  `AdminremarkDate` timestamp NULL DEFAULT NULL ON UPDATE current_timestamp()
) ENGINE=InnoDB DEFAULT CHARSET=latin1;

--
-- Dumping data for table `tblissues`
--

INSERT INTO `tblissues` (`id`, `UserEmail`, `Issue`, `Description`, `PostingDate`, `AdminRemark`, `AdminremarkDate`) VALUES
(1, NULL, NULL, NULL, '2020-07-08 06:33:20', NULL, NULL),
(2, NULL, NULL, NULL, '2020-07-08 06:33:56', NULL, NULL),
(3, NULL, NULL, NULL, '2020-07-08 06:34:20', NULL, NULL),
(4, NULL, NULL, NULL, '2020-07-08 06:34:38', NULL, NULL),
(5, NULL, NULL, NULL, '2020-07-08 06:35:06', NULL, NULL),
(6, 'test@gmail.com', 'Booking Issues', 'I am not able to book package', '2020-07-08 06:36:03', 'Ok, We will fix the issue asap', '2020-07-08 06:55:22'),
(7, 'test@gmail.com', 'Refund', 'I want my refund', '2020-07-08 06:56:29', NULL, NULL);

-- --------------------------------------------------------

--
-- Table structure for table `tblpages`
--

CREATE TABLE `tblpages` (
  `id` int(11) NOT NULL,
  `type` varchar(255) DEFAULT '',
  `detail` longtext DEFAULT NULL
) ENGINE=MyISAM DEFAULT CHARSET=latin1;

--
-- Dumping data for table `tblpages`
--

INSERT INTO `tblpages` (`id`, `type`, `detail`) VALUES
(1, 'terms', '										<p align=\"justify\"><font size=\"2\"><strong><font color=\"#990000\">(1) ACCEPTANCE OF TERMS</font><br><br></strong>Welcome to Yahoo! India. 1Yahoo Web Services India Private Limited Yahoo\", \"we\" or \"us\" as the case may be) provides the Service (defined below) to you, subject to the following Terms of Service (\"TOS\"), which may be updated by us from time to time without notice to you. You can review the most current version of the TOS at any time at: <a href=\"http://in.docs.yahoo.com/info/terms/\">http://in.docs.yahoo.com/info/terms/</a>. In addition, when using particular Yahoo services or third party services, you and Yahoo shall be subject to any posted guidelines or rules applicable to such services which may be posted from time to time. All such guidelines or rules, which maybe subject to change, are hereby incorporated by reference into the TOS. In most cases the guides and rules are specific to a particular part of the Service and will assist you in applying the TOS to that part, but to the extent of any inconsistency between the TOS and any guide or rule, the TOS will prevail. We may also offer other services from time to time that are governed by different Terms of Services, in which case the TOS do not apply to such other services if and to the extent expressly excluded by such different Terms of Services. Yahoo also may offer other services from time to time that are governed by different Terms of Services. These TOS do not apply to such other services that are governed by different Terms of Service. </font></p>\r\n<p align=\"justify\"><font size=\"2\">Welcome to Yahoo! India. Yahoo Web Services India Private Limited Yahoo\", \"we\" or \"us\" as the case may be) provides the Service (defined below) to you, subject to the following Terms of Service (\"TOS\"), which may be updated by us from time to time without notice to you. You can review the most current version of the TOS at any time at: </font><a href=\"http://in.docs.yahoo.com/info/terms/\"><font size=\"2\">http://in.docs.yahoo.com/info/terms/</font></a><font size=\"2\">. In addition, when using particular Yahoo services or third party services, you and Yahoo shall be subject to any posted guidelines or rules applicable to such services which may be posted from time to time. All such guidelines or rules, which maybe subject to change, are hereby incorporated by reference into the TOS. In most cases the guides and rules are specific to a particular part of the Service and will assist you in applying the TOS to that part, but to the extent of any inconsistency between the TOS and any guide or rule, the TOS will prevail. We may also offer other services from time to time that are governed by different Terms of Services, in which case the TOS do not apply to such other services if and to the extent expressly excluded by such different Terms of Services. Yahoo also may offer other services from time to time that are governed by different Terms of Services. These TOS do not apply to such other services that are governed by different Terms of Service. </font></p>\r\n<p align=\"justify\"><font size=\"2\">Welcome to Yahoo! India. Yahoo Web Services India Private Limited Yahoo\", \"we\" or \"us\" as the case may be) provides the Service (defined below) to you, subject to the following Terms of Service (\"TOS\"), which may be updated by us from time to time without notice to you. You can review the most current version of the TOS at any time at: </font><a href=\"http://in.docs.yahoo.com/info/terms/\"><font size=\"2\">http://in.docs.yahoo.com/info/terms/</font></a><font size=\"2\">. In addition, when using particular Yahoo services or third party services, you and Yahoo shall be subject to any posted guidelines or rules applicable to such services which may be posted from time to time. All such guidelines or rules, which maybe subject to change, are hereby incorporated by reference into the TOS. In most cases the guides and rules are specific to a particular part of the Service and will assist you in applying the TOS to that part, but to the extent of any inconsistency between the TOS and any guide or rule, the TOS will prevail. We may also offer other services from time to time that are governed by different Terms of Services, in which case the TOS do not apply to such other services if and to the extent expressly excluded by such different Terms of Services. Yahoo also may offer other services from time to time that are governed by different Terms of Services. These TOS do not apply to such other services that are governed by different Terms of Service. </font></p>\r\n										'),
(2, 'privacy', '										<span style=\"color: rgb(0, 0, 0); font-family: &quot;Open Sans&quot;, Arial, sans-serif; font-size: 14px; text-align: justify;\">At vero eos et accusamus et iusto odio dignissimos ducimus qui blanditiis praesentium voluptatum deleniti atque corrupti quos dolores et quas molestias excepturi sint occaecati cupiditate non provident, similique sunt in culpa qui officia deserunt mollitia animi, id est laborum et dolorum fuga. Et harum quidem rerum facilis est et expedita distinctio. Nam libero tempore, cum soluta nobis est eligendi optio cumque nihil impedit quo minus id quod maxime placeat facere possimus, omnis voluptas assumenda est, omnis dolor repellendus. Temporibus autem quibusdam et aut officiis debitis aut rerum necessitatibus saepe eveniet ut et voluptates repudiandae sint et molestiae non recusandae. Itaque earum rerum hic tenetur a sapiente delectus, ut aut reiciendis voluptatibus maiores alias consequatur aut perferendis doloribus asperiores repellat</span>\r\n										'),
(3, 'aboutus', '<div><span style=\"color: rgb(0, 0, 0); font-family: Georgia; font-size: 15px; text-align: justify; font-weight: bold;\">Welcome to Tourism Management System!!!</span></div><span style=\"font-family: &quot;courier new&quot;;\"><span style=\"color: rgb(0, 0, 0); font-size: 15px; text-align: justify;\">Since then, our courteous and committed team members have always ensured a pleasant and enjoyable tour for the clients. This arduous effort has enabled Shreya Tour &amp; Travels to be recognized as a dependable Travel Solutions provider with three offices Delhi.</span><span style=\"color: rgb(80, 80, 80); font-size: 13px;\">&nbsp;We have got packages to suit the discerning traveler\'s budget and savor. Book your dream vacation online. Supported quality and proposals of our travel consultants, we have a tendency to welcome you to decide on from holidays packages and customize them according to your plan.</span></span>'),
(11, 'contact', '																				<span style=\"color: rgb(0, 0, 0); font-family: &quot;Open Sans&quot;, Arial, sans-serif; font-size: 14px; text-align: justify;\">Address------J-890 Dwarka House New Delhi-110096</span>');

-- --------------------------------------------------------

--
-- Table structure for table `tbltourpackages`
--

CREATE TABLE `tbltourpackages` (
  `PackageId` int(11) NOT NULL,
  `PackageName` varchar(200) DEFAULT NULL,
  `PackageType` varchar(150) DEFAULT NULL,
  `PackageLocation` varchar(100) DEFAULT NULL,
  `PackagePrice` int(11) DEFAULT NULL,
  `PackageFetures` varchar(255) DEFAULT NULL,
  `PackageDetails` mediumtext DEFAULT NULL,
  `PackageImage` varchar(100) DEFAULT NULL,
  `Creationdate` timestamp NULL DEFAULT current_timestamp(),
  `UpdationDate` timestamp NULL DEFAULT NULL ON UPDATE current_timestamp()
) ENGINE=InnoDB DEFAULT CHARSET=latin1;

--
-- Dumping data for table `tbltourpackages`
--

INSERT INTO `tbltourpackages` (`PackageId`, `PackageName`, `PackageType`, `PackageLocation`, `PackagePrice`, `PackageFetures`, `PackageDetails`, `PackageImage`, `Creationdate`, `UpdationDate`) VALUES
(1, 'Swiss Paris Delight Premium 2020 (Group Package)', 'Group Package', 'Paris and Switzerland', 6000, ' Round trip Economy class airfare valid for the duration of the holiday - Airport taxes - Accommodation for 3 nights in Paris and 3 nights in scenic Switzerland - Enjoy continental breakfasts every morning - Enjoy 5 Indian dinners in Mainland Europe - Exp', 'Pick this holiday for a relaxing vacation in Paris and Switzerland. Your tour embarks from Paris. Enjoy an excursion to popular attractions like the iconic Eiffel Tower. After experiencing the beautiful city, you will drive past mustard fields through Burgundy to reach Switzerland. While there, you can opt for a tour to Interlaken and then to the Trummelbach Falls. Photostop at Zurich Lake and a cable car ride to Mt. Titlis are the main highlights of the holiday.', '1581490262_2_1.jpg', '2020-07-08 05:21:58', NULL),
(2, 'Bhutan Holidays - Thimphu and Paro Special', 'Family Package', 'Bhutan', 3000, 'Free Wi-fi, Free Breakfast, Free Pickup and drop facility ', 'Visit to Tiger\'s Nest Monastery | Complimentary services of a Professional Guide', 'BHUTAN-THIMPU-PARO-PUNAKHA-TOUR-6N-7D.jpeg', '2020-07-08 05:37:40', '2020-07-08 06:09:01'),
(3, 'Soulmate Special Bali - 7 Nights', 'Couple Package', 'Indonesia(Bali)', 5000, 'Free Pickup and drop facility, Free Wi-fi , Free professional guide', 'Airport transfers by private car | Popular Sightseeing included | Suitable for Couple and budget travelers', '1583140977_5_11.jpg', '2020-07-08 05:41:07', '2020-07-09 05:23:27'),
(4, 'Kerala - A Lovers Paradise - Value Added', 'Family Package', 'Kerala', 1000, 'Free Wi-fi, Free pick up and drop facility,', 'Visit Matupetty Dam, tea plantation and a spice garden | View sunset in Kanyakumari | AC Car at disposal for 2hrs extra (once per city)', 'images (2).jpg', '2020-07-08 05:45:58', NULL),
(5, 'Short Trip To Dubai', 'Family', 'Dubai', 4500, 'Free pick up and drop facility, Free Wi-fi, Free breakfast', 'A Holiday Package for the entire family.', 'unnamed.jpg', '2020-07-08 05:49:13', NULL),
(6, 'Sikkim Delight with Darjeeling (customizable)', 'Group', 'Sikkim', 3500, 'Free Breakfast, Free Pick up drop facility', 'Changu Lake and New Baba Mandir excursion | View the sunrise from Tiger Hill | Get Blessed at the famous Rumtek Monastery', 'download (2).jpg', '2020-07-08 05:51:26', NULL),
(7, '6 Days in Guwahati and Shillong With Cherrapunji Excursion', 'Family Package', 'Guwahati(Sikkim)', 4500, 'Breakfast,  Accommodation  Pick-up  Drop  Sightseeing', 'After arrival at Guwahati airport meet our representative & proceed for Shillong. Shillong is the capital and hill station of Meghalaya, also known as Abode of Cloud, one of the smallest states in India. En route visit Barapani lake. By afternoon reach at Shillong. Check in to the hotel. Evening is leisure. Spent time as you want. Visit Police bazar. Overnight stay at Shillong.', '95995.jpg', '2020-07-08 05:54:42', NULL),
(8, 'Grand Week in North East - Lachung, Lachen and Gangtok', 'Domestic Packages', 'Sikkim', 4500, 'Free Breakfast, Free Wi-fi', 'Changu Lakeand New Baba Mandir excursion | Yumthang Valley tour | Gurudongmar Lake excursion | Night stay in Lachen', 'download (3).jpg', '2020-07-08 06:05:24', NULL),
(9, 'Gangtok & Darjeeling Holiday (Without Flights)', 'Family Package', 'Sikkim', 1000, 'Free Wi-fi, Free pickup and drop facility', 'Ideal tour for Family | Sightseeing in Gangtok and Darjeeling | Full day excursion to idyllic Changu Lake | Visit to Ghoom Monastery', '1540382781_shutterstock_661867435.jpg.jpg', '2020-07-08 06:07:48', NULL);

-- --------------------------------------------------------

--
-- Table structure for table `tblusers`
--

CREATE TABLE `tblusers` (
  `id` int(11) NOT NULL,
  `FullName` varchar(100) DEFAULT NULL,
  `MobileNumber` char(10) DEFAULT NULL,
  `EmailId` varchar(70) DEFAULT NULL,
  `Password` varchar(100) DEFAULT NULL,
  `RegDate` timestamp NULL DEFAULT current_timestamp(),
  `UpdationDate` timestamp NULL DEFAULT NULL ON UPDATE current_timestamp()
) ENGINE=InnoDB DEFAULT CHARSET=latin1;

--
-- Dumping data for table `tblusers`
--

INSERT INTO `tblusers` (`id`, `FullName`, `MobileNumber`, `EmailId`, `Password`, `RegDate`, `UpdationDate`) VALUES
(1, 'Manju Srivatav', '4456464654', 'manju@gmail.com', '202cb962ac59075b964b07152d234b70', '2020-07-08 06:33:20', NULL),
(2, 'Kishan', '9871987979', 'kishan@gmail.com', '202cb962ac59075b964b07152d234b70', '2020-07-08 06:33:56', NULL),
(3, 'Salvi Chandra', '1398756416', 'salvi@gmail.com', '202cb962ac59075b964b07152d234b70', '2020-07-08 06:34:20', NULL),
(4, 'Abir', '4789756456', 'abir@gmail.com', '202cb962ac59075b964b07152d234b70', '2020-07-08 06:34:38', NULL),
(5, 'Test', '1987894654', 'anuj@gmail.com', 'f925916e2754e5e03f75dd58a5733251', '2020-07-08 06:35:06', '2021-05-11 04:37:41');

--
-- Indexes for dumped tables
--

--
-- Indexes for table `admin`
--
ALTER TABLE `admin`
  ADD PRIMARY KEY (`id`);

--
-- Indexes for table `tblbooking`
--
ALTER TABLE `tblbooking`
  ADD PRIMARY KEY (`BookingId`);

--
-- Indexes for table `tblenquiry`
--
ALTER TABLE `tblenquiry`
  ADD PRIMARY KEY (`id`);

--
-- Indexes for table `tblissues`
--
ALTER TABLE `tblissues`
  ADD PRIMARY KEY (`id`);

--
-- Indexes for table `tblpages`
--
ALTER TABLE `tblpages`
  ADD PRIMARY KEY (`id`);

--
-- Indexes for table `tbltourpackages`
--
ALTER TABLE `tbltourpackages`
  ADD PRIMARY KEY (`PackageId`);

--
-- Indexes for table `tblusers`
--
ALTER TABLE `tblusers`
  ADD PRIMARY KEY (`id`),
  ADD KEY `EmailId` (`EmailId`),
  ADD KEY `EmailId_2` (`EmailId`);

--
-- AUTO_INCREMENT for dumped tables
--

--
-- AUTO_INCREMENT for table `admin`
--
ALTER TABLE `admin`
  MODIFY `id` int(11) NOT NULL AUTO_INCREMENT, AUTO_INCREMENT=2;

--
-- AUTO_INCREMENT for table `tblbooking`
--
ALTER TABLE `tblbooking`
  MODIFY `BookingId` int(11) NOT NULL AUTO_INCREMENT, AUTO_INCREMENT=5;

--
-- AUTO_INCREMENT for table `tblenquiry`
--
ALTER TABLE `tblenquiry`
  MODIFY `id` int(11) NOT NULL AUTO_INCREMENT, AUTO_INCREMENT=4;

--
-- AUTO_INCREMENT for table `tblissues`
--
ALTER TABLE `tblissues`
  MODIFY `id` int(11) NOT NULL AUTO_INCREMENT, AUTO_INCREMENT=8;

--
-- AUTO_INCREMENT for table `tblpages`
--
ALTER TABLE `tblpages`
  MODIFY `id` int(11) NOT NULL AUTO_INCREMENT, AUTO_INCREMENT=22;

--
-- AUTO_INCREMENT for table `tbltourpackages`
--
ALTER TABLE `tbltourpackages`
  MODIFY `PackageId` int(11) NOT NULL AUTO_INCREMENT, AUTO_INCREMENT=10;

--
-- AUTO_INCREMENT for table `tblusers`
--
ALTER TABLE `tblusers`
  MODIFY `id` int(11) NOT NULL AUTO_INCREMENT, AUTO_INCREMENT=8;
--
-- Database: `training`
--
CREATE DATABASE IF NOT EXISTS `training` DEFAULT CHARACTER SET utf8mb4 COLLATE utf8mb4_general_ci;
USE `training`;

-- --------------------------------------------------------

--
-- Table structure for table `training_id`
--

CREATE TABLE `training_id` (
  `name_id` text DEFAULT NULL
) ENGINE=InnoDB DEFAULT CHARSET=utf8mb4;
--
-- Database: `trms`
--
CREATE DATABASE IF NOT EXISTS `trms` DEFAULT CHARACTER SET utf8mb4 COLLATE utf8mb4_general_ci;
USE `trms`;

-- --------------------------------------------------------

--
-- Table structure for table `tbladmin`
--

CREATE TABLE `tbladmin` (
  `ID` int(10) NOT NULL,
  `AdminName` varchar(120) DEFAULT NULL,
  `UserName` varchar(120) DEFAULT NULL,
  `MobileNumber` bigint(10) DEFAULT NULL,
  `Email` varchar(120) DEFAULT NULL,
  `Password` varchar(200) DEFAULT NULL,
  `AdminRegdate` timestamp NULL DEFAULT current_timestamp()
) ENGINE=InnoDB DEFAULT CHARSET=latin1;

--
-- Dumping data for table `tbladmin`
--

INSERT INTO `tbladmin` (`ID`, `AdminName`, `UserName`, `MobileNumber`, `Email`, `Password`, `AdminRegdate`) VALUES
(1, 'Admin', 'admin', 8979555556, 'adminuser@gmail.com', 'f925916e2754e5e03f75dd58a5733251', '2019-10-04 06:10:04');

-- --------------------------------------------------------

--
-- Table structure for table `tblsubjects`
--

CREATE TABLE `tblsubjects` (
  `ID` int(10) NOT NULL,
  `Subject` varchar(120) DEFAULT NULL,
  `CreationDate` timestamp NULL DEFAULT current_timestamp()
) ENGINE=InnoDB DEFAULT CHARSET=latin1;

--
-- Dumping data for table `tblsubjects`
--

INSERT INTO `tblsubjects` (`ID`, `Subject`, `CreationDate`) VALUES
(1, 'Mathmetics', '2019-10-07 06:11:06'),
(2, 'Physics', '2019-10-07 06:11:19'),
(3, 'Chemistry', '2019-10-07 06:11:32'),
(4, 'Biology', '2019-10-07 06:11:41'),
(5, 'Hindi', '2019-10-07 06:11:49'),
(6, 'English', '2019-10-07 06:11:56'),
(7, 'Science', '2019-10-07 06:12:06'),
(8, 'Social Science', '2019-10-07 06:12:19'),
(9, 'Accounts', '2019-10-07 06:12:32'),
(10, 'Arts', '2019-10-07 06:12:44'),
(11, 'Musics', '2019-10-07 06:12:53'),
(12, 'Sanskrit', '2019-10-07 06:13:08'),
(13, 'Operating System (OS)', '2019-10-13 19:00:22');

-- --------------------------------------------------------

--
-- Table structure for table `tblteacher`
--

CREATE TABLE `tblteacher` (
  `ID` int(10) NOT NULL,
  `Name` varchar(120) DEFAULT NULL,
  `Picture` varchar(200) NOT NULL,
  `Email` varchar(120) DEFAULT NULL,
  `MobileNumber` bigint(10) DEFAULT NULL,
  `Qualifications` varchar(120) DEFAULT NULL,
  `Address` varchar(200) DEFAULT NULL,
  `TeacherSub` varchar(120) DEFAULT NULL,
  `JoiningDate` varchar(120) DEFAULT NULL,
  `RegDate` timestamp NOT NULL DEFAULT current_timestamp()
) ENGINE=InnoDB DEFAULT CHARSET=latin1;

--
-- Dumping data for table `tblteacher`
--

INSERT INTO `tblteacher` (`ID`, `Name`, `Picture`, `Email`, `MobileNumber`, `Qualifications`, `Address`, `TeacherSub`, `JoiningDate`, `RegDate`) VALUES
(1, 'Abir Singh', '7fdc1a630c238af0815181f9faa190f51570433828.jpg', 'abir@gmail.com', 4654654646, 'M.Tech(IT)', 'Flat No=646, Mayur Vihar Phase 1 New Delhi', 'Mathmetics', '2019-10-07', '2019-10-07 07:37:08'),
(2, 'Gyan Tripathi', 'e9db84d0e11b5c26723e9951e4f7204b1570445433.jpg', 'gyan@gmail.com', 8989898988, 'B.TECH', 'H.No=B 3/4 Shivala Varanasi 221001', 'Accounts', '2019-10-02', '2019-10-07 07:45:52'),
(3, 'Nikhil Singh', '2d99ae9e904f880eef8feb4e61882b791570445365.jpg', 'nik@gmail.com', 1213123213, 'B.ED(Commerce)', 'JK block H.no 3156 Laxmi Nagar', 'Arts', '2019-10-01', '2019-10-07 07:47:20'),
(4, 'Anuj Kumar', '3640809ea9da2fb83a3f8ac12432d8551570993351.png', 'phpgurukulofficial@gmail.com', 9864723742, 'B.Tech, MBA', 'New Delhi India 110091', 'Operating System (OS)', '2019-10-01', '2019-10-13 19:01:45');

--
-- Indexes for dumped tables
--

--
-- Indexes for table `tbladmin`
--
ALTER TABLE `tbladmin`
  ADD PRIMARY KEY (`ID`);

--
-- Indexes for table `tblsubjects`
--
ALTER TABLE `tblsubjects`
  ADD PRIMARY KEY (`ID`);

--
-- Indexes for table `tblteacher`
--
ALTER TABLE `tblteacher`
  ADD PRIMARY KEY (`ID`);

--
-- AUTO_INCREMENT for dumped tables
--

--
-- AUTO_INCREMENT for table `tbladmin`
--
ALTER TABLE `tbladmin`
  MODIFY `ID` int(10) NOT NULL AUTO_INCREMENT, AUTO_INCREMENT=2;

--
-- AUTO_INCREMENT for table `tblsubjects`
--
ALTER TABLE `tblsubjects`
  MODIFY `ID` int(10) NOT NULL AUTO_INCREMENT, AUTO_INCREMENT=14;

--
-- AUTO_INCREMENT for table `tblteacher`
--
ALTER TABLE `tblteacher`
  MODIFY `ID` int(10) NOT NULL AUTO_INCREMENT, AUTO_INCREMENT=5;
--
-- Database: `useraccounts`
--
CREATE DATABASE IF NOT EXISTS `useraccounts` DEFAULT CHARACTER SET utf8mb4 COLLATE utf8mb4_general_ci;
USE `useraccounts`;

-- --------------------------------------------------------

--
-- Table structure for table `users`
--

CREATE TABLE `users` (
  `id` int(11) NOT NULL,
  `firstname` varchar(100) NOT NULL,
  `lastname` varchar(100) NOT NULL,
  `email` varchar(100) NOT NULL,
  `phonenumber` varchar(50) NOT NULL,
  `password` varchar(50) NOT NULL
) ENGINE=InnoDB DEFAULT CHARSET=utf8mb4;

--
-- Dumping data for table `users`
--

INSERT INTO `users` (`id`, `firstname`, `lastname`, `email`, `phonenumber`, `password`) VALUES
(1, 'Romuald', 'De', 'romualdadjimagbe2018@gmail.com', '09038362031', 'Romuald2018'),
(2, 'Romuald', 'Degbe', 'romualdadjimagbe2018@gmail.com', '09063514430', 'Romuald2018');

--
-- Indexes for dumped tables
--

--
-- Indexes for table `users`
--
ALTER TABLE `users`
  ADD PRIMARY KEY (`id`);

--
-- AUTO_INCREMENT for dumped tables
--

--
-- AUTO_INCREMENT for table `users`
--
ALTER TABLE `users`
  MODIFY `id` int(11) NOT NULL AUTO_INCREMENT, AUTO_INCREMENT=3;
--
-- Database: `userinfo`
--
CREATE DATABASE IF NOT EXISTS `userinfo` DEFAULT CHARACTER SET utf8mb4 COLLATE utf8mb4_general_ci;
USE `userinfo`;

-- --------------------------------------------------------

--
-- Table structure for table `userinfo`
--

CREATE TABLE `userinfo` (
  `id` int(11) DEFAULT NULL,
  `email` varchar(255) NOT NULL,
  `password` int(11) NOT NULL,
  `updation_date` timestamp NOT NULL DEFAULT current_timestamp()
) ENGINE=InnoDB DEFAULT CHARSET=latin1;

--
-- Dumping data for table `userinfo`
--

INSERT INTO `userinfo` (`id`, `email`, `password`, `updation_date`) VALUES
(1, 'admin', 12345, '2016-05-01 16:08:05');
--
-- Database: `userr`
--
CREATE DATABASE IF NOT EXISTS `userr` DEFAULT CHARACTER SET utf8mb4 COLLATE utf8mb4_general_ci;
USE `userr`;

-- --------------------------------------------------------

--
-- Table structure for table `users`
--

CREATE TABLE `users` (
  `id` int(11) NOT NULL,
  `firstname` varchar(100) NOT NULL,
  `lastname` varchar(100) NOT NULL,
  `email` varchar(50) NOT NULL,
  `mobilenumber` varchar(50) NOT NULL,
  `password` varchar(255) NOT NULL,
  `token` varchar(255) NOT NULL,
  `is_active` enum('0','1') NOT NULL,
  `date_time` date NOT NULL
) ENGINE=InnoDB DEFAULT CHARSET=utf8;
--
-- Database: `user_reg`
--
CREATE DATABASE IF NOT EXISTS `user_reg` DEFAULT CHARACTER SET utf8mb4 COLLATE utf8mb4_general_ci;
USE `user_reg`;
--
-- Database: `vehicle_reg`
--
CREATE DATABASE IF NOT EXISTS `vehicle_reg` DEFAULT CHARACTER SET utf8mb4 COLLATE utf8mb4_general_ci;
USE `vehicle_reg`;

-- --------------------------------------------------------

--
-- Table structure for table `admin`
--

CREATE TABLE `admin` (
  `admin_id` int(11) NOT NULL,
  `username` varchar(200) NOT NULL,
  `password` text NOT NULL
) ENGINE=InnoDB DEFAULT CHARSET=utf8mb4;

--
-- Dumping data for table `admin`
--

INSERT INTO `admin` (`admin_id`, `username`, `password`) VALUES
(1, 'admin', '21232f297a57a5a743894a0e4a801fc3');

-- --------------------------------------------------------

--
-- Table structure for table `users`
--

CREATE TABLE `users` (
  `user_id` int(11) NOT NULL,
  `fullname` varchar(200) NOT NULL,
  `address` varchar(250) NOT NULL,
  `phone` varchar(120) NOT NULL,
  `image` varchar(200) NOT NULL,
  `email` varchar(200) NOT NULL,
  `password` text NOT NULL,
  `date_joined` timestamp NOT NULL DEFAULT current_timestamp()
) ENGINE=InnoDB DEFAULT CHARSET=utf8mb4;

--
-- Dumping data for table `users`
--

INSERT INTO `users` (`user_id`, `fullname`, `address`, `phone`, `image`, `email`, `password`, `date_joined`) VALUES
(1, 'gggg', '7, 12yyyy', '899999', '7884-', 'thenewxpat@gmail.com', 'a38e5a87365594bed6c23814bfdaf7fd', '2020-12-21 11:22:22'),
(2, 'jgg', '6, iuytfghjkhg', '0987655447', '7017-DSC_09g69.jpg', 'ffff@gh.bom', '125d16a14f2262cc0f66a74285f72eb1', '2020-12-21 11:22:22'),
(3, 'Ayoola Kazeem', '6, Ayoola close', '09078556799', '8921-DSC_09g69.jpg', 'ayoola@gmail.com', 'b764a13000697ddc1bc9901db75db1a5', '2020-12-21 12:21:12'),
(4, 'Degbe Romuald David', 'pahayi', '09077777777', '5355-back.jpg', 'ADE@ADE.COM', 'a562cfa07c2b1213b3a5c99b756fc206', '2020-12-20 10:24:56');

-- --------------------------------------------------------

--
-- Table structure for table `vehicles`
--

CREATE TABLE `vehicles` (
  `vehicle_id` int(11) NOT NULL,
  `user_id` int(11) NOT NULL,
  `vehicle_type_id` int(11) NOT NULL,
  `brand` varchar(200) NOT NULL,
  `model` varchar(200) NOT NULL,
  `ipn` varchar(190) NOT NULL,
  `nin` varchar(200) NOT NULL,
  `tin` varchar(200) NOT NULL,
  `address` varchar(200) NOT NULL,
  `address_proof` varchar(200) NOT NULL,
  `driver_license` varchar(200) NOT NULL,
  `ownership_proof` varchar(200) NOT NULL,
  `date_added` timestamp NOT NULL DEFAULT current_timestamp(),
  `status` int(11) NOT NULL DEFAULT 0,
  `code` varchar(120) NOT NULL
) ENGINE=InnoDB DEFAULT CHARSET=utf8mb4;

--
-- Dumping data for table `vehicles`
--

INSERT INTO `vehicles` (`vehicle_id`, `user_id`, `vehicle_type_id`, `brand`, `model`, `ipn`, `nin`, `tin`, `address`, `address_proof`, `driver_license`, `ownership_proof`, `date_added`, `status`, `code`) VALUES
(5, 1, 2, 'vvdd', 'frg', 'rgret4t4t456565t', 'rgret4t4t456565t', 'rgret4t4t456565t', 'rgret4t4t456565t', '9686-13-View-Savings-Records.PNG', '1568-13-View-Savings-Records.PNG', '5286-14-View-Interest-Records.PNG', '2020-12-21 08:07:14', 1, 'FGN-160853803412375'),
(9, 1, 1, 'jkkj', 'hhh', 'hjhjh', 'hjhh', 'hhh', 'jhh', '7390-13-View-Savings-Records.PNG', '1955-14-View-Interest-Records.PNG', '8581-14-View-Interest-Records.PNG', '2020-12-21 08:13:03', 1, 'FGN-160853838316469'),
(10, 1, 1, 'ghhhhh', 'hjbjhg', 'h', 'jhg', 'hjgh', 'ouhuh', '4901-13-View-Savings-Records.PNG', '5330-13-View-Savings-Records.PNG', '9277-13-View-Savings-Records.PNG', '2020-12-21 08:14:26', 1, 'FGN-160853846618004');

-- --------------------------------------------------------

--
-- Table structure for table `vehicle_type`
--

CREATE TABLE `vehicle_type` (
  `vehicle_type_id` int(11) NOT NULL,
  `vehicle_type` varchar(120) NOT NULL
) ENGINE=InnoDB DEFAULT CHARSET=utf8mb4;

--
-- Dumping data for table `vehicle_type`
--

INSERT INTO `vehicle_type` (`vehicle_type_id`, `vehicle_type`) VALUES
(1, 'Car'),
(2, 'Truck');

--
-- Indexes for dumped tables
--

--
-- Indexes for table `admin`
--
ALTER TABLE `admin`
  ADD PRIMARY KEY (`admin_id`);

--
-- Indexes for table `users`
--
ALTER TABLE `users`
  ADD PRIMARY KEY (`user_id`);

--
-- Indexes for table `vehicles`
--
ALTER TABLE `vehicles`
  ADD PRIMARY KEY (`vehicle_id`);

--
-- Indexes for table `vehicle_type`
--
ALTER TABLE `vehicle_type`
  ADD PRIMARY KEY (`vehicle_type_id`);

--
-- AUTO_INCREMENT for dumped tables
--

--
-- AUTO_INCREMENT for table `admin`
--
ALTER TABLE `admin`
  MODIFY `admin_id` int(11) NOT NULL AUTO_INCREMENT, AUTO_INCREMENT=2;

--
-- AUTO_INCREMENT for table `users`
--
ALTER TABLE `users`
  MODIFY `user_id` int(11) NOT NULL AUTO_INCREMENT, AUTO_INCREMENT=5;

--
-- AUTO_INCREMENT for table `vehicles`
--
ALTER TABLE `vehicles`
  MODIFY `vehicle_id` int(11) NOT NULL AUTO_INCREMENT, AUTO_INCREMENT=12;

--
-- AUTO_INCREMENT for table `vehicle_type`
--
ALTER TABLE `vehicle_type`
  MODIFY `vehicle_type_id` int(11) NOT NULL AUTO_INCREMENT, AUTO_INCREMENT=3;
--
-- Database: `voting_db`
--
CREATE DATABASE IF NOT EXISTS `voting_db` DEFAULT CHARACTER SET utf8mb4 COLLATE utf8mb4_general_ci;
USE `voting_db`;

-- --------------------------------------------------------

--
-- Table structure for table `category_list`
--

CREATE TABLE `category_list` (
  `id` int(30) NOT NULL,
  `category` text NOT NULL
) ENGINE=InnoDB DEFAULT CHARSET=utf8mb4;

--
-- Dumping data for table `category_list`
--

INSERT INTO `category_list` (`id`, `category`) VALUES
(1, 'President'),
(3, 'Vice Presindent'),
(4, 'Officer');

-- --------------------------------------------------------

--
-- Table structure for table `users`
--

CREATE TABLE `users` (
  `id` int(30) NOT NULL,
  `name` varchar(200) NOT NULL,
  `username` varchar(100) NOT NULL,
  `password` varchar(200) NOT NULL,
  `type` tinyint(1) NOT NULL DEFAULT 2 COMMENT '1+admin , 2 = users'
) ENGINE=InnoDB DEFAULT CHARSET=utf8mb4;

--
-- Dumping data for table `users`
--

INSERT INTO `users` (`id`, `name`, `username`, `password`, `type`) VALUES
(1, 'Administrator', 'admin', 'admin123', 1),
(2, 'John Smith', 'jsmith', 'admin123', 1),
(3, 'Voter 2', 'voter2', 'voter2', 2),
(4, 'Voter 1', 'voter1', 'voter1', 2);

-- --------------------------------------------------------

--
-- Table structure for table `votes`
--

CREATE TABLE `votes` (
  `id` int(30) NOT NULL,
  `voting_id` int(30) NOT NULL,
  `category_id` int(30) NOT NULL,
  `voting_opt_id` int(30) NOT NULL,
  `user_id` int(30) NOT NULL
) ENGINE=InnoDB DEFAULT CHARSET=utf8mb4;

--
-- Dumping data for table `votes`
--

INSERT INTO `votes` (`id`, `voting_id`, `category_id`, `voting_opt_id`, `user_id`) VALUES
(1, 1, 1, 1, 3),
(2, 1, 3, 5, 3),
(3, 1, 4, 6, 3),
(4, 1, 4, 7, 3),
(5, 1, 4, 8, 3),
(6, 1, 4, 9, 3),
(7, 1, 1, 3, 4),
(8, 1, 3, 12, 4),
(9, 1, 4, 6, 4),
(10, 1, 4, 8, 4),
(11, 1, 4, 10, 4),
(12, 1, 4, 11, 4);

-- --------------------------------------------------------

--
-- Table structure for table `voting_cat_settings`
--

CREATE TABLE `voting_cat_settings` (
  `id` int(30) NOT NULL,
  `voting_id` int(30) NOT NULL,
  `category_id` int(30) NOT NULL,
  `max_selection` int(10) NOT NULL
) ENGINE=InnoDB DEFAULT CHARSET=utf8mb4;

--
-- Dumping data for table `voting_cat_settings`
--

INSERT INTO `voting_cat_settings` (`id`, `voting_id`, `category_id`, `max_selection`) VALUES
(1, 1, 1, 1),
(2, 1, 3, 1),
(3, 1, 4, 4);

-- --------------------------------------------------------

--
-- Table structure for table `voting_list`
--

CREATE TABLE `voting_list` (
  `id` int(30) NOT NULL,
  `title` varchar(250) NOT NULL,
  `description` text NOT NULL,
  `is_default` tinyint(1) NOT NULL DEFAULT 0
) ENGINE=InnoDB DEFAULT CHARSET=utf8mb4;

--
-- Dumping data for table `voting_list`
--

INSERT INTO `voting_list` (`id`, `title`, `description`, `is_default`) VALUES
(1, 'Sample Voting', 'Sample only', 1),
(3, 'Test Voting', 'Test Only', 0);

-- --------------------------------------------------------

--
-- Table structure for table `voting_opt`
--

CREATE TABLE `voting_opt` (
  `id` int(30) NOT NULL,
  `voting_id` int(30) NOT NULL,
  `category_id` int(30) NOT NULL,
  `image_path` text NOT NULL,
  `opt_txt` text NOT NULL
) ENGINE=InnoDB DEFAULT CHARSET=utf8mb4;

--
-- Dumping data for table `voting_opt`
--

INSERT INTO `voting_opt` (`id`, `voting_id`, `category_id`, `image_path`, `opt_txt`) VALUES
(1, 1, 1, '1600398180_no-image-available.png', 'James Smith'),
(3, 1, 1, '1600415460_avatar2.png', 'James Wilson'),
(5, 1, 3, '1600415520_avatar.jpg', 'George Walker'),
(6, 1, 4, '1600400340_no-image-available.png', 'Cadidate 1'),
(7, 1, 4, '1600400340_no-image-available.png', 'Cadidate 2'),
(8, 1, 4, '1600400340_no-image-available.png', 'Cadidate 3'),
(9, 1, 4, '1600400520_no-image-available.png', 'Cadidate  4'),
(10, 1, 4, '1600400640_no-image-available.png', 'Cadidate 5'),
(11, 1, 4, '1600400400_no-image-available.png', 'Cadidate 6'),
(12, 1, 3, '1600415520_no-image-available.png', 'Claire Blake');

--
-- Indexes for dumped tables
--

--
-- Indexes for table `category_list`
--
ALTER TABLE `category_list`
  ADD PRIMARY KEY (`id`);

--
-- Indexes for table `users`
--
ALTER TABLE `users`
  ADD PRIMARY KEY (`id`);

--
-- Indexes for table `votes`
--
ALTER TABLE `votes`
  ADD PRIMARY KEY (`id`);

--
-- Indexes for table `voting_cat_settings`
--
ALTER TABLE `voting_cat_settings`
  ADD PRIMARY KEY (`id`);

--
-- Indexes for table `voting_list`
--
ALTER TABLE `voting_list`
  ADD PRIMARY KEY (`id`);

--
-- Indexes for table `voting_opt`
--
ALTER TABLE `voting_opt`
  ADD PRIMARY KEY (`id`);

--
-- AUTO_INCREMENT for dumped tables
--

--
-- AUTO_INCREMENT for table `category_list`
--
ALTER TABLE `category_list`
  MODIFY `id` int(30) NOT NULL AUTO_INCREMENT, AUTO_INCREMENT=5;

--
-- AUTO_INCREMENT for table `users`
--
ALTER TABLE `users`
  MODIFY `id` int(30) NOT NULL AUTO_INCREMENT, AUTO_INCREMENT=5;

--
-- AUTO_INCREMENT for table `votes`
--
ALTER TABLE `votes`
  MODIFY `id` int(30) NOT NULL AUTO_INCREMENT, AUTO_INCREMENT=13;

--
-- AUTO_INCREMENT for table `voting_cat_settings`
--
ALTER TABLE `voting_cat_settings`
  MODIFY `id` int(30) NOT NULL AUTO_INCREMENT, AUTO_INCREMENT=4;

--
-- AUTO_INCREMENT for table `voting_list`
--
ALTER TABLE `voting_list`
  MODIFY `id` int(30) NOT NULL AUTO_INCREMENT, AUTO_INCREMENT=4;

--
-- AUTO_INCREMENT for table `voting_opt`
--
ALTER TABLE `voting_opt`
  MODIFY `id` int(30) NOT NULL AUTO_INCREMENT, AUTO_INCREMENT=13;
--
-- Database: `wthree_database`
--
CREATE DATABASE IF NOT EXISTS `wthree_database` DEFAULT CHARACTER SET utf8mb4 COLLATE utf8mb4_general_ci;
USE `wthree_database`;

-- --------------------------------------------------------

--
-- Table structure for table `myguests`
--

CREATE TABLE `myguests` (
  `id` int(11) NOT NULL,
  `firstname` varchar(150) NOT NULL,
  `lastname` varchar(150) NOT NULL,
  `email` varchar(255) NOT NULL
) ENGINE=InnoDB DEFAULT CHARSET=utf8mb4;

--
-- Indexes for dumped tables
--

--
-- Indexes for table `myguests`
--
ALTER TABLE `myguests`
  ADD PRIMARY KEY (`id`);

--
-- AUTO_INCREMENT for dumped tables
--

--
-- AUTO_INCREMENT for table `myguests`
--
ALTER TABLE `myguests`
  MODIFY `id` int(11) NOT NULL AUTO_INCREMENT;
COMMIT;

/*!40101 SET CHARACTER_SET_CLIENT=@OLD_CHARACTER_SET_CLIENT */;
/*!40101 SET CHARACTER_SET_RESULTS=@OLD_CHARACTER_SET_RESULTS */;
/*!40101 SET COLLATION_CONNECTION=@OLD_COLLATION_CONNECTION */;
